gmake[1]: Entering directory '/Users/joeyc/dev/scratch/turbo-backup/go-utilpkg'
tournament: schema=1
tournament: meta=head=466b53640befe9ca67b17a6ef8df2cf515d218ae
tournament: meta=source-state=clean
tournament: meta=go-version=go version go1.26.5 darwin/arm64
tournament: meta=sample-count=5
tournament: meta=manifest-git-blob=3f4195c91a05859b3bfb2987db0898a46a7b7175
tournament: meta=goja-fork-version=
tournament: meta=goja-nodejs-version=v0.0.0-20260508000000-6add961f94bd
tournament: meta=source-fingerprint=920fd12adfe1307e273962b190dfdfe4c0b0eae78002054f63fb0a8b4c40052f
Compiling tournament components for darwin/arm64
Compiling tournament components for darwin/amd64
Compiling tournament components for linux/arm64
Compiling tournament components for linux/amd64
Compiling tournament components for windows/arm64
Compiling tournament components for windows/amd64
Compiling tournament components for js/wasm
Compiling tournament components for wasip1/wasm
Compiling tournament components for plan9/amd64
go -C /Users/joeyc/dev/scratch/turbo-backup/go-utilpkg/eventloop test  ./internal/tournamentmeta
ok  	github.com/joeycumines/go-eventloop/internal/tournamentmeta	11.430s
PYTHONDONTWRITEBYTECODE=1 python3 -m unittest \
	eventloop.docs.tournament.parse_benchmarks_test \
	eventloop.docs.tournament.protocol_identity_test \
	eventloop.docs.tournament.timer_workload_digest_test
...................................
----------------------------------------------------------------------
Ran 35 tests in 32.826s

OK
go -C /Users/joeyc/dev/scratch/turbo-backup/go-utilpkg/eventloop test -count=1 -timeout=30m ./internal/...
ok  	github.com/joeycumines/go-eventloop/internal/alternateone	0.468s
ok  	github.com/joeycumines/go-eventloop/internal/alternatethree	0.868s
ok  	github.com/joeycumines/go-eventloop/internal/alternatetwo	1.223s
?   	github.com/joeycumines/go-eventloop/internal/eventlooptest	[no test files]
ok  	github.com/joeycumines/go-eventloop/internal/libuvbaseline	2.008s
ok  	github.com/joeycumines/go-eventloop/internal/promisealtfive	1.607s
ok  	github.com/joeycumines/go-eventloop/internal/promisealtfour	2.841s
ok  	github.com/joeycumines/go-eventloop/internal/promisealtone	2.470s
ok  	github.com/joeycumines/go-eventloop/internal/promisealtthree	3.238s
ok  	github.com/joeycumines/go-eventloop/internal/promisealttwo	3.519s
ok  	github.com/joeycumines/go-eventloop/internal/promisetournament	3.838s [no tests to run]
ok  	github.com/joeycumines/go-eventloop/internal/tournamentmeta	12.715s
ok  	github.com/joeycumines/go-eventloop/internal/tournamenttest	3.751s
go -C /Users/joeyc/dev/scratch/turbo-backup/go-utilpkg/eventloop/internal/tournament test -count=1 -timeout=30m ./...
ok  	github.com/joeycumines/go-eventloop/internal/tournament	47.035s
ok  	github.com/joeycumines/go-eventloop/internal/tournament/component	3.326s
ok  	github.com/joeycumines/go-eventloop/internal/tournament/component/ingresschunkfree	1.674s
ok  	github.com/joeycumines/go-eventloop/internal/tournament/component/ingresssliceswap	2.043s
ok  	github.com/joeycumines/go-eventloop/internal/tournament/component/pollerarray	2.423s
ok  	github.com/joeycumines/go-eventloop/internal/tournament/component/pollerbounded	0.210s
ok  	github.com/joeycumines/go-eventloop/internal/tournament/component/pollerdynamic	0.598s
ok  	github.com/joeycumines/go-eventloop/internal/tournament/component/pollerfixed	0.988s
ok  	github.com/joeycumines/go-eventloop/internal/tournament/component/pollerfixedtoken	3.703s
ok  	github.com/joeycumines/go-eventloop/internal/tournament/component/pollermap	2.933s
ok  	github.com/joeycumines/go-eventloop/internal/tournament/component/timerbucket27	3.875s
ok  	github.com/joeycumines/go-eventloop/internal/tournament/component/timerbucketcurrent	3.867s
ok  	github.com/joeycumines/go-eventloop/internal/tournament/component/timerbucketretire	3.853s
ok  	github.com/joeycumines/go-eventloop/internal/tournament/component/timerheapdeadline	3.571s
ok  	github.com/joeycumines/go-eventloop/internal/tournament/component/timerheapdefer	3.596s
ok  	github.com/joeycumines/go-eventloop/internal/tournament/component/timerheapref	3.598s
ok  	github.com/joeycumines/go-eventloop/internal/tournament/component/timerheapstall	3.479s
ok  	github.com/joeycumines/go-eventloop/internal/tournament/component/timerrefalwayssubmit	3.463s
ok  	github.com/joeycumines/go-eventloop/internal/tournament/component/timerrefclosure0bc	3.603s
ok  	github.com/joeycumines/go-eventloop/internal/tournament/component/timerrefclosure0def	3.557s
ok  	github.com/joeycumines/go-eventloop/internal/tournament/component/timerrefclosure802	3.580s
ok  	github.com/joeycumines/go-eventloop/internal/tournament/component/timerrefclosureawake	3.517s
ok  	github.com/joeycumines/go-eventloop/internal/tournament/component/timerrefclosureb77	85.634s
ok  	github.com/joeycumines/go-eventloop/internal/tournament/component/timerrefclosurecc	85.627s
ok  	github.com/joeycumines/go-eventloop/internal/tournament/component/timerrefclosuregated	3.492s
ok  	github.com/joeycumines/go-eventloop/internal/tournament/component/timerrefclosuresimple	3.476s
ok  	github.com/joeycumines/go-eventloop/internal/tournament/component/timerrefint32	3.484s
ok  	github.com/joeycumines/go-eventloop/internal/tournament/component/timerrefint64	3.336s
ok  	github.com/joeycumines/go-eventloop/internal/tournament/component/timerrefownersubmit	3.786s
ok  	github.com/joeycumines/go-eventloop/internal/tournament/component/timerrefrwmutex	3.775s
ok  	github.com/joeycumines/go-eventloop/internal/tournament/component/timerrefsyncmap	4.166s
ok  	github.com/joeycumines/go-eventloop/internal/tournament/component/timervalueone	3.399s
ok  	github.com/joeycumines/go-eventloop/internal/tournament/component/timervaluethree	3.402s
eventloop: lane=product
go -C /Users/joeyc/dev/scratch/turbo-backup/go-utilpkg/eventloop test -bench='^Benchmark(AutoExitImmediate|AutoExitImmediateCancelableContext|ConcurrentSubmissionWakeIntegration|EventTargetDispatchEmptyReusedEvent|EventTargetDispatchFreshEvent|EventTargetDispatchParallelDistinctEvents|EventTargetDispatchParallelDistinctEventsControl|EventTargetDispatchReusedEvent|EventTargetListenerConstruction|EventTargetListenerRegistrationWithLiveSet|FDReadinessDispatchHighCount|FDReadinessDispatchSingle|IdleWakeRecoveryTurnCost|JSAdapterRegistrationLiveSet|LargeDeadlineList|MetricsCollection|MetricsHotPath|MetricsHotPathSnapshot|MicrotaskLatency|MicrotaskScheduleExternal|MicrotaskScheduleLoopThread|MixedWorkload|NextTickRecursiveDrain|NextTickScheduleExternal|NextTickScheduleLoopThread|NoMetrics|PromiseAllFixedArityEndToEnd|PromiseAllSettledFixedArityEndToEnd|PromiseAnyFixedArityEndToEnd|PromiseCreation|PromiseDepthThreeEndToEnd|PromiseRaceFixedArityEndToEnd|PromiseReactionEndToEnd|PromiseSettleNoHandler|PromisifyCompletionEndToEnd|RetentionBoundary|RetentionPostBurstSteady|RetentionPublicSubmissionTerminal|RetentionWarmedSteady|SchedulerInternalExternalBurst|SchedulerPriorityLatency|SetImmediateBurst|SetIntervalSteadyTicks|SparseFDRegistration|SubmitInternalChainHandoff|SubmitLatency|TimerCancelScale|TimerLatency|TimerScheduleRandomDeadlines|TimerScheduleSameDeadline100K)$' -benchmem -count=5 -run='^$' -benchtime=1s -timeout=30m .
goos: darwin
goarch: arm64
pkg: github.com/joeycumines/go-eventloop
cpu: Apple M2 Pro
BenchmarkAutoExitImmediate-10                                   	  188601	      6238 ns/op	   20154 B/op	      33 allocs/op
BenchmarkAutoExitImmediate-10                                   	  184394	      6048 ns/op	   20152 B/op	      33 allocs/op
BenchmarkAutoExitImmediate-10                                   	  199809	      5714 ns/op	   20152 B/op	      33 allocs/op
BenchmarkAutoExitImmediate-10                                   	  208648	      5705 ns/op	   20152 B/op	      33 allocs/op
BenchmarkAutoExitImmediate-10                                   	  195512	      5787 ns/op	   20152 B/op	      33 allocs/op
BenchmarkAutoExitImmediateCancelableContext-10                  	  195602	      5766 ns/op	   20152 B/op	      33 allocs/op
BenchmarkAutoExitImmediateCancelableContext-10                  	  206889	      5836 ns/op	   20152 B/op	      33 allocs/op
BenchmarkAutoExitImmediateCancelableContext-10                  	  205531	      5728 ns/op	   20152 B/op	      33 allocs/op
BenchmarkAutoExitImmediateCancelableContext-10                  	  203359	      5918 ns/op	   20152 B/op	      33 allocs/op
BenchmarkAutoExitImmediateCancelableContext-10                  	  204315	      5728 ns/op	   20152 B/op	      33 allocs/op
BenchmarkEventTargetDispatchReusedEvent-10                      	18960054	        63.13 ns/op	       0 B/op	       0 allocs/op
BenchmarkEventTargetDispatchReusedEvent-10                      	19004631	        63.07 ns/op	       0 B/op	       0 allocs/op
BenchmarkEventTargetDispatchReusedEvent-10                      	18994742	        63.27 ns/op	       0 B/op	       0 allocs/op
BenchmarkEventTargetDispatchReusedEvent-10                      	18918828	        63.11 ns/op	       0 B/op	       0 allocs/op
BenchmarkEventTargetDispatchReusedEvent-10                      	19060754	        63.13 ns/op	       0 B/op	       0 allocs/op
BenchmarkEventTargetDispatchFreshEvent-10                       	17079337	        70.75 ns/op	      48 B/op	       1 allocs/op
BenchmarkEventTargetDispatchFreshEvent-10                       	16990729	        70.64 ns/op	      48 B/op	       1 allocs/op
BenchmarkEventTargetDispatchFreshEvent-10                       	17058488	        70.53 ns/op	      48 B/op	       1 allocs/op
BenchmarkEventTargetDispatchFreshEvent-10                       	16983144	        70.56 ns/op	      48 B/op	       1 allocs/op
BenchmarkEventTargetDispatchFreshEvent-10                       	16995531	        71.31 ns/op	      48 B/op	       1 allocs/op
BenchmarkEventTargetDispatchEmptyReusedEvent-10                 	33455692	        35.13 ns/op	       0 B/op	       0 allocs/op
BenchmarkEventTargetDispatchEmptyReusedEvent-10                 	34034305	        35.20 ns/op	       0 B/op	       0 allocs/op
BenchmarkEventTargetDispatchEmptyReusedEvent-10                 	34061798	        35.23 ns/op	       0 B/op	       0 allocs/op
BenchmarkEventTargetDispatchEmptyReusedEvent-10                 	34141587	        35.19 ns/op	       0 B/op	       0 allocs/op
BenchmarkEventTargetDispatchEmptyReusedEvent-10                 	34319420	        35.08 ns/op	       0 B/op	       0 allocs/op
BenchmarkEventTargetDispatchParallelDistinctEvents-10           	 3143575	       383.4 ns/op	       0 B/op	       0 allocs/op
BenchmarkEventTargetDispatchParallelDistinctEvents-10           	 3092096	       383.7 ns/op	       0 B/op	       0 allocs/op
BenchmarkEventTargetDispatchParallelDistinctEvents-10           	 3117122	       386.7 ns/op	       0 B/op	       0 allocs/op
BenchmarkEventTargetDispatchParallelDistinctEvents-10           	 3064522	       389.4 ns/op	       0 B/op	       0 allocs/op
BenchmarkEventTargetDispatchParallelDistinctEvents-10           	 3117553	       387.6 ns/op	       0 B/op	       0 allocs/op
BenchmarkEventTargetDispatchParallelDistinctEventsControl-10    	 1345552	       894.1 ns/op	       0 B/op	       0 allocs/op
BenchmarkEventTargetDispatchParallelDistinctEventsControl-10    	 1333372	       886.7 ns/op	       0 B/op	       0 allocs/op
BenchmarkEventTargetDispatchParallelDistinctEventsControl-10    	 1343770	       895.9 ns/op	       0 B/op	       0 allocs/op
BenchmarkEventTargetDispatchParallelDistinctEventsControl-10    	 1342467	       894.6 ns/op	       0 B/op	       0 allocs/op
BenchmarkEventTargetDispatchParallelDistinctEventsControl-10    	 1342347	       904.6 ns/op	       0 B/op	       0 allocs/op
BenchmarkEventTargetListenerRegistrationWithLiveSet/0-10        	14749284	        81.92 ns/op	      32 B/op	       2 allocs/op
BenchmarkEventTargetListenerRegistrationWithLiveSet/0-10        	14636035	        82.91 ns/op	      32 B/op	       2 allocs/op
BenchmarkEventTargetListenerRegistrationWithLiveSet/0-10        	14715980	        82.09 ns/op	      32 B/op	       2 allocs/op
BenchmarkEventTargetListenerRegistrationWithLiveSet/0-10        	14591749	        82.04 ns/op	      32 B/op	       2 allocs/op
BenchmarkEventTargetListenerRegistrationWithLiveSet/0-10        	14788750	        81.78 ns/op	      32 B/op	       2 allocs/op
BenchmarkEventTargetListenerRegistrationWithLiveSet/100-10      	14998952	        80.17 ns/op	      32 B/op	       2 allocs/op
BenchmarkEventTargetListenerRegistrationWithLiveSet/100-10      	15101193	        80.21 ns/op	      32 B/op	       2 allocs/op
BenchmarkEventTargetListenerRegistrationWithLiveSet/100-10      	14785896	        82.52 ns/op	      32 B/op	       2 allocs/op
BenchmarkEventTargetListenerRegistrationWithLiveSet/100-10      	14123704	        86.12 ns/op	      32 B/op	       2 allocs/op
BenchmarkEventTargetListenerRegistrationWithLiveSet/100-10      	14458513	        86.45 ns/op	      32 B/op	       2 allocs/op
BenchmarkEventTargetListenerRegistrationWithLiveSet/1000-10     	14676033	        82.43 ns/op	      32 B/op	       2 allocs/op
BenchmarkEventTargetListenerRegistrationWithLiveSet/1000-10     	14546805	        81.45 ns/op	      32 B/op	       2 allocs/op
BenchmarkEventTargetListenerRegistrationWithLiveSet/1000-10     	15110281	        80.26 ns/op	      32 B/op	       2 allocs/op
BenchmarkEventTargetListenerRegistrationWithLiveSet/1000-10     	14983813	        79.97 ns/op	      32 B/op	       2 allocs/op
BenchmarkEventTargetListenerRegistrationWithLiveSet/1000-10     	14961264	        81.80 ns/op	      32 B/op	       2 allocs/op
BenchmarkEventTargetListenerRegistrationWithLiveSet/10000-10    	14108199	        82.74 ns/op	      32 B/op	       2 allocs/op
BenchmarkEventTargetListenerRegistrationWithLiveSet/10000-10    	14807053	        81.11 ns/op	      32 B/op	       2 allocs/op
BenchmarkEventTargetListenerRegistrationWithLiveSet/10000-10    	14782435	        81.17 ns/op	      32 B/op	       2 allocs/op
BenchmarkEventTargetListenerRegistrationWithLiveSet/10000-10    	14068393	        85.87 ns/op	      32 B/op	       2 allocs/op
BenchmarkEventTargetListenerRegistrationWithLiveSet/10000-10    	14524261	        83.88 ns/op	      32 B/op	       2 allocs/op
BenchmarkEventTargetListenerConstruction/100-10                 	  229843	      4946 ns/op	    4584 B/op	     138 allocs/op
BenchmarkEventTargetListenerConstruction/100-10                 	  249513	      4902 ns/op	    4584 B/op	     138 allocs/op
BenchmarkEventTargetListenerConstruction/100-10                 	  245893	      4924 ns/op	    4584 B/op	     138 allocs/op
BenchmarkEventTargetListenerConstruction/100-10                 	  242785	      4896 ns/op	    4584 B/op	     138 allocs/op
BenchmarkEventTargetListenerConstruction/100-10                 	  249477	      4924 ns/op	    4584 B/op	     138 allocs/op
BenchmarkEventTargetListenerConstruction/1000-10                	   30686	     38982 ns/op	   39624 B/op	    1059 allocs/op
BenchmarkEventTargetListenerConstruction/1000-10                	   30784	     38969 ns/op	   39624 B/op	    1059 allocs/op
BenchmarkEventTargetListenerConstruction/1000-10                	   30861	     39331 ns/op	   39624 B/op	    1059 allocs/op
BenchmarkEventTargetListenerConstruction/1000-10                	   30578	     39131 ns/op	   39624 B/op	    1059 allocs/op
BenchmarkEventTargetListenerConstruction/1000-10                	   30604	     39130 ns/op	   39624 B/op	    1059 allocs/op
BenchmarkEventTargetListenerConstruction/5000-10                	    6210	    191834 ns/op	  243144 B/op	    5080 allocs/op
BenchmarkEventTargetListenerConstruction/5000-10                	    6332	    206606 ns/op	  243144 B/op	    5080 allocs/op
BenchmarkEventTargetListenerConstruction/5000-10                	    5974	    199069 ns/op	  243145 B/op	    5080 allocs/op
BenchmarkEventTargetListenerConstruction/5000-10                	    6331	    194804 ns/op	  243144 B/op	    5080 allocs/op
BenchmarkEventTargetListenerConstruction/5000-10                	    6136	    194857 ns/op	  243145 B/op	    5080 allocs/op
BenchmarkEventTargetListenerConstruction/10000-10               	    3195	    376636 ns/op	  449162 B/op	   10087 allocs/op
BenchmarkEventTargetListenerConstruction/10000-10               	    3187	    374311 ns/op	  449163 B/op	   10087 allocs/op
BenchmarkEventTargetListenerConstruction/10000-10               	    3205	    372166 ns/op	  449162 B/op	   10087 allocs/op
BenchmarkEventTargetListenerConstruction/10000-10               	    3195	    374487 ns/op	  449162 B/op	   10087 allocs/op
BenchmarkEventTargetListenerConstruction/10000-10               	    3252	    372861 ns/op	  449162 B/op	   10087 allocs/op
BenchmarkFDReadinessDispatchSingle-10                           	   97875	     13980 ns/op	      24 B/op	       1 allocs/op
BenchmarkFDReadinessDispatchSingle-10                           	  109862	     10988 ns/op	      24 B/op	       1 allocs/op
BenchmarkFDReadinessDispatchSingle-10                           	   93327	     11041 ns/op	      24 B/op	       1 allocs/op
BenchmarkFDReadinessDispatchSingle-10                           	  107436	     13990 ns/op	      24 B/op	       1 allocs/op
BenchmarkFDReadinessDispatchSingle-10                           	  113503	     11837 ns/op	      24 B/op	       1 allocs/op
BenchmarkFDReadinessDispatchHighCount-10                        	     529	   2381743 ns/op	      1000 fds/op	   24024 B/op	    1000 allocs/op
BenchmarkFDReadinessDispatchHighCount-10                        	     548	   2279727 ns/op	      1000 fds/op	   24022 B/op	    1000 allocs/op
BenchmarkFDReadinessDispatchHighCount-10                        	     510	   2435122 ns/op	      1000 fds/op	   24024 B/op	    1000 allocs/op
BenchmarkFDReadinessDispatchHighCount-10                        	     506	   2443911 ns/op	      1000 fds/op	   24024 B/op	    1000 allocs/op
BenchmarkFDReadinessDispatchHighCount-10                        	     505	   2378626 ns/op	      1000 fds/op	   24024 B/op	    1000 allocs/op
BenchmarkSparseFDRegistration-10                                	  540603	      2217 ns/op	     112 B/op	       6 allocs/op
BenchmarkSparseFDRegistration-10                                	  542424	      2218 ns/op	     112 B/op	       6 allocs/op
BenchmarkSparseFDRegistration-10                                	  547567	      2219 ns/op	     112 B/op	       6 allocs/op
BenchmarkSparseFDRegistration-10                                	  533631	      2264 ns/op	     112 B/op	       6 allocs/op
BenchmarkSparseFDRegistration-10                                	  527640	      2253 ns/op	     112 B/op	       6 allocs/op
BenchmarkJSAdapterRegistrationLiveSet/64-10                     	 1525779	       809.9 ns/op	     904 B/op	      13 allocs/op
BenchmarkJSAdapterRegistrationLiveSet/64-10                     	 1518274	       805.2 ns/op	     904 B/op	      13 allocs/op
BenchmarkJSAdapterRegistrationLiveSet/64-10                     	 1509634	       805.7 ns/op	     904 B/op	      13 allocs/op
BenchmarkJSAdapterRegistrationLiveSet/64-10                     	 1534922	       780.8 ns/op	     904 B/op	      13 allocs/op
BenchmarkJSAdapterRegistrationLiveSet/64-10                     	 1510508	       792.3 ns/op	     904 B/op	      13 allocs/op
BenchmarkJSAdapterRegistrationLiveSet/1024-10                   	 1751096	       673.2 ns/op	     904 B/op	      13 allocs/op
BenchmarkJSAdapterRegistrationLiveSet/1024-10                   	 1763275	       687.5 ns/op	     904 B/op	      13 allocs/op
BenchmarkJSAdapterRegistrationLiveSet/1024-10                   	 1738789	       669.4 ns/op	     904 B/op	      13 allocs/op
BenchmarkJSAdapterRegistrationLiveSet/1024-10                   	 1805054	       658.9 ns/op	     904 B/op	      13 allocs/op
BenchmarkJSAdapterRegistrationLiveSet/1024-10                   	 1754182	       688.2 ns/op	     904 B/op	      13 allocs/op
BenchmarkMetricsCollection-10                                   	 1674210	       714.2 ns/op	       0 B/op	       0 allocs/op
BenchmarkMetricsCollection-10                                   	 1681580	       713.2 ns/op	       0 B/op	       0 allocs/op
BenchmarkMetricsCollection-10                                   	 1680252	       716.5 ns/op	       0 B/op	       0 allocs/op
BenchmarkMetricsCollection-10                                   	 1679246	       717.1 ns/op	       0 B/op	       0 allocs/op
BenchmarkMetricsCollection-10                                   	 1670984	       716.0 ns/op	       0 B/op	       0 allocs/op
BenchmarkNoMetrics-10                                           	 3616200	       331.7 ns/op	       0 B/op	       0 allocs/op
BenchmarkNoMetrics-10                                           	 3602444	       335.6 ns/op	       0 B/op	       0 allocs/op
BenchmarkNoMetrics-10                                           	 3573492	       342.8 ns/op	       0 B/op	       0 allocs/op
BenchmarkNoMetrics-10                                           	 3607738	       333.2 ns/op	       0 B/op	       0 allocs/op
BenchmarkNoMetrics-10                                           	 3599274	       331.7 ns/op	       0 B/op	       0 allocs/op
BenchmarkPromiseCreation-10                                     	21364795	        53.73 ns/op	      96 B/op	       3 allocs/op
BenchmarkPromiseCreation-10                                     	22824010	        53.71 ns/op	      96 B/op	       3 allocs/op
BenchmarkPromiseCreation-10                                     	22806045	        70.97 ns/op	      96 B/op	       3 allocs/op
BenchmarkPromiseCreation-10                                     	20683280	        53.31 ns/op	      96 B/op	       3 allocs/op
BenchmarkPromiseCreation-10                                     	21182778	        53.53 ns/op	      96 B/op	       3 allocs/op
BenchmarkPromiseSettleNoHandler-10                              	18452797	        66.99 ns/op	      96 B/op	       3 allocs/op
BenchmarkPromiseSettleNoHandler-10                              	17761452	        71.72 ns/op	      96 B/op	       3 allocs/op
BenchmarkPromiseSettleNoHandler-10                              	17195733	        67.97 ns/op	      96 B/op	       3 allocs/op
BenchmarkPromiseSettleNoHandler-10                              	17537481	        67.07 ns/op	      96 B/op	       3 allocs/op
BenchmarkPromiseSettleNoHandler-10                              	17689896	        68.37 ns/op	      96 B/op	       3 allocs/op
BenchmarkPromiseReactionEndToEnd-10                             	  255415	      4457 ns/op	     624 B/op	      19 allocs/op
BenchmarkPromiseReactionEndToEnd-10                             	  268526	      4455 ns/op	     621 B/op	      18 allocs/op
BenchmarkPromiseReactionEndToEnd-10                             	  258765	      4460 ns/op	     621 B/op	      18 allocs/op
BenchmarkPromiseReactionEndToEnd-10                             	  274556	      4450 ns/op	     624 B/op	      19 allocs/op
BenchmarkPromiseReactionEndToEnd-10                             	  262552	      4474 ns/op	     625 B/op	      19 allocs/op
BenchmarkPromiseDepthThreeEndToEnd-10                           	  229208	      5216 ns/op	     885 B/op	      23 allocs/op
BenchmarkPromiseDepthThreeEndToEnd-10                           	  226790	      5234 ns/op	     884 B/op	      23 allocs/op
BenchmarkPromiseDepthThreeEndToEnd-10                           	  223867	      5271 ns/op	     884 B/op	      23 allocs/op
BenchmarkPromiseDepthThreeEndToEnd-10                           	  235018	      5170 ns/op	     884 B/op	      23 allocs/op
BenchmarkPromiseDepthThreeEndToEnd-10                           	  237688	      5213 ns/op	     887 B/op	      23 allocs/op
BenchmarkPromiseAllFixedArityEndToEnd-10                        	  162823	      7315 ns/op	    2123 B/op	      51 allocs/op
BenchmarkPromiseAllFixedArityEndToEnd-10                        	  162933	      7288 ns/op	    2123 B/op	      51 allocs/op
BenchmarkPromiseAllFixedArityEndToEnd-10                        	  164131	      7303 ns/op	    2124 B/op	      51 allocs/op
BenchmarkPromiseAllFixedArityEndToEnd-10                        	  162763	      7429 ns/op	    2123 B/op	      51 allocs/op
BenchmarkPromiseAllFixedArityEndToEnd-10                        	  160518	      7235 ns/op	    2123 B/op	      51 allocs/op
BenchmarkPromiseRaceFixedArityEndToEnd-10                       	  160189	      7439 ns/op	    1670 B/op	      47 allocs/op
BenchmarkPromiseRaceFixedArityEndToEnd-10                       	  159318	     10126 ns/op	    1670 B/op	      47 allocs/op
BenchmarkPromiseRaceFixedArityEndToEnd-10                       	  144816	      7982 ns/op	    1668 B/op	      47 allocs/op
BenchmarkPromiseRaceFixedArityEndToEnd-10                       	  156799	      7549 ns/op	    1670 B/op	      47 allocs/op
BenchmarkPromiseRaceFixedArityEndToEnd-10                       	  159662	      7519 ns/op	    1670 B/op	      47 allocs/op
BenchmarkPromiseAllSettledFixedArityEndToEnd-10                 	  146083	      8228 ns/op	    3788 B/op	      59 allocs/op
BenchmarkPromiseAllSettledFixedArityEndToEnd-10                 	  148689	      8304 ns/op	    3789 B/op	      59 allocs/op
BenchmarkPromiseAllSettledFixedArityEndToEnd-10                 	  144996	      8353 ns/op	    3788 B/op	      59 allocs/op
BenchmarkPromiseAllSettledFixedArityEndToEnd-10                 	  144139	      8386 ns/op	    3788 B/op	      59 allocs/op
BenchmarkPromiseAllSettledFixedArityEndToEnd-10                 	  143623	      8338 ns/op	    3788 B/op	      59 allocs/op
BenchmarkPromiseAnyFixedArityEndToEnd-10                        	  153975	      7792 ns/op	    2103 B/op	      50 allocs/op
BenchmarkPromiseAnyFixedArityEndToEnd-10                        	  153741	      7746 ns/op	    2103 B/op	      50 allocs/op
BenchmarkPromiseAnyFixedArityEndToEnd-10                        	  154340	      7769 ns/op	    2103 B/op	      50 allocs/op
BenchmarkPromiseAnyFixedArityEndToEnd-10                        	  152593	      7752 ns/op	    2103 B/op	      50 allocs/op
BenchmarkPromiseAnyFixedArityEndToEnd-10                        	  155445	      7741 ns/op	    2103 B/op	      50 allocs/op
BenchmarkPromisifyCompletionEndToEnd-10                         	  235531	      5355 ns/op	     486 B/op	       9 allocs/op
BenchmarkPromisifyCompletionEndToEnd-10                         	  235156	      5424 ns/op	     487 B/op	       9 allocs/op
BenchmarkPromisifyCompletionEndToEnd-10                         	  225670	      5434 ns/op	     450 B/op	       9 allocs/op
BenchmarkPromisifyCompletionEndToEnd-10                         	  229960	      5452 ns/op	     489 B/op	       9 allocs/op
BenchmarkPromisifyCompletionEndToEnd-10                         	  223722	      5480 ns/op	     450 B/op	       9 allocs/op
BenchmarkSchedulerPriorityLatency-10                            	   29949	     40854 ns/op	         0 externals_before_internal/op	      3282 priority_latency_ns/op	    2096 B/op	      71 allocs/op
BenchmarkSchedulerPriorityLatency-10                            	   29829	     40930 ns/op	         0 externals_before_internal/op	      3329 priority_latency_ns/op	    2096 B/op	      71 allocs/op
BenchmarkSchedulerPriorityLatency-10                            	   29475	     40503 ns/op	         0 externals_before_internal/op	      3294 priority_latency_ns/op	    2096 B/op	      71 allocs/op
BenchmarkSchedulerPriorityLatency-10                            	   29436	     40329 ns/op	         0 externals_before_internal/op	      3316 priority_latency_ns/op	    2096 B/op	      71 allocs/op
BenchmarkSchedulerPriorityLatency-10                            	   29154	     40403 ns/op	         0 externals_before_internal/op	      3313 priority_latency_ns/op	    2096 B/op	      71 allocs/op
BenchmarkSubmitInternalChainHandoff-10                          	   51194	     23212 ns/op	        32.00 handoffs/op	     784 B/op	      33 allocs/op
BenchmarkSubmitInternalChainHandoff-10                          	   51444	     23435 ns/op	        32.00 handoffs/op	     784 B/op	      33 allocs/op
BenchmarkSubmitInternalChainHandoff-10                          	   51075	     23500 ns/op	        32.00 handoffs/op	     784 B/op	      33 allocs/op
BenchmarkSubmitInternalChainHandoff-10                          	   51364	     23504 ns/op	        32.00 handoffs/op	     784 B/op	      33 allocs/op
BenchmarkSubmitInternalChainHandoff-10                          	   51186	     23335 ns/op	        32.00 handoffs/op	     784 B/op	      33 allocs/op
BenchmarkSchedulerInternalExternalBurst-10                      	  449108	      2745 ns/op	      32 B/op	       2 allocs/op
BenchmarkSchedulerInternalExternalBurst-10                      	  432908	      2705 ns/op	      32 B/op	       2 allocs/op
BenchmarkSchedulerInternalExternalBurst-10                      	  430975	      2730 ns/op	      32 B/op	       2 allocs/op
BenchmarkSchedulerInternalExternalBurst-10                      	  429279	      2771 ns/op	      32 B/op	       2 allocs/op
BenchmarkSchedulerInternalExternalBurst-10                      	  439508	      2762 ns/op	      32 B/op	       2 allocs/op
BenchmarkRetentionWarmedSteady/function-queue-10                	214619283	         5.665 ns/op	       0 B/op	       0 allocs/op
BenchmarkRetentionWarmedSteady/function-queue-10                	216325580	         5.610 ns/op	       0 B/op	       0 allocs/op
BenchmarkRetentionWarmedSteady/function-queue-10                	207557649	         5.851 ns/op	       0 B/op	       0 allocs/op
BenchmarkRetentionWarmedSteady/function-queue-10                	215997429	         5.615 ns/op	       0 B/op	       0 allocs/op
BenchmarkRetentionWarmedSteady/function-queue-10                	212475247	         5.628 ns/op	       0 B/op	       0 allocs/op
BenchmarkRetentionWarmedSteady/command-ingress-10               	90683528	        13.26 ns/op	       0 B/op	       0 allocs/op
BenchmarkRetentionWarmedSteady/command-ingress-10               	89141178	        13.30 ns/op	       0 B/op	       0 allocs/op
BenchmarkRetentionWarmedSteady/command-ingress-10               	89824278	        13.33 ns/op	       0 B/op	       0 allocs/op
BenchmarkRetentionWarmedSteady/command-ingress-10               	89755695	        13.26 ns/op	       0 B/op	       0 allocs/op
BenchmarkRetentionWarmedSteady/command-ingress-10               	89960079	        13.30 ns/op	       0 B/op	       0 allocs/op
BenchmarkRetentionWarmedSteady/owner-check-10                   	221069335	         5.403 ns/op	       0 B/op	       0 allocs/op
BenchmarkRetentionWarmedSteady/owner-check-10                   	222115928	         5.418 ns/op	       0 B/op	       0 allocs/op
BenchmarkRetentionWarmedSteady/owner-check-10                   	220791354	         5.390 ns/op	       0 B/op	       0 allocs/op
BenchmarkRetentionWarmedSteady/owner-check-10                   	221799723	         5.413 ns/op	       0 B/op	       0 allocs/op
BenchmarkRetentionWarmedSteady/owner-check-10                   	221957602	         5.407 ns/op	       0 B/op	       0 allocs/op
BenchmarkRetentionWarmedSteady/mixed-check-10                   	33059672	        36.19 ns/op	       0 B/op	       0 allocs/op
BenchmarkRetentionWarmedSteady/mixed-check-10                   	33165510	        36.22 ns/op	       0 B/op	       0 allocs/op
BenchmarkRetentionWarmedSteady/mixed-check-10                   	33192228	        36.24 ns/op	       0 B/op	       0 allocs/op
BenchmarkRetentionWarmedSteady/mixed-check-10                   	33444310	        36.28 ns/op	       0 B/op	       0 allocs/op
BenchmarkRetentionWarmedSteady/mixed-check-10                   	33250437	        36.07 ns/op	       0 B/op	       0 allocs/op
BenchmarkRetentionBoundary/function-queue-10                    	   78231	     15330 ns/op	         0 retained-B	   48248 B/op	      13 allocs/op
BenchmarkRetentionBoundary/function-queue-10                    	   77731	     15255 ns/op	         0 retained-B	   48248 B/op	      13 allocs/op
BenchmarkRetentionBoundary/function-queue-10                    	   76957	     15608 ns/op	         0 retained-B	   48248 B/op	      13 allocs/op
BenchmarkRetentionBoundary/function-queue-10                    	   77583	     15259 ns/op	         0 retained-B	   48248 B/op	      13 allocs/op
BenchmarkRetentionBoundary/function-queue-10                    	   79926	     15216 ns/op	         0 retained-B	   48248 B/op	      13 allocs/op
BenchmarkRetentionBoundary/command-ingress-10                   	  153963	      8536 ns/op	         0 retained-B	   49008 B/op	       9 allocs/op
BenchmarkRetentionBoundary/command-ingress-10                   	  140467	      8995 ns/op	         0 retained-B	   49008 B/op	       9 allocs/op
BenchmarkRetentionBoundary/command-ingress-10                   	  132310	      8977 ns/op	         0 retained-B	   49008 B/op	       9 allocs/op
BenchmarkRetentionBoundary/command-ingress-10                   	  142122	      8793 ns/op	         0 retained-B	   49008 B/op	       9 allocs/op
BenchmarkRetentionBoundary/command-ingress-10                   	  134259	      8843 ns/op	         0 retained-B	   49008 B/op	       9 allocs/op
BenchmarkRetentionBoundary/owner-check-10                       	  129441	      9556 ns/op	         0 retained-B	   59368 B/op	      11 allocs/op
BenchmarkRetentionBoundary/owner-check-10                       	  129897	      9526 ns/op	         0 retained-B	   59368 B/op	      11 allocs/op
BenchmarkRetentionBoundary/owner-check-10                       	  122478	      9703 ns/op	         0 retained-B	   59368 B/op	      11 allocs/op
BenchmarkRetentionBoundary/owner-check-10                       	  124017	      9677 ns/op	         0 retained-B	   59368 B/op	      11 allocs/op
BenchmarkRetentionBoundary/owner-check-10                       	  123997	      9675 ns/op	         0 retained-B	   59368 B/op	      11 allocs/op
BenchmarkRetentionBoundary/registry-10                          	    1928	    613450 ns/op	  850236 B/op	     113 allocs/op
BenchmarkRetentionBoundary/registry-10                          	    1980	    614991 ns/op	  850235 B/op	     113 allocs/op
BenchmarkRetentionBoundary/registry-10                          	    1945	    618357 ns/op	  850236 B/op	     113 allocs/op
BenchmarkRetentionBoundary/registry-10                          	    1972	    620313 ns/op	  850236 B/op	     113 allocs/op
BenchmarkRetentionBoundary/registry-10                          	    1947	    619268 ns/op	  850235 B/op	     113 allocs/op
BenchmarkRetentionPostBurstSteady/function-queue-10             	213161887	         5.676 ns/op	       0 B/op	       0 allocs/op
BenchmarkRetentionPostBurstSteady/function-queue-10             	218592390	         5.551 ns/op	       0 B/op	       0 allocs/op
BenchmarkRetentionPostBurstSteady/function-queue-10             	217625898	         5.526 ns/op	       0 B/op	       0 allocs/op
BenchmarkRetentionPostBurstSteady/function-queue-10             	215089177	         5.530 ns/op	       0 B/op	       0 allocs/op
BenchmarkRetentionPostBurstSteady/function-queue-10             	217813531	         5.518 ns/op	       0 B/op	       0 allocs/op
BenchmarkRetentionPostBurstSteady/command-ingress-10            	88668858	        13.42 ns/op	       0 B/op	       0 allocs/op
BenchmarkRetentionPostBurstSteady/command-ingress-10            	88971817	        13.49 ns/op	       0 B/op	       0 allocs/op
BenchmarkRetentionPostBurstSteady/command-ingress-10            	88294801	        13.46 ns/op	       0 B/op	       0 allocs/op
BenchmarkRetentionPostBurstSteady/command-ingress-10            	88931707	        13.52 ns/op	       0 B/op	       0 allocs/op
BenchmarkRetentionPostBurstSteady/command-ingress-10            	88933902	        13.43 ns/op	       0 B/op	       0 allocs/op
BenchmarkRetentionPostBurstSteady/owner-check-10                	196672626	         6.224 ns/op	       0 B/op	       0 allocs/op
BenchmarkRetentionPostBurstSteady/owner-check-10                	186876008	         6.419 ns/op	       0 B/op	       0 allocs/op
BenchmarkRetentionPostBurstSteady/owner-check-10                	197294475	         6.098 ns/op	       0 B/op	       0 allocs/op
BenchmarkRetentionPostBurstSteady/owner-check-10                	196240134	         6.122 ns/op	       0 B/op	       0 allocs/op
BenchmarkRetentionPostBurstSteady/owner-check-10                	196635014	         6.100 ns/op	       0 B/op	       0 allocs/op
BenchmarkRetentionPostBurstSteady/registry-10                   	61507180	        20.46 ns/op	       0 B/op	       0 allocs/op
BenchmarkRetentionPostBurstSteady/registry-10                   	60451749	        20.57 ns/op	       0 B/op	       0 allocs/op
BenchmarkRetentionPostBurstSteady/registry-10                   	59889330	        20.07 ns/op	       0 B/op	       0 allocs/op
BenchmarkRetentionPostBurstSteady/registry-10                   	61495622	        19.70 ns/op	       0 B/op	       0 allocs/op
BenchmarkRetentionPostBurstSteady/registry-10                   	60423721	        20.06 ns/op	       0 B/op	       0 allocs/op
BenchmarkRetentionPublicSubmissionTerminal-10                   	   13844	     88773 ns/op	       187.0 callbacks/op	         0 retained-B/op	   74072 B/op	      58 allocs/op
BenchmarkRetentionPublicSubmissionTerminal-10                   	   13621	     88654 ns/op	       187.0 callbacks/op	         0 retained-B/op	   74072 B/op	      58 allocs/op
BenchmarkRetentionPublicSubmissionTerminal-10                   	   13491	     88514 ns/op	       187.0 callbacks/op	         0 retained-B/op	   74073 B/op	      58 allocs/op
BenchmarkRetentionPublicSubmissionTerminal-10                   	   13524	     89264 ns/op	       187.0 callbacks/op	         0 retained-B/op	   74073 B/op	      58 allocs/op
BenchmarkRetentionPublicSubmissionTerminal-10                   	   13533	     88480 ns/op	       187.0 callbacks/op	         0 retained-B/op	   74073 B/op	      58 allocs/op
BenchmarkSubmitLatency-10                                       	  709732	      1692 ns/op	      16 B/op	       1 allocs/op
BenchmarkSubmitLatency-10                                       	  681026	      1704 ns/op	      16 B/op	       1 allocs/op
BenchmarkSubmitLatency-10                                       	  698034	      1690 ns/op	      16 B/op	       1 allocs/op
BenchmarkSubmitLatency-10                                       	  709371	      1680 ns/op	      16 B/op	       1 allocs/op
BenchmarkSubmitLatency-10                                       	  696636	      1689 ns/op	      16 B/op	       1 allocs/op
BenchmarkMicrotaskLatency-10                                    	  379585	      3331 ns/op	     255 B/op	      11 allocs/op
BenchmarkMicrotaskLatency-10                                    	  338384	      3287 ns/op	     251 B/op	      10 allocs/op
BenchmarkMicrotaskLatency-10                                    	  328066	      3305 ns/op	     251 B/op	      10 allocs/op
BenchmarkMicrotaskLatency-10                                    	  381277	      3330 ns/op	     254 B/op	      10 allocs/op
BenchmarkMicrotaskLatency-10                                    	  353935	      3375 ns/op	     254 B/op	      10 allocs/op
BenchmarkTimerLatency-10                                        	  456290	      2601 ns/op	     128 B/op	       2 allocs/op
BenchmarkTimerLatency-10                                        	  457329	      2598 ns/op	     128 B/op	       2 allocs/op
BenchmarkTimerLatency-10                                        	  460574	      2592 ns/op	     128 B/op	       2 allocs/op
BenchmarkTimerLatency-10                                        	  470071	      2603 ns/op	     128 B/op	       2 allocs/op
BenchmarkTimerLatency-10                                        	  457513	      2599 ns/op	     128 B/op	       2 allocs/op
BenchmarkMixedWorkload-10                                       	 2489577	       501.5 ns/op	     112 B/op	       1 allocs/op
BenchmarkMixedWorkload-10                                       	 2470561	       486.8 ns/op	     112 B/op	       1 allocs/op
BenchmarkMixedWorkload-10                                       	 2472423	       488.4 ns/op	     108 B/op	       1 allocs/op
BenchmarkMixedWorkload-10                                       	 2497254	       511.1 ns/op	     115 B/op	       1 allocs/op
BenchmarkMixedWorkload-10                                       	 2223630	       482.0 ns/op	     112 B/op	       1 allocs/op
BenchmarkLargeDeadlineList-10                                   	  522910	      2288 ns/op	     240 B/op	       3 allocs/op
BenchmarkLargeDeadlineList-10                                   	  530875	      2294 ns/op	     240 B/op	       3 allocs/op
BenchmarkLargeDeadlineList-10                                   	  521528	      2300 ns/op	     240 B/op	       3 allocs/op
BenchmarkLargeDeadlineList-10                                   	  516187	      2287 ns/op	     240 B/op	       3 allocs/op
BenchmarkLargeDeadlineList-10                                   	  517672	      2290 ns/op	     240 B/op	       3 allocs/op
BenchmarkMicrotaskScheduleExternal-10                           	 7372514	       166.7 ns/op	     199 B/op	       0 allocs/op
BenchmarkMicrotaskScheduleExternal-10                           	 7255760	       165.1 ns/op	     200 B/op	       0 allocs/op
BenchmarkMicrotaskScheduleExternal-10                           	 7256034	       168.1 ns/op	     200 B/op	       0 allocs/op
BenchmarkMicrotaskScheduleExternal-10                           	 7266406	       204.0 ns/op	     225 B/op	       0 allocs/op
BenchmarkMicrotaskScheduleExternal-10                           	 6788995	       165.6 ns/op	     201 B/op	       0 allocs/op
BenchmarkMicrotaskScheduleLoopThread-10                         	32331068	        36.15 ns/op	      84 B/op	       0 allocs/op
BenchmarkMicrotaskScheduleLoopThread-10                         	36665802	        34.69 ns/op	      84 B/op	       0 allocs/op
BenchmarkMicrotaskScheduleLoopThread-10                         	34364343	        34.41 ns/op	      84 B/op	       0 allocs/op
BenchmarkMicrotaskScheduleLoopThread-10                         	32433052	        36.33 ns/op	      84 B/op	       0 allocs/op
BenchmarkMicrotaskScheduleLoopThread-10                         	32850912	        36.45 ns/op	      84 B/op	       0 allocs/op
BenchmarkNextTickScheduleExternal-10                            	 7422859	       163.4 ns/op	     197 B/op	       0 allocs/op
BenchmarkNextTickScheduleExternal-10                            	 7244677	       163.6 ns/op	     199 B/op	       0 allocs/op
BenchmarkNextTickScheduleExternal-10                            	 7395015	       161.5 ns/op	     196 B/op	       0 allocs/op
BenchmarkNextTickScheduleExternal-10                            	 7282712	       161.7 ns/op	     196 B/op	       0 allocs/op
BenchmarkNextTickScheduleExternal-10                            	 7374139	       161.7 ns/op	     196 B/op	       0 allocs/op
BenchmarkNextTickScheduleLoopThread-10                          	52211461	        22.27 ns/op	      42 B/op	       0 allocs/op
BenchmarkNextTickScheduleLoopThread-10                          	55010858	        22.27 ns/op	      42 B/op	       0 allocs/op
BenchmarkNextTickScheduleLoopThread-10                          	54878366	        22.40 ns/op	      42 B/op	       0 allocs/op
BenchmarkNextTickScheduleLoopThread-10                          	53934195	        22.75 ns/op	      42 B/op	       0 allocs/op
BenchmarkNextTickScheduleLoopThread-10                          	54011581	        22.50 ns/op	      42 B/op	       0 allocs/op
BenchmarkNextTickRecursiveDrain-10                              	29675392	        40.81 ns/op	       0 B/op	       0 allocs/op
BenchmarkNextTickRecursiveDrain-10                              	29675272	        40.74 ns/op	       0 B/op	       0 allocs/op
BenchmarkNextTickRecursiveDrain-10                              	29417923	        40.66 ns/op	       0 B/op	       0 allocs/op
BenchmarkNextTickRecursiveDrain-10                              	29599084	        40.62 ns/op	       0 B/op	       0 allocs/op
BenchmarkNextTickRecursiveDrain-10                              	29591059	        40.81 ns/op	       0 B/op	       0 allocs/op
BenchmarkTimerScheduleSameDeadline100K-10                       	      97	  12435397 ns/op	    100000 timers/op	16005896 B/op	  101400 allocs/op
BenchmarkTimerScheduleSameDeadline100K-10                       	      96	  12136332 ns/op	    100000 timers/op	15974548 B/op	  101155 allocs/op
BenchmarkTimerScheduleSameDeadline100K-10                       	      96	  12690093 ns/op	    100000 timers/op	15974484 B/op	  101153 allocs/op
BenchmarkTimerScheduleSameDeadline100K-10                       	      97	  12673812 ns/op	    100000 timers/op	15948958 B/op	  100956 allocs/op
BenchmarkTimerScheduleSameDeadline100K-10                       	      94	  12706589 ns/op	    100000 timers/op	16027921 B/op	  101572 allocs/op
BenchmarkTimerScheduleRandomDeadlines-10                        	 2788905	       521.7 ns/op	     419 B/op	       2 allocs/op
BenchmarkTimerScheduleRandomDeadlines-10                        	 3010364	       506.9 ns/op	     409 B/op	       2 allocs/op
BenchmarkTimerScheduleRandomDeadlines-10                        	 2775098	       521.8 ns/op	     409 B/op	       2 allocs/op
BenchmarkTimerScheduleRandomDeadlines-10                        	 2990899	       525.5 ns/op	     413 B/op	       2 allocs/op
BenchmarkTimerScheduleRandomDeadlines-10                        	 2749099	       500.5 ns/op	     419 B/op	       2 allocs/op
BenchmarkTimerCancelScale-10                                    	 8500102	       244.1 ns/op	      76 B/op	       0 allocs/op
BenchmarkTimerCancelScale-10                                    	 8075868	       239.1 ns/op	      82 B/op	       0 allocs/op
BenchmarkTimerCancelScale-10                                    	 8525504	       252.5 ns/op	      87 B/op	       0 allocs/op
BenchmarkTimerCancelScale-10                                    	 8065364	       244.7 ns/op	      78 B/op	       0 allocs/op
BenchmarkTimerCancelScale-10                                    	 6552442	       225.7 ns/op	      68 B/op	       0 allocs/op
BenchmarkSetIntervalSteadyTicks-10                              	 1000000	      1191 ns/op	       0 B/op	       0 allocs/op
BenchmarkSetIntervalSteadyTicks-10                              	  989132	      1172 ns/op	       0 B/op	       0 allocs/op
BenchmarkSetIntervalSteadyTicks-10                              	 1000000	      1083 ns/op	       0 B/op	       0 allocs/op
BenchmarkSetIntervalSteadyTicks-10                              	 1000000	      1036 ns/op	       0 B/op	       0 allocs/op
BenchmarkSetIntervalSteadyTicks-10                              	 1000000	      1173 ns/op	       0 B/op	       0 allocs/op
BenchmarkSetImmediateBurst-10                                   	 1306746	       868.6 ns/op	     364 B/op	       3 allocs/op
BenchmarkSetImmediateBurst-10                                   	 1391260	       930.0 ns/op	     373 B/op	       3 allocs/op
BenchmarkSetImmediateBurst-10                                   	 1374350	       895.2 ns/op	     367 B/op	       3 allocs/op
BenchmarkSetImmediateBurst-10                                   	 1360992	       902.7 ns/op	     386 B/op	       3 allocs/op
BenchmarkSetImmediateBurst-10                                   	 1320747	       861.4 ns/op	     371 B/op	       3 allocs/op
BenchmarkMetricsHotPath-10                                      	 9005954	       133.2 ns/op	       0 B/op	       0 allocs/op
BenchmarkMetricsHotPath-10                                      	 9009010	       133.0 ns/op	       0 B/op	       0 allocs/op
BenchmarkMetricsHotPath-10                                      	 8970528	       133.7 ns/op	       0 B/op	       0 allocs/op
BenchmarkMetricsHotPath-10                                      	 8988786	       133.4 ns/op	       0 B/op	       0 allocs/op
BenchmarkMetricsHotPath-10                                      	 8985684	       133.1 ns/op	       0 B/op	       0 allocs/op
BenchmarkMetricsHotPathSnapshot-10                              	 7699933	       153.5 ns/op	     144 B/op	       1 allocs/op
BenchmarkMetricsHotPathSnapshot-10                              	 7785732	       152.4 ns/op	     144 B/op	       1 allocs/op
BenchmarkMetricsHotPathSnapshot-10                              	 7869754	       153.8 ns/op	     144 B/op	       1 allocs/op
BenchmarkMetricsHotPathSnapshot-10                              	 7741522	       153.2 ns/op	     144 B/op	       1 allocs/op
BenchmarkMetricsHotPathSnapshot-10                              	 7897754	       151.8 ns/op	     144 B/op	       1 allocs/op
BenchmarkIdleWakeRecoveryTurnCost/empty-native-poll-turn-10     	   97190	     12444 ns/op	       0 B/op	       0 allocs/op
BenchmarkIdleWakeRecoveryTurnCost/empty-native-poll-turn-10     	   96450	     12532 ns/op	       0 B/op	       0 allocs/op
BenchmarkIdleWakeRecoveryTurnCost/empty-native-poll-turn-10     	   95844	     12495 ns/op	       0 B/op	       0 allocs/op
BenchmarkIdleWakeRecoveryTurnCost/empty-native-poll-turn-10     	   95335	     12572 ns/op	       0 B/op	       0 allocs/op
BenchmarkIdleWakeRecoveryTurnCost/empty-native-poll-turn-10     	   96463	     12461 ns/op	       0 B/op	       0 allocs/op
BenchmarkIdleWakeRecoveryTurnCost/empty-fast-channel-probe-10   	334601487	         3.588 ns/op	       0 B/op	       0 allocs/op
BenchmarkIdleWakeRecoveryTurnCost/empty-fast-channel-probe-10   	334316587	         3.588 ns/op	       0 B/op	       0 allocs/op
BenchmarkIdleWakeRecoveryTurnCost/empty-fast-channel-probe-10   	335005608	         3.579 ns/op	       0 B/op	       0 allocs/op
BenchmarkIdleWakeRecoveryTurnCost/empty-fast-channel-probe-10   	335051246	         3.577 ns/op	       0 B/op	       0 allocs/op
BenchmarkIdleWakeRecoveryTurnCost/empty-fast-channel-probe-10   	335861076	         3.577 ns/op	       0 B/op	       0 allocs/op
BenchmarkConcurrentSubmissionWakeIntegration-10                 	 4264377	       258.2 ns/op	     268 B/op	       1 allocs/op
BenchmarkConcurrentSubmissionWakeIntegration-10                 	 4562170	       260.5 ns/op	     273 B/op	       1 allocs/op
BenchmarkConcurrentSubmissionWakeIntegration-10                 	 4472666	       266.1 ns/op	     274 B/op	       1 allocs/op
BenchmarkConcurrentSubmissionWakeIntegration-10                 	 4488561	       259.2 ns/op	     275 B/op	       1 allocs/op
BenchmarkConcurrentSubmissionWakeIntegration-10                 	 4440681	       262.4 ns/op	     279 B/op	       1 allocs/op
PASS
ok  	github.com/joeycumines/go-eventloop	550.330s
tournament: lane=scheduler
go -C /Users/joeyc/dev/scratch/turbo-backup/go-utilpkg/eventloop/internal/tournament test -bench='^Benchmark(GCPressure|GCPressure_Allocations|MultiProducer|MultiProducerContention|PingPong|PingPongLatency|BurstSubmit|MicroBatchBudget_Throughput|MicroBatchBudget_Latency|MicroBatchBudget_Continuous|MicroBatchBudget_Mixed|MicroCASContention|MicroCASContention_Latency|MicrotaskRoundTrip|MicroWakeupSyscall_Running|MicroWakeupSyscall_Sleeping|MicroWakeupSyscall_Burst|MicroWakeupSyscall_RapidSubmit|PromisesV2|ReadinessRoundTrip|SchedulerPriorityLatency|SubmitInternalChainHandoff|SchedulerInternalExternalBurst)$' -benchmem -count=5 -run='^$' -benchtime=1s -timeout=30m .
goos: darwin
goarch: arm64
pkg: github.com/joeycumines/go-eventloop/internal/tournament
cpu: Apple M2 Pro
BenchmarkGCPressure/Main-10                   	 1332740	       890.0 ns/op	     120 B/op	       1 allocs/op
BenchmarkGCPressure/Main-10                   	 1348642	       893.3 ns/op	     140 B/op	       1 allocs/op
BenchmarkGCPressure/Main-10                   	 1355964	       892.3 ns/op	     134 B/op	       1 allocs/op
BenchmarkGCPressure/Main-10                   	 1350494	       878.3 ns/op	     113 B/op	       1 allocs/op
BenchmarkGCPressure/Main-10                   	 1338534	       893.8 ns/op	     136 B/op	       1 allocs/op
BenchmarkGCPressure/MainFastPathForced-10     	 1348982	       888.9 ns/op	     120 B/op	       1 allocs/op
BenchmarkGCPressure/MainFastPathForced-10     	 1348447	       891.7 ns/op	     133 B/op	       1 allocs/op
BenchmarkGCPressure/MainFastPathForced-10     	 1331704	       896.4 ns/op	     125 B/op	       1 allocs/op
BenchmarkGCPressure/MainFastPathForced-10     	 1358940	       910.6 ns/op	     136 B/op	       1 allocs/op
BenchmarkGCPressure/MainFastPathForced-10     	 1341210	      1208 ns/op	     101 B/op	       1 allocs/op
BenchmarkGCPressure/MainFastPathDisabled-10   	 1343414	       906.8 ns/op	     144 B/op	       1 allocs/op
BenchmarkGCPressure/MainFastPathDisabled-10   	 1220134	       897.5 ns/op	     126 B/op	       1 allocs/op
BenchmarkGCPressure/MainFastPathDisabled-10   	 1352138	       890.3 ns/op	     128 B/op	       1 allocs/op
BenchmarkGCPressure/MainFastPathDisabled-10   	 1355949	       895.6 ns/op	     128 B/op	       1 allocs/op
BenchmarkGCPressure/MainFastPathDisabled-10   	 1327696	       890.5 ns/op	     127 B/op	       1 allocs/op
BenchmarkGCPressure/AlternateOne-10           	 3401689	       340.9 ns/op	      31 B/op	       1 allocs/op
BenchmarkGCPressure/AlternateOne-10           	 3300210	       366.1 ns/op	      29 B/op	       1 allocs/op
BenchmarkGCPressure/AlternateOne-10           	 3259302	       882.1 ns/op	      30 B/op	       1 allocs/op
BenchmarkGCPressure/AlternateOne-10           	 1000000	      2057 ns/op	      30 B/op	       1 allocs/op
BenchmarkGCPressure/AlternateOne-10           	 3376224	       345.7 ns/op	      30 B/op	       1 allocs/op
BenchmarkGCPressure/AlternateTwo-10           	 3234619	       366.0 ns/op	      30 B/op	       1 allocs/op
BenchmarkGCPressure/AlternateTwo-10           	 3020134	       398.5 ns/op	      30 B/op	       1 allocs/op
BenchmarkGCPressure/AlternateTwo-10           	 3038570	       396.8 ns/op	      30 B/op	       1 allocs/op
BenchmarkGCPressure/AlternateTwo-10           	 3105936	       396.0 ns/op	      30 B/op	       1 allocs/op
BenchmarkGCPressure/AlternateTwo-10           	 3099721	       395.6 ns/op	      30 B/op	       1 allocs/op
BenchmarkGCPressure/AlternateThree-10         	 3827670	       299.8 ns/op	      26 B/op	       1 allocs/op
BenchmarkGCPressure/AlternateThree-10         	 3969198	       308.6 ns/op	      26 B/op	       1 allocs/op
BenchmarkGCPressure/AlternateThree-10         	 3998611	       310.1 ns/op	      26 B/op	       1 allocs/op
BenchmarkGCPressure/AlternateThree-10         	 4002903	       306.9 ns/op	      26 B/op	       1 allocs/op
BenchmarkGCPressure/AlternateThree-10         	 3875934	       304.8 ns/op	      26 B/op	       1 allocs/op
BenchmarkGCPressure/Baseline-10               	 4216852	       276.1 ns/op	      64 B/op	       3 allocs/op
BenchmarkGCPressure/Baseline-10               	 3936248	       294.4 ns/op	      64 B/op	       3 allocs/op
BenchmarkGCPressure/Baseline-10               	 3876122	       303.1 ns/op	      64 B/op	       3 allocs/op
BenchmarkGCPressure/Baseline-10               	 3997800	       301.9 ns/op	      64 B/op	       3 allocs/op
BenchmarkGCPressure/Baseline-10               	 3611628	       300.9 ns/op	      64 B/op	       3 allocs/op
BenchmarkGCPressure_Allocations/Main-10       	 1339063	       891.9 ns/op	     133 B/op	       1 allocs/op
BenchmarkGCPressure_Allocations/Main-10       	 1355385	       894.7 ns/op	     131 B/op	       1 allocs/op
BenchmarkGCPressure_Allocations/Main-10       	 1348176	       903.4 ns/op	     132 B/op	       1 allocs/op
BenchmarkGCPressure_Allocations/Main-10       	 1360431	       887.8 ns/op	     130 B/op	       1 allocs/op
BenchmarkGCPressure_Allocations/Main-10       	 1355636	       898.3 ns/op	     135 B/op	       1 allocs/op
BenchmarkGCPressure_Allocations/MainFastPathForced-10         	 1327927	       895.3 ns/op	     134 B/op	       1 allocs/op
BenchmarkGCPressure_Allocations/MainFastPathForced-10         	 1338226	       889.0 ns/op	     131 B/op	       1 allocs/op
BenchmarkGCPressure_Allocations/MainFastPathForced-10         	 1320393	       893.5 ns/op	     136 B/op	       1 allocs/op
BenchmarkGCPressure_Allocations/MainFastPathForced-10         	 1349241	       891.4 ns/op	     133 B/op	       1 allocs/op
BenchmarkGCPressure_Allocations/MainFastPathForced-10         	 1321405	       882.8 ns/op	     123 B/op	       1 allocs/op
BenchmarkGCPressure_Allocations/MainFastPathDisabled-10       	 1332782	       903.7 ns/op	     138 B/op	       1 allocs/op
BenchmarkGCPressure_Allocations/MainFastPathDisabled-10       	 1358344	       889.3 ns/op	     125 B/op	       1 allocs/op
BenchmarkGCPressure_Allocations/MainFastPathDisabled-10       	 1360174	       887.0 ns/op	     132 B/op	       1 allocs/op
BenchmarkGCPressure_Allocations/MainFastPathDisabled-10       	 1361079	       895.6 ns/op	     134 B/op	       1 allocs/op
BenchmarkGCPressure_Allocations/MainFastPathDisabled-10       	 1369430	      1036 ns/op	     120 B/op	       1 allocs/op
BenchmarkGCPressure_Allocations/AlternateOne-10               	 3153628	       365.5 ns/op	      30 B/op	       1 allocs/op
BenchmarkGCPressure_Allocations/AlternateOne-10               	 3318199	       363.5 ns/op	      30 B/op	       1 allocs/op
BenchmarkGCPressure_Allocations/AlternateOne-10               	 3374352	       371.3 ns/op	      29 B/op	       1 allocs/op
BenchmarkGCPressure_Allocations/AlternateOne-10               	 3510799	       366.8 ns/op	      30 B/op	       1 allocs/op
BenchmarkGCPressure_Allocations/AlternateOne-10               	 3311266	       344.3 ns/op	      30 B/op	       1 allocs/op
BenchmarkGCPressure_Allocations/AlternateTwo-10               	 3271128	       372.8 ns/op	      30 B/op	       1 allocs/op
BenchmarkGCPressure_Allocations/AlternateTwo-10               	 2986603	       410.3 ns/op	      30 B/op	       1 allocs/op
BenchmarkGCPressure_Allocations/AlternateTwo-10               	 3009338	       416.1 ns/op	      30 B/op	       1 allocs/op
BenchmarkGCPressure_Allocations/AlternateTwo-10               	 2982642	       402.6 ns/op	      30 B/op	       1 allocs/op
BenchmarkGCPressure_Allocations/AlternateTwo-10               	 2913526	       415.7 ns/op	      30 B/op	       1 allocs/op
BenchmarkGCPressure_Allocations/AlternateThree-10             	 3791574	       299.6 ns/op	      26 B/op	       1 allocs/op
BenchmarkGCPressure_Allocations/AlternateThree-10             	 3959648	       311.4 ns/op	      26 B/op	       1 allocs/op
BenchmarkGCPressure_Allocations/AlternateThree-10             	 3947474	       312.0 ns/op	      26 B/op	       1 allocs/op
BenchmarkGCPressure_Allocations/AlternateThree-10             	 3941322	       317.9 ns/op	      26 B/op	       1 allocs/op
BenchmarkGCPressure_Allocations/AlternateThree-10             	 3755149	       303.0 ns/op	      26 B/op	       1 allocs/op
BenchmarkGCPressure_Allocations/Baseline-10                   	 3928578	       303.6 ns/op	      64 B/op	       3 allocs/op
BenchmarkGCPressure_Allocations/Baseline-10                   	 3800731	       301.0 ns/op	      64 B/op	       3 allocs/op
BenchmarkGCPressure_Allocations/Baseline-10                   	 4101550	       302.4 ns/op	      64 B/op	       3 allocs/op
BenchmarkGCPressure_Allocations/Baseline-10                   	 3880688	       302.5 ns/op	      64 B/op	       3 allocs/op
BenchmarkGCPressure_Allocations/Baseline-10                   	 3927417	       308.3 ns/op	      64 B/op	       3 allocs/op
BenchmarkMultiProducer/Main-10                                	 1984706	       587.2 ns/op	     265 B/op	       1 allocs/op
BenchmarkMultiProducer/Main-10                                	 2014836	       597.3 ns/op	     262 B/op	       1 allocs/op
BenchmarkMultiProducer/Main-10                                	 2020646	       588.1 ns/op	     260 B/op	       1 allocs/op
BenchmarkMultiProducer/Main-10                                	 2001112	       586.6 ns/op	     259 B/op	       1 allocs/op
BenchmarkMultiProducer/Main-10                                	 1990642	       594.6 ns/op	     262 B/op	       1 allocs/op
BenchmarkMultiProducer/MainFastPathForced-10                  	 2029700	       597.4 ns/op	     258 B/op	       1 allocs/op
BenchmarkMultiProducer/MainFastPathForced-10                  	 2019525	       590.6 ns/op	     263 B/op	       1 allocs/op
BenchmarkMultiProducer/MainFastPathForced-10                  	 2009300	       589.4 ns/op	     264 B/op	       1 allocs/op
BenchmarkMultiProducer/MainFastPathForced-10                  	 1999869	       588.3 ns/op	     262 B/op	       1 allocs/op
BenchmarkMultiProducer/MainFastPathForced-10                  	 2015119	       591.6 ns/op	     259 B/op	       1 allocs/op
BenchmarkMultiProducer/MainFastPathDisabled-10                	 2014374	       590.2 ns/op	     260 B/op	       1 allocs/op
BenchmarkMultiProducer/MainFastPathDisabled-10                	 2024434	       588.0 ns/op	     261 B/op	       1 allocs/op
BenchmarkMultiProducer/MainFastPathDisabled-10                	 1988914	       592.1 ns/op	     262 B/op	       1 allocs/op
BenchmarkMultiProducer/MainFastPathDisabled-10                	 1975395	       587.0 ns/op	     264 B/op	       1 allocs/op
BenchmarkMultiProducer/MainFastPathDisabled-10                	 1994456	       584.7 ns/op	     263 B/op	       1 allocs/op
BenchmarkMultiProducer/AlternateOne-10                        	 6192418	       190.0 ns/op	      35 B/op	       1 allocs/op
BenchmarkMultiProducer/AlternateOne-10                        	 6121587	       190.6 ns/op	      35 B/op	       1 allocs/op
BenchmarkMultiProducer/AlternateOne-10                        	 6932631	       188.5 ns/op	      35 B/op	       1 allocs/op
BenchmarkMultiProducer/AlternateOne-10                        	 6700333	       178.2 ns/op	      35 B/op	       1 allocs/op
BenchmarkMultiProducer/AlternateOne-10                        	 6264572	       176.0 ns/op	      35 B/op	       1 allocs/op
BenchmarkMultiProducer/AlternateTwo-10                        	 6616917	       212.3 ns/op	      36 B/op	       1 allocs/op
BenchmarkMultiProducer/AlternateTwo-10                        	 8031550	       210.0 ns/op	      36 B/op	       1 allocs/op
BenchmarkMultiProducer/AlternateTwo-10                        	 7779384	       223.4 ns/op	      30 B/op	       1 allocs/op
BenchmarkMultiProducer/AlternateTwo-10                        	 8277320	       208.5 ns/op	      34 B/op	       1 allocs/op
BenchmarkMultiProducer/AlternateTwo-10                        	 7861384	       208.3 ns/op	      32 B/op	       1 allocs/op
BenchmarkMultiProducer/AlternateThree-10                      	 7727508	       154.5 ns/op	      16 B/op	       1 allocs/op
BenchmarkMultiProducer/AlternateThree-10                      	 7788453	       154.9 ns/op	      16 B/op	       1 allocs/op
BenchmarkMultiProducer/AlternateThree-10                      	 7682814	       155.1 ns/op	      16 B/op	       1 allocs/op
BenchmarkMultiProducer/AlternateThree-10                      	 7727271	       156.4 ns/op	      16 B/op	       1 allocs/op
BenchmarkMultiProducer/AlternateThree-10                      	 7667761	       157.2 ns/op	      16 B/op	       1 allocs/op
BenchmarkMultiProducer/Baseline-10                            	 5599113	       236.9 ns/op	      56 B/op	       3 allocs/op
BenchmarkMultiProducer/Baseline-10                            	 5566122	       215.6 ns/op	      56 B/op	       3 allocs/op
BenchmarkMultiProducer/Baseline-10                            	 5494483	       214.5 ns/op	      56 B/op	       3 allocs/op
BenchmarkMultiProducer/Baseline-10                            	 5607747	       216.9 ns/op	      56 B/op	       3 allocs/op
BenchmarkMultiProducer/Baseline-10                            	 5515526	       208.7 ns/op	      56 B/op	       3 allocs/op
BenchmarkMultiProducerContention/Main-10                      	 1992632	       590.3 ns/op	     399 B/op	       1 allocs/op
BenchmarkMultiProducerContention/Main-10                      	 1918959	       600.4 ns/op	     401 B/op	       1 allocs/op
BenchmarkMultiProducerContention/Main-10                      	 1987141	       602.3 ns/op	     409 B/op	       1 allocs/op
BenchmarkMultiProducerContention/Main-10                      	 1985695	       594.0 ns/op	     403 B/op	       1 allocs/op
BenchmarkMultiProducerContention/Main-10                      	 1974622	       596.9 ns/op	     401 B/op	       1 allocs/op
BenchmarkMultiProducerContention/MainFastPathForced-10        	 1982154	       602.8 ns/op	     411 B/op	       1 allocs/op
BenchmarkMultiProducerContention/MainFastPathForced-10        	 1955881	       595.7 ns/op	     403 B/op	       1 allocs/op
BenchmarkMultiProducerContention/MainFastPathForced-10        	 1970562	       601.2 ns/op	     402 B/op	       1 allocs/op
BenchmarkMultiProducerContention/MainFastPathForced-10        	 1936629	       607.0 ns/op	     402 B/op	       1 allocs/op
BenchmarkMultiProducerContention/MainFastPathForced-10        	 1984384	       599.8 ns/op	     409 B/op	       1 allocs/op
BenchmarkMultiProducerContention/MainFastPathDisabled-10      	 1945088	       597.4 ns/op	     407 B/op	       1 allocs/op
BenchmarkMultiProducerContention/MainFastPathDisabled-10      	 1958791	       590.2 ns/op	     401 B/op	       1 allocs/op
BenchmarkMultiProducerContention/MainFastPathDisabled-10      	 1916389	       597.3 ns/op	     401 B/op	       1 allocs/op
BenchmarkMultiProducerContention/MainFastPathDisabled-10      	 1980175	       620.1 ns/op	     407 B/op	       1 allocs/op
BenchmarkMultiProducerContention/MainFastPathDisabled-10      	 1973902	       604.3 ns/op	     400 B/op	       1 allocs/op
BenchmarkMultiProducerContention/AlternateOne-10              	 6618638	       171.7 ns/op	      37 B/op	       1 allocs/op
BenchmarkMultiProducerContention/AlternateOne-10              	 6656221	       177.3 ns/op	      37 B/op	       1 allocs/op
BenchmarkMultiProducerContention/AlternateOne-10              	 6606555	       178.3 ns/op	      37 B/op	       1 allocs/op
BenchmarkMultiProducerContention/AlternateOne-10              	 6628256	       177.7 ns/op	      37 B/op	       1 allocs/op
BenchmarkMultiProducerContention/AlternateOne-10              	 6839616	       177.5 ns/op	      37 B/op	       1 allocs/op
BenchmarkMultiProducerContention/AlternateTwo-10              	 6999460	       190.2 ns/op	      53 B/op	       1 allocs/op
BenchmarkMultiProducerContention/AlternateTwo-10              	 8902878	       187.6 ns/op	      53 B/op	       1 allocs/op
BenchmarkMultiProducerContention/AlternateTwo-10              	 8707172	       194.6 ns/op	      39 B/op	       1 allocs/op
BenchmarkMultiProducerContention/AlternateTwo-10              	 7458554	       208.8 ns/op	      38 B/op	       1 allocs/op
BenchmarkMultiProducerContention/AlternateTwo-10              	 7295982	       200.1 ns/op	      41 B/op	       1 allocs/op
BenchmarkMultiProducerContention/AlternateThree-10            	 8595182	       139.9 ns/op	      17 B/op	       1 allocs/op
BenchmarkMultiProducerContention/AlternateThree-10            	 8615425	       138.4 ns/op	      17 B/op	       1 allocs/op
BenchmarkMultiProducerContention/AlternateThree-10            	 8449198	       134.7 ns/op	      17 B/op	       1 allocs/op
BenchmarkMultiProducerContention/AlternateThree-10            	 8522302	       137.9 ns/op	      17 B/op	       1 allocs/op
BenchmarkMultiProducerContention/AlternateThree-10            	 8910843	       137.8 ns/op	      18 B/op	       1 allocs/op
BenchmarkMultiProducerContention/Baseline-10                  	 6195297	       205.4 ns/op	      56 B/op	       3 allocs/op
BenchmarkMultiProducerContention/Baseline-10                  	 6218096	       191.9 ns/op	      56 B/op	       3 allocs/op
BenchmarkMultiProducerContention/Baseline-10                  	 6126236	       192.6 ns/op	      56 B/op	       3 allocs/op
BenchmarkMultiProducerContention/Baseline-10                  	 6214952	       192.7 ns/op	      56 B/op	       3 allocs/op
BenchmarkMultiProducerContention/Baseline-10                  	 6163148	       192.9 ns/op	      56 B/op	       3 allocs/op
BenchmarkPingPong/Main-10                                     	 2449928	       485.2 ns/op	     217 B/op	       1 allocs/op
BenchmarkPingPong/Main-10                                     	 2330745	       495.3 ns/op	     216 B/op	       1 allocs/op
BenchmarkPingPong/Main-10                                     	 2470543	       491.4 ns/op	     205 B/op	       1 allocs/op
BenchmarkPingPong/Main-10                                     	 2405988	       493.5 ns/op	     213 B/op	       1 allocs/op
BenchmarkPingPong/Main-10                                     	 2453828	       495.6 ns/op	     217 B/op	       1 allocs/op
BenchmarkPingPong/MainFastPathForced-10                       	 2504163	       481.7 ns/op	     223 B/op	       1 allocs/op
BenchmarkPingPong/MainFastPathForced-10                       	 2423492	       495.8 ns/op	     208 B/op	       1 allocs/op
BenchmarkPingPong/MainFastPathForced-10                       	 2452880	       491.3 ns/op	     213 B/op	       1 allocs/op
BenchmarkPingPong/MainFastPathForced-10                       	 2396503	       494.7 ns/op	     224 B/op	       1 allocs/op
BenchmarkPingPong/MainFastPathForced-10                       	 2379721	       497.9 ns/op	     203 B/op	       1 allocs/op
BenchmarkPingPong/MainFastPathDisabled-10                     	 2388068	       495.6 ns/op	     234 B/op	       1 allocs/op
BenchmarkPingPong/MainFastPathDisabled-10                     	 2398136	       491.9 ns/op	     197 B/op	       1 allocs/op
BenchmarkPingPong/MainFastPathDisabled-10                     	 2389459	       490.7 ns/op	     236 B/op	       1 allocs/op
BenchmarkPingPong/MainFastPathDisabled-10                     	 2390666	       494.9 ns/op	     206 B/op	       1 allocs/op
BenchmarkPingPong/MainFastPathDisabled-10                     	 2397934	       490.2 ns/op	     231 B/op	       1 allocs/op
BenchmarkPingPong/AlternateOne-10                             	 8334878	       143.5 ns/op	      24 B/op	       1 allocs/op
BenchmarkPingPong/AlternateOne-10                             	 7401366	       147.3 ns/op	      25 B/op	       1 allocs/op
BenchmarkPingPong/AlternateOne-10                             	 7356568	       147.5 ns/op	      25 B/op	       1 allocs/op
BenchmarkPingPong/AlternateOne-10                             	 8104264	       160.6 ns/op	      24 B/op	       1 allocs/op
BenchmarkPingPong/AlternateOne-10                             	 7493728	       141.6 ns/op	      28 B/op	       1 allocs/op
BenchmarkPingPong/AlternateTwo-10                             	11267768	       153.1 ns/op	      24 B/op	       1 allocs/op
BenchmarkPingPong/AlternateTwo-10                             	 9974522	       137.1 ns/op	      24 B/op	       1 allocs/op
BenchmarkPingPong/AlternateTwo-10                             	 8813090	       145.9 ns/op	      24 B/op	       1 allocs/op
BenchmarkPingPong/AlternateTwo-10                             	 9280562	       142.4 ns/op	      24 B/op	       1 allocs/op
BenchmarkPingPong/AlternateTwo-10                             	10704294	       109.6 ns/op	      24 B/op	       1 allocs/op
BenchmarkPingPong/AlternateThree-10                           	13597970	        82.41 ns/op	      24 B/op	       1 allocs/op
BenchmarkPingPong/AlternateThree-10                           	14393889	        85.58 ns/op	      24 B/op	       1 allocs/op
BenchmarkPingPong/AlternateThree-10                           	14520351	        86.99 ns/op	      24 B/op	       1 allocs/op
BenchmarkPingPong/AlternateThree-10                           	14666332	        85.73 ns/op	      24 B/op	       1 allocs/op
BenchmarkPingPong/AlternateThree-10                           	14087593	        87.05 ns/op	      24 B/op	       1 allocs/op
BenchmarkPingPong/Baseline-10                                 	13370305	       107.3 ns/op	      64 B/op	       3 allocs/op
BenchmarkPingPong/Baseline-10                                 	12254410	        99.49 ns/op	      64 B/op	       3 allocs/op
BenchmarkPingPong/Baseline-10                                 	12518440	        95.46 ns/op	      64 B/op	       3 allocs/op
BenchmarkPingPong/Baseline-10                                 	12076959	        92.73 ns/op	      64 B/op	       3 allocs/op
BenchmarkPingPong/Baseline-10                                 	10419183	       106.2 ns/op	      64 B/op	       3 allocs/op
BenchmarkPingPongLatency/Main-10                              	  649582	      1812 ns/op	     128 B/op	       2 allocs/op
BenchmarkPingPongLatency/Main-10                              	  645849	      1800 ns/op	     128 B/op	       2 allocs/op
BenchmarkPingPongLatency/Main-10                              	  673933	      1775 ns/op	     128 B/op	       2 allocs/op
BenchmarkPingPongLatency/Main-10                              	  690938	      1787 ns/op	     128 B/op	       2 allocs/op
BenchmarkPingPongLatency/Main-10                              	  659056	      1777 ns/op	     128 B/op	       2 allocs/op
BenchmarkPingPongLatency/MainFastPathForced-10                	  666532	      1767 ns/op	     128 B/op	       2 allocs/op
BenchmarkPingPongLatency/MainFastPathForced-10                	  690885	      1802 ns/op	     128 B/op	       2 allocs/op
BenchmarkPingPongLatency/MainFastPathForced-10                	  680905	      1798 ns/op	     128 B/op	       2 allocs/op
BenchmarkPingPongLatency/MainFastPathForced-10                	  683898	      1790 ns/op	     128 B/op	       2 allocs/op
BenchmarkPingPongLatency/MainFastPathForced-10                	  605161	      1803 ns/op	     128 B/op	       2 allocs/op
BenchmarkPingPongLatency/MainFastPathDisabled-10              	   81241	     14893 ns/op	     158 B/op	       3 allocs/op
BenchmarkPingPongLatency/MainFastPathDisabled-10              	   83577	     15378 ns/op	     159 B/op	       3 allocs/op
BenchmarkPingPongLatency/MainFastPathDisabled-10              	   90579	     14948 ns/op	     159 B/op	       3 allocs/op
BenchmarkPingPongLatency/MainFastPathDisabled-10              	   78634	     15457 ns/op	     159 B/op	       3 allocs/op
BenchmarkPingPongLatency/MainFastPathDisabled-10              	   83686	     14772 ns/op	     158 B/op	       3 allocs/op
BenchmarkPingPongLatency/AlternateOne-10                      	   92950	     13034 ns/op	     128 B/op	       2 allocs/op
BenchmarkPingPongLatency/AlternateOne-10                      	   88176	     12836 ns/op	     128 B/op	       2 allocs/op
BenchmarkPingPongLatency/AlternateOne-10                      	   95194	     12772 ns/op	     128 B/op	       2 allocs/op
BenchmarkPingPongLatency/AlternateOne-10                      	   93547	     13068 ns/op	     128 B/op	       2 allocs/op
BenchmarkPingPongLatency/AlternateOne-10                      	   95950	     12713 ns/op	     128 B/op	       2 allocs/op
BenchmarkPingPongLatency/AlternateTwo-10                      	   97489	     13115 ns/op	     128 B/op	       2 allocs/op
BenchmarkPingPongLatency/AlternateTwo-10                      	   89764	     12607 ns/op	     128 B/op	       2 allocs/op
BenchmarkPingPongLatency/AlternateTwo-10                      	   93940	     12648 ns/op	     128 B/op	       2 allocs/op
BenchmarkPingPongLatency/AlternateTwo-10                      	   99669	     13190 ns/op	     128 B/op	       2 allocs/op
BenchmarkPingPongLatency/AlternateTwo-10                      	   98674	     12746 ns/op	     128 B/op	       2 allocs/op
BenchmarkPingPongLatency/AlternateThree-10                    	   97048	     13403 ns/op	     128 B/op	       2 allocs/op
BenchmarkPingPongLatency/AlternateThree-10                    	   88204	     12929 ns/op	     128 B/op	       2 allocs/op
BenchmarkPingPongLatency/AlternateThree-10                    	   93860	     12661 ns/op	     128 B/op	       2 allocs/op
BenchmarkPingPongLatency/AlternateThree-10                    	  107425	     12955 ns/op	     128 B/op	       2 allocs/op
BenchmarkPingPongLatency/AlternateThree-10                    	   97028	     12909 ns/op	     128 B/op	       2 allocs/op
BenchmarkPingPongLatency/Baseline-10                          	 1488918	       807.5 ns/op	     168 B/op	       4 allocs/op
BenchmarkPingPongLatency/Baseline-10                          	 1437639	       801.8 ns/op	     168 B/op	       4 allocs/op
BenchmarkPingPongLatency/Baseline-10                          	 1456894	       805.4 ns/op	     168 B/op	       4 allocs/op
BenchmarkPingPongLatency/Baseline-10                          	 1488733	       810.9 ns/op	     168 B/op	       4 allocs/op
BenchmarkPingPongLatency/Baseline-10                          	 1498426	       796.6 ns/op	     168 B/op	       4 allocs/op
BenchmarkBurstSubmit/Main-10                                  	 2498882	       488.0 ns/op	     179 B/op	       1 allocs/op
BenchmarkBurstSubmit/Main-10                                  	 2489934	       481.5 ns/op	     175 B/op	       1 allocs/op
BenchmarkBurstSubmit/Main-10                                  	 2490928	       482.7 ns/op	     173 B/op	       1 allocs/op
BenchmarkBurstSubmit/Main-10                                  	 2476912	       480.9 ns/op	     175 B/op	       1 allocs/op
BenchmarkBurstSubmit/Main-10                                  	 2430916	       481.2 ns/op	     174 B/op	       1 allocs/op
BenchmarkBurstSubmit/MainFastPathForced-10                    	 2424526	       483.7 ns/op	     170 B/op	       1 allocs/op
BenchmarkBurstSubmit/MainFastPathForced-10                    	 2447134	       496.4 ns/op	     183 B/op	       1 allocs/op
BenchmarkBurstSubmit/MainFastPathForced-10                    	 2499006	       481.5 ns/op	     168 B/op	       1 allocs/op
BenchmarkBurstSubmit/MainFastPathForced-10                    	 2544804	       485.1 ns/op	     175 B/op	       1 allocs/op
BenchmarkBurstSubmit/MainFastPathForced-10                    	 2442291	       484.2 ns/op	     171 B/op	       1 allocs/op
BenchmarkBurstSubmit/MainFastPathDisabled-10                  	 2451762	       497.3 ns/op	     176 B/op	       1 allocs/op
BenchmarkBurstSubmit/MainFastPathDisabled-10                  	 2399764	       502.0 ns/op	     178 B/op	       1 allocs/op
BenchmarkBurstSubmit/MainFastPathDisabled-10                  	 2486775	       489.4 ns/op	     170 B/op	       1 allocs/op
BenchmarkBurstSubmit/MainFastPathDisabled-10                  	 2435655	       479.4 ns/op	     164 B/op	       1 allocs/op
BenchmarkBurstSubmit/MainFastPathDisabled-10                  	 2449156	       493.0 ns/op	     179 B/op	       1 allocs/op
BenchmarkBurstSubmit/AlternateOne-10                          	 7485274	       151.6 ns/op	      24 B/op	       1 allocs/op
BenchmarkBurstSubmit/AlternateOne-10                          	 7270846	       140.7 ns/op	      24 B/op	       1 allocs/op
BenchmarkBurstSubmit/AlternateOne-10                          	 8025280	       163.1 ns/op	      24 B/op	       1 allocs/op
BenchmarkBurstSubmit/AlternateOne-10                          	 7431639	       142.7 ns/op	      24 B/op	       1 allocs/op
BenchmarkBurstSubmit/AlternateOne-10                          	 8494168	       166.0 ns/op	      24 B/op	       1 allocs/op
BenchmarkBurstSubmit/AlternateTwo-10                          	 9544957	       115.9 ns/op	      24 B/op	       1 allocs/op
BenchmarkBurstSubmit/AlternateTwo-10                          	 9958426	       110.7 ns/op	      24 B/op	       1 allocs/op
BenchmarkBurstSubmit/AlternateTwo-10                          	11411236	       117.0 ns/op	      24 B/op	       1 allocs/op
BenchmarkBurstSubmit/AlternateTwo-10                          	 9986743	       133.7 ns/op	      24 B/op	       1 allocs/op
BenchmarkBurstSubmit/AlternateTwo-10                          	 7566646	       159.6 ns/op	      24 B/op	       1 allocs/op
BenchmarkBurstSubmit/AlternateThree-10                        	11134010	        97.45 ns/op	      24 B/op	       1 allocs/op
BenchmarkBurstSubmit/AlternateThree-10                        	12972130	        95.30 ns/op	      24 B/op	       1 allocs/op
BenchmarkBurstSubmit/AlternateThree-10                        	12579978	        95.60 ns/op	      24 B/op	       1 allocs/op
BenchmarkBurstSubmit/AlternateThree-10                        	12959452	        94.88 ns/op	      24 B/op	       1 allocs/op
BenchmarkBurstSubmit/AlternateThree-10                        	12918962	        94.25 ns/op	      24 B/op	       1 allocs/op
BenchmarkBurstSubmit/Baseline-10                              	11607834	       107.1 ns/op	      64 B/op	       3 allocs/op
BenchmarkBurstSubmit/Baseline-10                              	10817571	       109.2 ns/op	      64 B/op	       3 allocs/op
BenchmarkBurstSubmit/Baseline-10                              	12969906	        98.40 ns/op	      64 B/op	       3 allocs/op
BenchmarkBurstSubmit/Baseline-10                              	13737009	        99.23 ns/op	      64 B/op	       3 allocs/op
BenchmarkBurstSubmit/Baseline-10                              	12558026	        96.83 ns/op	      64 B/op	       3 allocs/op
BenchmarkMicroBatchBudget_Throughput/Main/Burst=64-10         	   89595	     12747 ns/op	   13191 B/op	      65 allocs/op
BenchmarkMicroBatchBudget_Throughput/Main/Burst=64-10         	   89928	     13003 ns/op	   13192 B/op	      65 allocs/op
BenchmarkMicroBatchBudget_Throughput/Main/Burst=64-10         	   93697	     12391 ns/op	   12603 B/op	      65 allocs/op
BenchmarkMicroBatchBudget_Throughput/Main/Burst=64-10         	   88507	     12828 ns/op	   13021 B/op	      65 allocs/op
BenchmarkMicroBatchBudget_Throughput/Main/Burst=64-10         	   89948	     12641 ns/op	   13526 B/op	      65 allocs/op
BenchmarkMicroBatchBudget_Throughput/Main/Burst=128-10        	   48735	     25899 ns/op	   27081 B/op	     130 allocs/op
BenchmarkMicroBatchBudget_Throughput/Main/Burst=128-10        	   47322	     26174 ns/op	   27682 B/op	     130 allocs/op
BenchmarkMicroBatchBudget_Throughput/Main/Burst=128-10        	   47214	     25870 ns/op	   26443 B/op	     130 allocs/op
BenchmarkMicroBatchBudget_Throughput/Main/Burst=128-10        	   44361	     24851 ns/op	   25169 B/op	     130 allocs/op
BenchmarkMicroBatchBudget_Throughput/Main/Burst=128-10        	   47350	     25833 ns/op	   28179 B/op	     130 allocs/op
BenchmarkMicroBatchBudget_Throughput/Main/Burst=256-10        	   24316	     60730 ns/op	   65519 B/op	     260 allocs/op
BenchmarkMicroBatchBudget_Throughput/Main/Burst=256-10        	   20464	     49347 ns/op	   53964 B/op	     261 allocs/op
BenchmarkMicroBatchBudget_Throughput/Main/Burst=256-10        	   21512	     60548 ns/op	   62024 B/op	     260 allocs/op
BenchmarkMicroBatchBudget_Throughput/Main/Burst=256-10        	   23592	     51213 ns/op	   56236 B/op	     261 allocs/op
BenchmarkMicroBatchBudget_Throughput/Main/Burst=256-10        	   22278	     65064 ns/op	   64225 B/op	     261 allocs/op
BenchmarkMicroBatchBudget_Throughput/Main/Burst=512-10        	   12110	    104741 ns/op	  108786 B/op	     522 allocs/op
BenchmarkMicroBatchBudget_Throughput/Main/Burst=512-10        	   10000	    103936 ns/op	  109016 B/op	     522 allocs/op
BenchmarkMicroBatchBudget_Throughput/Main/Burst=512-10        	   10000	    104229 ns/op	  110496 B/op	     522 allocs/op
BenchmarkMicroBatchBudget_Throughput/Main/Burst=512-10        	   10000	    121359 ns/op	  123387 B/op	     521 allocs/op
BenchmarkMicroBatchBudget_Throughput/Main/Burst=512-10        	    9877	    105434 ns/op	  123352 B/op	     523 allocs/op
BenchmarkMicroBatchBudget_Throughput/Main/Burst=1024-10       	    5510	    216661 ns/op	  224225 B/op	    1045 allocs/op
BenchmarkMicroBatchBudget_Throughput/Main/Burst=1024-10       	    6105	    214578 ns/op	  221133 B/op	    1044 allocs/op
BenchmarkMicroBatchBudget_Throughput/Main/Burst=1024-10       	    5185	    206865 ns/op	  228398 B/op	    1044 allocs/op
BenchmarkMicroBatchBudget_Throughput/Main/Burst=1024-10       	    5325	    212770 ns/op	  239433 B/op	    1045 allocs/op
BenchmarkMicroBatchBudget_Throughput/Main/Burst=1024-10       	    4977	    211138 ns/op	  219546 B/op	    1044 allocs/op
BenchmarkMicroBatchBudget_Throughput/Main/Burst=2048-10       	    2481	    422079 ns/op	  471745 B/op	    2089 allocs/op
BenchmarkMicroBatchBudget_Throughput/Main/Burst=2048-10       	    2509	    599682 ns/op	  564760 B/op	    2084 allocs/op
BenchmarkMicroBatchBudget_Throughput/Main/Burst=2048-10       	    2452	    434783 ns/op	  507279 B/op	    2092 allocs/op
BenchmarkMicroBatchBudget_Throughput/Main/Burst=2048-10       	    2542	    413344 ns/op	  455479 B/op	    2089 allocs/op
BenchmarkMicroBatchBudget_Throughput/Main/Burst=2048-10       	    2626	    407005 ns/op	  433422 B/op	    2089 allocs/op
BenchmarkMicroBatchBudget_Throughput/Main/Burst=4096-10       	    1513	    785906 ns/op	  926782 B/op	    4182 allocs/op
BenchmarkMicroBatchBudget_Throughput/Main/Burst=4096-10       	    1402	    819108 ns/op	  937585 B/op	    4179 allocs/op
BenchmarkMicroBatchBudget_Throughput/Main/Burst=4096-10       	    1448	    816711 ns/op	  919694 B/op	    4179 allocs/op
BenchmarkMicroBatchBudget_Throughput/Main/Burst=4096-10       	    1381	    835705 ns/op	  861090 B/op	    4175 allocs/op
BenchmarkMicroBatchBudget_Throughput/Main/Burst=4096-10       	    1386	    846704 ns/op	  912358 B/op	    4180 allocs/op
BenchmarkMicroBatchBudget_Throughput/MainFastPathForced/Burst=64-10         	   91047	     12465 ns/op	   12979 B/op	      65 allocs/op
BenchmarkMicroBatchBudget_Throughput/MainFastPathForced/Burst=64-10         	   92532	     12713 ns/op	   13301 B/op	      65 allocs/op
BenchmarkMicroBatchBudget_Throughput/MainFastPathForced/Burst=64-10         	   90427	     12827 ns/op	   13352 B/op	      65 allocs/op
BenchmarkMicroBatchBudget_Throughput/MainFastPathForced/Burst=64-10         	  100707	     12033 ns/op	    9725 B/op	      64 allocs/op
BenchmarkMicroBatchBudget_Throughput/MainFastPathForced/Burst=64-10         	   96705	     12102 ns/op	    9231 B/op	      64 allocs/op
BenchmarkMicroBatchBudget_Throughput/MainFastPathForced/Burst=128-10        	   48786	     22874 ns/op	   19645 B/op	     129 allocs/op
BenchmarkMicroBatchBudget_Throughput/MainFastPathForced/Burst=128-10        	   50595	     23890 ns/op	   18530 B/op	     129 allocs/op
BenchmarkMicroBatchBudget_Throughput/MainFastPathForced/Burst=128-10        	   47208	     23910 ns/op	   18700 B/op	     129 allocs/op
BenchmarkMicroBatchBudget_Throughput/MainFastPathForced/Burst=128-10        	   46609	     25492 ns/op	   29306 B/op	     130 allocs/op
BenchmarkMicroBatchBudget_Throughput/MainFastPathForced/Burst=128-10        	   44965	     26295 ns/op	   28135 B/op	     130 allocs/op
BenchmarkMicroBatchBudget_Throughput/MainFastPathForced/Burst=256-10        	   23341	     50463 ns/op	   58846 B/op	     261 allocs/op
BenchmarkMicroBatchBudget_Throughput/MainFastPathForced/Burst=256-10        	   23899	     50423 ns/op	   52131 B/op	     260 allocs/op
BenchmarkMicroBatchBudget_Throughput/MainFastPathForced/Burst=256-10        	   23629	     49918 ns/op	   52573 B/op	     261 allocs/op
BenchmarkMicroBatchBudget_Throughput/MainFastPathForced/Burst=256-10        	   23784	     48595 ns/op	   46340 B/op	     259 allocs/op
BenchmarkMicroBatchBudget_Throughput/MainFastPathForced/Burst=256-10        	   24790	     52081 ns/op	   48298 B/op	     260 allocs/op
BenchmarkMicroBatchBudget_Throughput/MainFastPathForced/Burst=512-10        	   10000	    105869 ns/op	  115693 B/op	     522 allocs/op
BenchmarkMicroBatchBudget_Throughput/MainFastPathForced/Burst=512-10        	   10000	    107155 ns/op	  116572 B/op	     522 allocs/op
BenchmarkMicroBatchBudget_Throughput/MainFastPathForced/Burst=512-10        	   10000	    104972 ns/op	  118466 B/op	     521 allocs/op
BenchmarkMicroBatchBudget_Throughput/MainFastPathForced/Burst=512-10        	   10000	    100733 ns/op	  104456 B/op	     522 allocs/op
BenchmarkMicroBatchBudget_Throughput/MainFastPathForced/Burst=512-10        	   10000	    100123 ns/op	  107604 B/op	     522 allocs/op
BenchmarkMicroBatchBudget_Throughput/MainFastPathForced/Burst=1024-10       	    5924	    200780 ns/op	  207583 B/op	    1043 allocs/op
BenchmarkMicroBatchBudget_Throughput/MainFastPathForced/Burst=1024-10       	    4939	    214426 ns/op	  233121 B/op	    1043 allocs/op
BenchmarkMicroBatchBudget_Throughput/MainFastPathForced/Burst=1024-10       	    5575	    195516 ns/op	  150936 B/op	    1036 allocs/op
BenchmarkMicroBatchBudget_Throughput/MainFastPathForced/Burst=1024-10       	    6362	    189679 ns/op	  182758 B/op	    1040 allocs/op
BenchmarkMicroBatchBudget_Throughput/MainFastPathForced/Burst=1024-10       	    5336	    247123 ns/op	  275504 B/op	    1042 allocs/op
BenchmarkMicroBatchBudget_Throughput/MainFastPathForced/Burst=2048-10       	    2536	    404321 ns/op	  443552 B/op	    2088 allocs/op
BenchmarkMicroBatchBudget_Throughput/MainFastPathForced/Burst=2048-10       	    2576	    432887 ns/op	  474301 B/op	    2088 allocs/op
BenchmarkMicroBatchBudget_Throughput/MainFastPathForced/Burst=2048-10       	    2750	    411505 ns/op	  434696 B/op	    2086 allocs/op
BenchmarkMicroBatchBudget_Throughput/MainFastPathForced/Burst=2048-10       	    2706	    418974 ns/op	  445887 B/op	    2087 allocs/op
BenchmarkMicroBatchBudget_Throughput/MainFastPathForced/Burst=2048-10       	    2612	    394059 ns/op	  394538 B/op	    2085 allocs/op
BenchmarkMicroBatchBudget_Throughput/MainFastPathForced/Burst=4096-10       	    1254	    872864 ns/op	  961289 B/op	    4177 allocs/op
BenchmarkMicroBatchBudget_Throughput/MainFastPathForced/Burst=4096-10       	    1431	    784907 ns/op	  610710 B/op	    4147 allocs/op
BenchmarkMicroBatchBudget_Throughput/MainFastPathForced/Burst=4096-10       	    1430	    781184 ns/op	  608415 B/op	    4146 allocs/op
BenchmarkMicroBatchBudget_Throughput/MainFastPathForced/Burst=4096-10       	    1440	    781925 ns/op	  595860 B/op	    4145 allocs/op
BenchmarkMicroBatchBudget_Throughput/MainFastPathForced/Burst=4096-10       	    1428	    762722 ns/op	  641257 B/op	    4149 allocs/op
BenchmarkMicroBatchBudget_Throughput/MainFastPathDisabled/Burst=64-10       	   99979	     11593 ns/op	   10129 B/op	      64 allocs/op
BenchmarkMicroBatchBudget_Throughput/MainFastPathDisabled/Burst=64-10       	   94837	     12204 ns/op	    9446 B/op	      64 allocs/op
BenchmarkMicroBatchBudget_Throughput/MainFastPathDisabled/Burst=64-10       	   92524	     12535 ns/op	   13216 B/op	      65 allocs/op
BenchmarkMicroBatchBudget_Throughput/MainFastPathDisabled/Burst=64-10       	   95714	     12074 ns/op	    9537 B/op	      64 allocs/op
BenchmarkMicroBatchBudget_Throughput/MainFastPathDisabled/Burst=64-10       	   93262	     12491 ns/op	   11708 B/op	      65 allocs/op
BenchmarkMicroBatchBudget_Throughput/MainFastPathDisabled/Burst=128-10      	   46077	     25191 ns/op	   26066 B/op	     130 allocs/op
BenchmarkMicroBatchBudget_Throughput/MainFastPathDisabled/Burst=128-10      	   49724	     23897 ns/op	   18562 B/op	     129 allocs/op
BenchmarkMicroBatchBudget_Throughput/MainFastPathDisabled/Burst=128-10      	   48529	     29146 ns/op	   21297 B/op	     129 allocs/op
BenchmarkMicroBatchBudget_Throughput/MainFastPathDisabled/Burst=128-10      	   47461	     23454 ns/op	   20118 B/op	     129 allocs/op
BenchmarkMicroBatchBudget_Throughput/MainFastPathDisabled/Burst=128-10      	   48754	     22784 ns/op	   19779 B/op	     129 allocs/op
BenchmarkMicroBatchBudget_Throughput/MainFastPathDisabled/Burst=256-10      	   24776	     47826 ns/op	   37272 B/op	     259 allocs/op
BenchmarkMicroBatchBudget_Throughput/MainFastPathDisabled/Burst=256-10      	   24382	     48160 ns/op	   37234 B/op	     259 allocs/op
BenchmarkMicroBatchBudget_Throughput/MainFastPathDisabled/Burst=256-10      	   24621	     48650 ns/op	   36987 B/op	     259 allocs/op
BenchmarkMicroBatchBudget_Throughput/MainFastPathDisabled/Burst=256-10      	   24636	     45769 ns/op	   39650 B/op	     259 allocs/op
BenchmarkMicroBatchBudget_Throughput/MainFastPathDisabled/Burst=256-10      	   24848	     48151 ns/op	   36407 B/op	     259 allocs/op
BenchmarkMicroBatchBudget_Throughput/MainFastPathDisabled/Burst=512-10      	   12436	     96253 ns/op	   74382 B/op	     518 allocs/op
BenchmarkMicroBatchBudget_Throughput/MainFastPathDisabled/Burst=512-10      	   12480	     96434 ns/op	   75455 B/op	     518 allocs/op
BenchmarkMicroBatchBudget_Throughput/MainFastPathDisabled/Burst=512-10      	   12638	     95870 ns/op	   74475 B/op	     518 allocs/op
BenchmarkMicroBatchBudget_Throughput/MainFastPathDisabled/Burst=512-10      	   12778	     95713 ns/op	   73668 B/op	     518 allocs/op
BenchmarkMicroBatchBudget_Throughput/MainFastPathDisabled/Burst=512-10      	   12462	     92826 ns/op	   79706 B/op	     518 allocs/op
BenchmarkMicroBatchBudget_Throughput/MainFastPathDisabled/Burst=1024-10     	    5775	    195277 ns/op	  149948 B/op	    1036 allocs/op
BenchmarkMicroBatchBudget_Throughput/MainFastPathDisabled/Burst=1024-10     	    5914	    183303 ns/op	  160201 B/op	    1036 allocs/op
BenchmarkMicroBatchBudget_Throughput/MainFastPathDisabled/Burst=1024-10     	    6033	    192378 ns/op	  148050 B/op	    1036 allocs/op
BenchmarkMicroBatchBudget_Throughput/MainFastPathDisabled/Burst=1024-10     	    5486	    194063 ns/op	  159887 B/op	    1037 allocs/op
BenchmarkMicroBatchBudget_Throughput/MainFastPathDisabled/Burst=1024-10     	    6022	    187618 ns/op	  164479 B/op	    1037 allocs/op
BenchmarkMicroBatchBudget_Throughput/MainFastPathDisabled/Burst=2048-10     	    2898	    358931 ns/op	  331865 B/op	    2074 allocs/op
BenchmarkMicroBatchBudget_Throughput/MainFastPathDisabled/Burst=2048-10     	    2744	    394796 ns/op	  310239 B/op	    2074 allocs/op
BenchmarkMicroBatchBudget_Throughput/MainFastPathDisabled/Burst=2048-10     	    2964	    406292 ns/op	  410510 B/op	    2086 allocs/op
BenchmarkMicroBatchBudget_Throughput/MainFastPathDisabled/Burst=2048-10     	    3025	    366675 ns/op	  319150 B/op	    2075 allocs/op
BenchmarkMicroBatchBudget_Throughput/MainFastPathDisabled/Burst=2048-10     	    2760	    400395 ns/op	  422557 B/op	    2086 allocs/op
BenchmarkMicroBatchBudget_Throughput/MainFastPathDisabled/Burst=4096-10     	    1434	    791930 ns/op	  710356 B/op	    4158 allocs/op
BenchmarkMicroBatchBudget_Throughput/MainFastPathDisabled/Burst=4096-10     	    1490	    751256 ns/op	  639001 B/op	    4150 allocs/op
BenchmarkMicroBatchBudget_Throughput/MainFastPathDisabled/Burst=4096-10     	    1423	    776908 ns/op	  631781 B/op	    4149 allocs/op
BenchmarkMicroBatchBudget_Throughput/MainFastPathDisabled/Burst=4096-10     	    1482	    778989 ns/op	  628266 B/op	    4151 allocs/op
BenchmarkMicroBatchBudget_Throughput/MainFastPathDisabled/Burst=4096-10     	    1446	    780381 ns/op	  610758 B/op	    4147 allocs/op
BenchmarkMicroBatchBudget_Throughput/AlternateOne/Burst=64-10               	  144913	      8366 ns/op	    1249 B/op	      64 allocs/op
BenchmarkMicroBatchBudget_Throughput/AlternateOne/Burst=64-10               	  142794	     10501 ns/op	    1030 B/op	      64 allocs/op
BenchmarkMicroBatchBudget_Throughput/AlternateOne/Burst=64-10               	  147676	     10448 ns/op	    1037 B/op	      64 allocs/op
BenchmarkMicroBatchBudget_Throughput/AlternateOne/Burst=64-10               	  147085	     10493 ns/op	    1029 B/op	      64 allocs/op
BenchmarkMicroBatchBudget_Throughput/AlternateOne/Burst=64-10               	  148260	     10472 ns/op	    1030 B/op	      64 allocs/op
BenchmarkMicroBatchBudget_Throughput/AlternateOne/Burst=128-10              	   73160	     17700 ns/op	    2319 B/op	     128 allocs/op
BenchmarkMicroBatchBudget_Throughput/AlternateOne/Burst=128-10              	   73533	     20944 ns/op	    2064 B/op	     128 allocs/op
BenchmarkMicroBatchBudget_Throughput/AlternateOne/Burst=128-10              	   72595	     20956 ns/op	    2060 B/op	     128 allocs/op
BenchmarkMicroBatchBudget_Throughput/AlternateOne/Burst=128-10              	   74239	     20975 ns/op	    2063 B/op	     128 allocs/op
BenchmarkMicroBatchBudget_Throughput/AlternateOne/Burst=128-10              	   72970	     21099 ns/op	    2062 B/op	     128 allocs/op
BenchmarkMicroBatchBudget_Throughput/AlternateOne/Burst=256-10              	   36948	     32442 ns/op	    4913 B/op	     256 allocs/op
BenchmarkMicroBatchBudget_Throughput/AlternateOne/Burst=256-10              	   36793	     41928 ns/op	    4124 B/op	     256 allocs/op
BenchmarkMicroBatchBudget_Throughput/AlternateOne/Burst=256-10              	   35792	     41919 ns/op	    4127 B/op	     256 allocs/op
BenchmarkMicroBatchBudget_Throughput/AlternateOne/Burst=256-10              	   35044	     41952 ns/op	    4121 B/op	     256 allocs/op
BenchmarkMicroBatchBudget_Throughput/AlternateOne/Burst=256-10              	   35943	     42429 ns/op	    4128 B/op	     256 allocs/op
BenchmarkMicroBatchBudget_Throughput/AlternateOne/Burst=512-10              	   17884	     65488 ns/op	   10509 B/op	     512 allocs/op
BenchmarkMicroBatchBudget_Throughput/AlternateOne/Burst=512-10              	   17776	     84162 ns/op	    8260 B/op	     512 allocs/op
BenchmarkMicroBatchBudget_Throughput/AlternateOne/Burst=512-10              	   18189	     83916 ns/op	    8251 B/op	     512 allocs/op
BenchmarkMicroBatchBudget_Throughput/AlternateOne/Burst=512-10              	   18219	     83771 ns/op	    8240 B/op	     512 allocs/op
BenchmarkMicroBatchBudget_Throughput/AlternateOne/Burst=512-10              	   17940	     83433 ns/op	    8268 B/op	     512 allocs/op
BenchmarkMicroBatchBudget_Throughput/AlternateOne/Burst=1024-10             	    9764	    130330 ns/op	   19915 B/op	    1025 allocs/op
BenchmarkMicroBatchBudget_Throughput/AlternateOne/Burst=1024-10             	    9292	    168222 ns/op	   16481 B/op	    1024 allocs/op
BenchmarkMicroBatchBudget_Throughput/AlternateOne/Burst=1024-10             	    9530	    186505 ns/op	   16966 B/op	    1024 allocs/op
BenchmarkMicroBatchBudget_Throughput/AlternateOne/Burst=1024-10             	    8594	    169008 ns/op	   16507 B/op	    1024 allocs/op
BenchmarkMicroBatchBudget_Throughput/AlternateOne/Burst=1024-10             	    9943	    167053 ns/op	   16484 B/op	    1024 allocs/op
BenchmarkMicroBatchBudget_Throughput/AlternateOne/Burst=2048-10             	    4824	    272773 ns/op	   36102 B/op	    2049 allocs/op
BenchmarkMicroBatchBudget_Throughput/AlternateOne/Burst=2048-10             	    4575	    340315 ns/op	   32930 B/op	    2048 allocs/op
BenchmarkMicroBatchBudget_Throughput/AlternateOne/Burst=2048-10             	    4536	    335965 ns/op	   33017 B/op	    2048 allocs/op
BenchmarkMicroBatchBudget_Throughput/AlternateOne/Burst=2048-10             	    4602	    328013 ns/op	   33489 B/op	    2048 allocs/op
BenchmarkMicroBatchBudget_Throughput/AlternateOne/Burst=2048-10             	    3646	    277108 ns/op	   37671 B/op	    2049 allocs/op
BenchmarkMicroBatchBudget_Throughput/AlternateOne/Burst=4096-10             	    2332	    524140 ns/op	   79203 B/op	    4100 allocs/op
BenchmarkMicroBatchBudget_Throughput/AlternateOne/Burst=4096-10             	    1782	    583480 ns/op	   79629 B/op	    4100 allocs/op
BenchmarkMicroBatchBudget_Throughput/AlternateOne/Burst=4096-10             	    1620	    732159 ns/op	   70314 B/op	    4098 allocs/op
BenchmarkMicroBatchBudget_Throughput/AlternateOne/Burst=4096-10             	    1900	    560023 ns/op	   74413 B/op	    4099 allocs/op
BenchmarkMicroBatchBudget_Throughput/AlternateOne/Burst=4096-10             	    2122	    667465 ns/op	   65985 B/op	    4096 allocs/op
BenchmarkMicroBatchBudget_Throughput/AlternateTwo/Burst=64-10               	  155029	      7012 ns/op	    1072 B/op	      64 allocs/op
BenchmarkMicroBatchBudget_Throughput/AlternateTwo/Burst=64-10               	  154209	      7686 ns/op	    1053 B/op	      64 allocs/op
BenchmarkMicroBatchBudget_Throughput/AlternateTwo/Burst=64-10               	  117078	      9727 ns/op	    1086 B/op	      64 allocs/op
BenchmarkMicroBatchBudget_Throughput/AlternateTwo/Burst=64-10               	  136555	      7873 ns/op	    1057 B/op	      64 allocs/op
BenchmarkMicroBatchBudget_Throughput/AlternateTwo/Burst=64-10               	  170670	      7479 ns/op	    1054 B/op	      64 allocs/op
BenchmarkMicroBatchBudget_Throughput/AlternateTwo/Burst=128-10              	   76027	     15254 ns/op	    2114 B/op	     128 allocs/op
BenchmarkMicroBatchBudget_Throughput/AlternateTwo/Burst=128-10              	   87564	     15284 ns/op	    2102 B/op	     128 allocs/op
BenchmarkMicroBatchBudget_Throughput/AlternateTwo/Burst=128-10              	   88929	     16467 ns/op	    2117 B/op	     128 allocs/op
BenchmarkMicroBatchBudget_Throughput/AlternateTwo/Burst=128-10              	   68016	     18648 ns/op	    2117 B/op	     128 allocs/op
BenchmarkMicroBatchBudget_Throughput/AlternateTwo/Burst=128-10              	   73881	     16205 ns/op	    2102 B/op	     128 allocs/op
BenchmarkMicroBatchBudget_Throughput/AlternateTwo/Burst=256-10              	   40636	     31946 ns/op	    4218 B/op	     256 allocs/op
BenchmarkMicroBatchBudget_Throughput/AlternateTwo/Burst=256-10              	   37351	     36406 ns/op	    4238 B/op	     256 allocs/op
BenchmarkMicroBatchBudget_Throughput/AlternateTwo/Burst=256-10              	   39562	     29683 ns/op	    4194 B/op	     256 allocs/op
BenchmarkMicroBatchBudget_Throughput/AlternateTwo/Burst=256-10              	   37714	     28856 ns/op	    4209 B/op	     256 allocs/op
BenchmarkMicroBatchBudget_Throughput/AlternateTwo/Burst=256-10              	   39134	     32639 ns/op	    4209 B/op	     256 allocs/op
BenchmarkMicroBatchBudget_Throughput/AlternateTwo/Burst=512-10              	   19225	     57172 ns/op	    8459 B/op	     513 allocs/op
BenchmarkMicroBatchBudget_Throughput/AlternateTwo/Burst=512-10              	   20834	     61314 ns/op	    8425 B/op	     512 allocs/op
BenchmarkMicroBatchBudget_Throughput/AlternateTwo/Burst=512-10              	   20216	     61117 ns/op	    8391 B/op	     512 allocs/op
BenchmarkMicroBatchBudget_Throughput/AlternateTwo/Burst=512-10              	   20986	     61497 ns/op	    8392 B/op	     512 allocs/op
BenchmarkMicroBatchBudget_Throughput/AlternateTwo/Burst=512-10              	   19473	     61301 ns/op	    8408 B/op	     512 allocs/op
BenchmarkMicroBatchBudget_Throughput/AlternateTwo/Burst=1024-10             	    9738	    121475 ns/op	   16885 B/op	    1026 allocs/op
BenchmarkMicroBatchBudget_Throughput/AlternateTwo/Burst=1024-10             	    8266	    141071 ns/op	   16904 B/op	    1025 allocs/op
BenchmarkMicroBatchBudget_Throughput/AlternateTwo/Burst=1024-10             	   10000	    141849 ns/op	   19793 B/op	    1050 allocs/op
BenchmarkMicroBatchBudget_Throughput/AlternateTwo/Burst=1024-10             	    7714	    160176 ns/op	   16980 B/op	    1025 allocs/op
BenchmarkMicroBatchBudget_Throughput/AlternateTwo/Burst=1024-10             	   10352	    115809 ns/op	   16797 B/op	    1025 allocs/op
BenchmarkMicroBatchBudget_Throughput/AlternateTwo/Burst=2048-10             	    4904	    261110 ns/op	   33907 B/op	    2052 allocs/op
BenchmarkMicroBatchBudget_Throughput/AlternateTwo/Burst=2048-10             	    5073	    232315 ns/op	   33471 B/op	    2050 allocs/op
BenchmarkMicroBatchBudget_Throughput/AlternateTwo/Burst=2048-10             	    4840	    226994 ns/op	   33666 B/op	    2050 allocs/op
BenchmarkMicroBatchBudget_Throughput/AlternateTwo/Burst=2048-10             	    5629	    236504 ns/op	   33606 B/op	    2050 allocs/op
BenchmarkMicroBatchBudget_Throughput/AlternateTwo/Burst=2048-10             	    6788	    231649 ns/op	   33592 B/op	    2050 allocs/op
BenchmarkMicroBatchBudget_Throughput/AlternateTwo/Burst=4096-10             	    2992	    480598 ns/op	   67723 B/op	    4106 allocs/op
BenchmarkMicroBatchBudget_Throughput/AlternateTwo/Burst=4096-10             	    2833	    473054 ns/op	   67123 B/op	    4100 allocs/op
BenchmarkMicroBatchBudget_Throughput/AlternateTwo/Burst=4096-10             	    3079	    448085 ns/op	   67026 B/op	    4099 allocs/op
BenchmarkMicroBatchBudget_Throughput/AlternateTwo/Burst=4096-10             	    2136	    603078 ns/op	   77752 B/op	    4195 allocs/op
BenchmarkMicroBatchBudget_Throughput/AlternateTwo/Burst=4096-10             	    3168	    459878 ns/op	   67054 B/op	    4100 allocs/op
BenchmarkMicroBatchBudget_Throughput/AlternateThree/Burst=64-10             	  255937	      4612 ns/op	    1026 B/op	      64 allocs/op
BenchmarkMicroBatchBudget_Throughput/AlternateThree/Burst=64-10             	  249961	      4670 ns/op	    1026 B/op	      64 allocs/op
BenchmarkMicroBatchBudget_Throughput/AlternateThree/Burst=64-10             	  251949	      6620 ns/op	    1028 B/op	      64 allocs/op
BenchmarkMicroBatchBudget_Throughput/AlternateThree/Burst=64-10             	  253087	      4732 ns/op	    1026 B/op	      64 allocs/op
BenchmarkMicroBatchBudget_Throughput/AlternateThree/Burst=64-10             	  262611	      4682 ns/op	    1026 B/op	      64 allocs/op
BenchmarkMicroBatchBudget_Throughput/AlternateThree/Burst=128-10            	  130773	      9241 ns/op	    2053 B/op	     128 allocs/op
BenchmarkMicroBatchBudget_Throughput/AlternateThree/Burst=128-10            	  131672	      9300 ns/op	    2052 B/op	     128 allocs/op
BenchmarkMicroBatchBudget_Throughput/AlternateThree/Burst=128-10            	  130106	      9271 ns/op	    2053 B/op	     128 allocs/op
BenchmarkMicroBatchBudget_Throughput/AlternateThree/Burst=128-10            	  129466	      9281 ns/op	    2052 B/op	     128 allocs/op
BenchmarkMicroBatchBudget_Throughput/AlternateThree/Burst=128-10            	  127863	      9294 ns/op	    2052 B/op	     128 allocs/op
BenchmarkMicroBatchBudget_Throughput/AlternateThree/Burst=256-10            	   63927	     18279 ns/op	    4105 B/op	     256 allocs/op
BenchmarkMicroBatchBudget_Throughput/AlternateThree/Burst=256-10            	   64791	     18652 ns/op	    4107 B/op	     256 allocs/op
BenchmarkMicroBatchBudget_Throughput/AlternateThree/Burst=256-10            	   64671	     20094 ns/op	    4107 B/op	     256 allocs/op
BenchmarkMicroBatchBudget_Throughput/AlternateThree/Burst=256-10            	   57675	     19217 ns/op	    4151 B/op	     256 allocs/op
BenchmarkMicroBatchBudget_Throughput/AlternateThree/Burst=256-10            	   52891	     21872 ns/op	    4322 B/op	     256 allocs/op
BenchmarkMicroBatchBudget_Throughput/AlternateThree/Burst=512-10            	   28533	     90943 ns/op	    9296 B/op	     512 allocs/op
BenchmarkMicroBatchBudget_Throughput/AlternateThree/Burst=512-10            	   21489	     48599 ns/op	    9047 B/op	     512 allocs/op
BenchmarkMicroBatchBudget_Throughput/AlternateThree/Burst=512-10            	   26344	     61210 ns/op	    8992 B/op	     512 allocs/op
BenchmarkMicroBatchBudget_Throughput/AlternateThree/Burst=512-10            	   24720	     59462 ns/op	    8416 B/op	     512 allocs/op
BenchmarkMicroBatchBudget_Throughput/AlternateThree/Burst=512-10            	   29949	     40759 ns/op	    8399 B/op	     512 allocs/op
BenchmarkMicroBatchBudget_Throughput/AlternateThree/Burst=1024-10           	   14436	     83264 ns/op	   16433 B/op	    1024 allocs/op
BenchmarkMicroBatchBudget_Throughput/AlternateThree/Burst=1024-10           	   10000	    109149 ns/op	   16569 B/op	    1024 allocs/op
BenchmarkMicroBatchBudget_Throughput/AlternateThree/Burst=1024-10           	   15907	     74756 ns/op	   16423 B/op	    1024 allocs/op
BenchmarkMicroBatchBudget_Throughput/AlternateThree/Burst=1024-10           	   16028	     79630 ns/op	   16432 B/op	    1024 allocs/op
BenchmarkMicroBatchBudget_Throughput/AlternateThree/Burst=1024-10           	   16225	     83135 ns/op	   16442 B/op	    1024 allocs/op
BenchmarkMicroBatchBudget_Throughput/AlternateThree/Burst=2048-10           	    6850	    164876 ns/op	   32875 B/op	    2048 allocs/op
BenchmarkMicroBatchBudget_Throughput/AlternateThree/Burst=2048-10           	    8672	    154914 ns/op	   32852 B/op	    2048 allocs/op
BenchmarkMicroBatchBudget_Throughput/AlternateThree/Burst=2048-10           	    8688	    163469 ns/op	   32877 B/op	    2048 allocs/op
BenchmarkMicroBatchBudget_Throughput/AlternateThree/Burst=2048-10           	    8176	    168813 ns/op	   32939 B/op	    2048 allocs/op
BenchmarkMicroBatchBudget_Throughput/AlternateThree/Burst=2048-10           	    7002	    162785 ns/op	   32849 B/op	    2048 allocs/op
BenchmarkMicroBatchBudget_Throughput/AlternateThree/Burst=4096-10           	    4251	    299298 ns/op	   65730 B/op	    4096 allocs/op
BenchmarkMicroBatchBudget_Throughput/AlternateThree/Burst=4096-10           	    4333	    294133 ns/op	   65698 B/op	    4096 allocs/op
BenchmarkMicroBatchBudget_Throughput/AlternateThree/Burst=4096-10           	    4040	    295366 ns/op	   65701 B/op	    4096 allocs/op
BenchmarkMicroBatchBudget_Throughput/AlternateThree/Burst=4096-10           	    3957	    297471 ns/op	   65695 B/op	    4096 allocs/op
BenchmarkMicroBatchBudget_Throughput/AlternateThree/Burst=4096-10           	    3424	    324452 ns/op	   65728 B/op	    4096 allocs/op
BenchmarkMicroBatchBudget_Throughput/Baseline/Burst=64-10                   	  181575	      6601 ns/op	    3584 B/op	     192 allocs/op
BenchmarkMicroBatchBudget_Throughput/Baseline/Burst=64-10                   	  179509	      8222 ns/op	    3584 B/op	     192 allocs/op
BenchmarkMicroBatchBudget_Throughput/Baseline/Burst=64-10                   	  181716	      8006 ns/op	    3584 B/op	     192 allocs/op
BenchmarkMicroBatchBudget_Throughput/Baseline/Burst=64-10                   	  176932	      7901 ns/op	    3584 B/op	     192 allocs/op
BenchmarkMicroBatchBudget_Throughput/Baseline/Burst=64-10                   	  180774	      8149 ns/op	    3584 B/op	     192 allocs/op
BenchmarkMicroBatchBudget_Throughput/Baseline/Burst=128-10                  	   87747	     13686 ns/op	    7168 B/op	     384 allocs/op
BenchmarkMicroBatchBudget_Throughput/Baseline/Burst=128-10                  	   81742	     12456 ns/op	    7170 B/op	     384 allocs/op
BenchmarkMicroBatchBudget_Throughput/Baseline/Burst=128-10                  	   97558	     16569 ns/op	    7181 B/op	     384 allocs/op
BenchmarkMicroBatchBudget_Throughput/Baseline/Burst=128-10                  	   70723	     18458 ns/op	    7192 B/op	     384 allocs/op
BenchmarkMicroBatchBudget_Throughput/Baseline/Burst=128-10                  	   92109	     17417 ns/op	    7177 B/op	     384 allocs/op
BenchmarkMicroBatchBudget_Throughput/Baseline/Burst=256-10                  	   39948	     30270 ns/op	   14401 B/op	     768 allocs/op
BenchmarkMicroBatchBudget_Throughput/Baseline/Burst=256-10                  	   40154	     34653 ns/op	   14369 B/op	     768 allocs/op
BenchmarkMicroBatchBudget_Throughput/Baseline/Burst=256-10                  	   38595	     32797 ns/op	   14339 B/op	     768 allocs/op
BenchmarkMicroBatchBudget_Throughput/Baseline/Burst=256-10                  	   38082	     32193 ns/op	   14345 B/op	     768 allocs/op
BenchmarkMicroBatchBudget_Throughput/Baseline/Burst=256-10                  	   47748	     34068 ns/op	   14343 B/op	     768 allocs/op
BenchmarkMicroBatchBudget_Throughput/Baseline/Burst=512-10                  	   18669	     79007 ns/op	   28795 B/op	    1536 allocs/op
BenchmarkMicroBatchBudget_Throughput/Baseline/Burst=512-10                  	   19087	     65218 ns/op	   28681 B/op	    1536 allocs/op
BenchmarkMicroBatchBudget_Throughput/Baseline/Burst=512-10                  	   19878	     71897 ns/op	   28722 B/op	    1536 allocs/op
BenchmarkMicroBatchBudget_Throughput/Baseline/Burst=512-10                  	   20048	     65581 ns/op	   28677 B/op	    1536 allocs/op
BenchmarkMicroBatchBudget_Throughput/Baseline/Burst=512-10                  	   21205	     65796 ns/op	   28678 B/op	    1536 allocs/op
BenchmarkMicroBatchBudget_Throughput/Baseline/Burst=1024-10                 	   10000	    119970 ns/op	   57364 B/op	    3072 allocs/op
BenchmarkMicroBatchBudget_Throughput/Baseline/Burst=1024-10                 	    9518	    131224 ns/op	   57421 B/op	    3072 allocs/op
BenchmarkMicroBatchBudget_Throughput/Baseline/Burst=1024-10                 	    7560	    134165 ns/op	   57426 B/op	    3072 allocs/op
BenchmarkMicroBatchBudget_Throughput/Baseline/Burst=1024-10                 	    9228	    138335 ns/op	   57411 B/op	    3072 allocs/op
BenchmarkMicroBatchBudget_Throughput/Baseline/Burst=1024-10                 	    8841	    152694 ns/op	   57605 B/op	    3072 allocs/op
BenchmarkMicroBatchBudget_Throughput/Baseline/Burst=2048-10                 	    3672	    287772 ns/op	  115251 B/op	    6144 allocs/op
BenchmarkMicroBatchBudget_Throughput/Baseline/Burst=2048-10                 	    4083	    267057 ns/op	  114841 B/op	    6144 allocs/op
BenchmarkMicroBatchBudget_Throughput/Baseline/Burst=2048-10                 	    4532	    242552 ns/op	  114925 B/op	    6144 allocs/op
BenchmarkMicroBatchBudget_Throughput/Baseline/Burst=2048-10                 	    4274	    276678 ns/op	  115056 B/op	    6144 allocs/op
BenchmarkMicroBatchBudget_Throughput/Baseline/Burst=2048-10                 	    4915	    270336 ns/op	  114797 B/op	    6144 allocs/op
BenchmarkMicroBatchBudget_Throughput/Baseline/Burst=4096-10                 	    2124	    495013 ns/op	  229478 B/op	   12288 allocs/op
BenchmarkMicroBatchBudget_Throughput/Baseline/Burst=4096-10                 	    2811	    517219 ns/op	  229452 B/op	   12288 allocs/op
BenchmarkMicroBatchBudget_Throughput/Baseline/Burst=4096-10                 	    2486	    423108 ns/op	  229610 B/op	   12288 allocs/op
BenchmarkMicroBatchBudget_Throughput/Baseline/Burst=4096-10                 	    3000	    484037 ns/op	  229429 B/op	   12288 allocs/op
BenchmarkMicroBatchBudget_Throughput/Baseline/Burst=4096-10                 	    2506	    426798 ns/op	  229507 B/op	   12288 allocs/op
BenchmarkMicroBatchBudget_Latency/Main/Burst=64-10                          	   37236	     33513 ns/op	    1152 B/op	      66 allocs/op
BenchmarkMicroBatchBudget_Latency/Main/Burst=64-10                          	   35320	     34197 ns/op	    1152 B/op	      66 allocs/op
BenchmarkMicroBatchBudget_Latency/Main/Burst=64-10                          	   37172	     35137 ns/op	    1152 B/op	      66 allocs/op
BenchmarkMicroBatchBudget_Latency/Main/Burst=64-10                          	   37053	     31861 ns/op	    1152 B/op	      66 allocs/op
BenchmarkMicroBatchBudget_Latency/Main/Burst=64-10                          	   38623	     29815 ns/op	    1152 B/op	      66 allocs/op
BenchmarkMicroBatchBudget_Latency/Main/Burst=128-10                         	   19519	     60499 ns/op	    2177 B/op	     130 allocs/op
BenchmarkMicroBatchBudget_Latency/Main/Burst=128-10                         	   20139	     60745 ns/op	    2177 B/op	     130 allocs/op
BenchmarkMicroBatchBudget_Latency/Main/Burst=128-10                         	   19828	     59278 ns/op	    2177 B/op	     130 allocs/op
BenchmarkMicroBatchBudget_Latency/Main/Burst=128-10                         	   20293	     57759 ns/op	    2177 B/op	     130 allocs/op
BenchmarkMicroBatchBudget_Latency/Main/Burst=128-10                         	   20054	     60060 ns/op	    2177 B/op	     130 allocs/op
BenchmarkMicroBatchBudget_Latency/Main/Burst=256-10                         	    9226	    169466 ns/op	   45154 B/op	     265 allocs/op
BenchmarkMicroBatchBudget_Latency/Main/Burst=256-10                         	    9181	    125286 ns/op	   45373 B/op	     265 allocs/op
BenchmarkMicroBatchBudget_Latency/Main/Burst=256-10                         	    9710	    122030 ns/op	   42141 B/op	     264 allocs/op
BenchmarkMicroBatchBudget_Latency/Main/Burst=256-10                         	    9879	    122205 ns/op	   45867 B/op	     265 allocs/op
BenchmarkMicroBatchBudget_Latency/Main/Burst=256-10                         	    9234	    122139 ns/op	   46058 B/op	     265 allocs/op
BenchmarkMicroBatchBudget_Latency/Main/Burst=512-10                         	    5224	    239139 ns/op	   92467 B/op	     526 allocs/op
BenchmarkMicroBatchBudget_Latency/Main/Burst=512-10                         	    5022	    250797 ns/op	   91909 B/op	     525 allocs/op
BenchmarkMicroBatchBudget_Latency/Main/Burst=512-10                         	    4911	    252031 ns/op	   93373 B/op	     525 allocs/op
BenchmarkMicroBatchBudget_Latency/Main/Burst=512-10                         	    4752	    250024 ns/op	   92816 B/op	     525 allocs/op
BenchmarkMicroBatchBudget_Latency/Main/Burst=512-10                         	    4800	    250536 ns/op	   92105 B/op	     525 allocs/op
BenchmarkMicroBatchBudget_Latency/Main/Burst=1024-10                        	    2346	    498201 ns/op	  182923 B/op	    1049 allocs/op
BenchmarkMicroBatchBudget_Latency/Main/Burst=1024-10                        	    2418	    496346 ns/op	  176036 B/op	    1047 allocs/op
BenchmarkMicroBatchBudget_Latency/Main/Burst=1024-10                        	    2488	    500640 ns/op	  184887 B/op	    1049 allocs/op
BenchmarkMicroBatchBudget_Latency/Main/Burst=1024-10                        	    2396	    504183 ns/op	  184249 B/op	    1048 allocs/op
BenchmarkMicroBatchBudget_Latency/Main/Burst=1024-10                        	    2386	    504966 ns/op	  184572 B/op	    1048 allocs/op
BenchmarkMicroBatchBudget_Latency/Main/Burst=2048-10                        	    1189	   1022895 ns/op	  419033 B/op	    2108 allocs/op
BenchmarkMicroBatchBudget_Latency/Main/Burst=2048-10                        	    1159	   1025524 ns/op	  421965 B/op	    2108 allocs/op
BenchmarkMicroBatchBudget_Latency/Main/Burst=2048-10                        	    1188	   1006472 ns/op	  419915 B/op	    2108 allocs/op
BenchmarkMicroBatchBudget_Latency/Main/Burst=2048-10                        	    1170	    977693 ns/op	  303508 B/op	    2094 allocs/op
BenchmarkMicroBatchBudget_Latency/Main/Burst=2048-10                        	    1224	    974247 ns/op	  300973 B/op	    2094 allocs/op
BenchmarkMicroBatchBudget_Latency/Main/Burst=4096-10                        	     574	   2567878 ns/op	 1020496 B/op	    4180 allocs/op
BenchmarkMicroBatchBudget_Latency/Main/Burst=4096-10                        	     598	   2048688 ns/op	  866334 B/op	    4200 allocs/op
BenchmarkMicroBatchBudget_Latency/Main/Burst=4096-10                        	     609	   2013057 ns/op	  834503 B/op	    4198 allocs/op
BenchmarkMicroBatchBudget_Latency/Main/Burst=4096-10                        	     612	   2102015 ns/op	  908869 B/op	    4199 allocs/op
BenchmarkMicroBatchBudget_Latency/Main/Burst=4096-10                        	     621	   1968774 ns/op	  794288 B/op	    4192 allocs/op
BenchmarkMicroBatchBudget_Latency/MainFastPathForced/Burst=64-10            	   41721	     29009 ns/op	    1152 B/op	      66 allocs/op
BenchmarkMicroBatchBudget_Latency/MainFastPathForced/Burst=64-10            	   41838	     28809 ns/op	    1152 B/op	      66 allocs/op
BenchmarkMicroBatchBudget_Latency/MainFastPathForced/Burst=64-10            	   41107	     29323 ns/op	    1152 B/op	      66 allocs/op
BenchmarkMicroBatchBudget_Latency/MainFastPathForced/Burst=64-10            	   41067	     29311 ns/op	    1152 B/op	      66 allocs/op
BenchmarkMicroBatchBudget_Latency/MainFastPathForced/Burst=64-10            	   40940	     29325 ns/op	    1152 B/op	      66 allocs/op
BenchmarkMicroBatchBudget_Latency/MainFastPathForced/Burst=128-10           	   21098	     56806 ns/op	    2177 B/op	     130 allocs/op
BenchmarkMicroBatchBudget_Latency/MainFastPathForced/Burst=128-10           	   21105	     56973 ns/op	    2177 B/op	     130 allocs/op
BenchmarkMicroBatchBudget_Latency/MainFastPathForced/Burst=128-10           	   21048	     57148 ns/op	    2177 B/op	     130 allocs/op
BenchmarkMicroBatchBudget_Latency/MainFastPathForced/Burst=128-10           	   21058	     57063 ns/op	    2177 B/op	     130 allocs/op
BenchmarkMicroBatchBudget_Latency/MainFastPathForced/Burst=128-10           	   21086	     56776 ns/op	    2177 B/op	     130 allocs/op
BenchmarkMicroBatchBudget_Latency/MainFastPathForced/Burst=256-10           	    9854	    120848 ns/op	   40890 B/op	     264 allocs/op
BenchmarkMicroBatchBudget_Latency/MainFastPathForced/Burst=256-10           	    9974	    120821 ns/op	   41805 B/op	     264 allocs/op
BenchmarkMicroBatchBudget_Latency/MainFastPathForced/Burst=256-10           	    9940	    120567 ns/op	   41806 B/op	     264 allocs/op
BenchmarkMicroBatchBudget_Latency/MainFastPathForced/Burst=256-10           	    9981	    121269 ns/op	   42103 B/op	     264 allocs/op
BenchmarkMicroBatchBudget_Latency/MainFastPathForced/Burst=256-10           	   10000	    121219 ns/op	   41535 B/op	     264 allocs/op
BenchmarkMicroBatchBudget_Latency/MainFastPathForced/Burst=512-10           	    4917	    241390 ns/op	   75389 B/op	     523 allocs/op
BenchmarkMicroBatchBudget_Latency/MainFastPathForced/Burst=512-10           	    5026	    240962 ns/op	   74157 B/op	     523 allocs/op
BenchmarkMicroBatchBudget_Latency/MainFastPathForced/Burst=512-10           	    5016	    240762 ns/op	   74549 B/op	     523 allocs/op
BenchmarkMicroBatchBudget_Latency/MainFastPathForced/Burst=512-10           	    4971	    240825 ns/op	   75027 B/op	     523 allocs/op
BenchmarkMicroBatchBudget_Latency/MainFastPathForced/Burst=512-10           	    4993	    241142 ns/op	   77169 B/op	     524 allocs/op
BenchmarkMicroBatchBudget_Latency/MainFastPathForced/Burst=1024-10          	    2512	    512169 ns/op	  149472 B/op	    1043 allocs/op
BenchmarkMicroBatchBudget_Latency/MainFastPathForced/Burst=1024-10          	    2517	    480099 ns/op	  133258 B/op	    1042 allocs/op
BenchmarkMicroBatchBudget_Latency/MainFastPathForced/Burst=1024-10          	    2506	    478332 ns/op	  130118 B/op	    1042 allocs/op
BenchmarkMicroBatchBudget_Latency/MainFastPathForced/Burst=1024-10          	    2506	    478007 ns/op	  131508 B/op	    1042 allocs/op
BenchmarkMicroBatchBudget_Latency/MainFastPathForced/Burst=1024-10          	    2540	    477426 ns/op	  131424 B/op	    1042 allocs/op
BenchmarkMicroBatchBudget_Latency/MainFastPathForced/Burst=2048-10          	    1237	    971589 ns/op	  288709 B/op	    2092 allocs/op
BenchmarkMicroBatchBudget_Latency/MainFastPathForced/Burst=2048-10          	    1236	    970790 ns/op	  288021 B/op	    2092 allocs/op
BenchmarkMicroBatchBudget_Latency/MainFastPathForced/Burst=2048-10          	    1238	    972347 ns/op	  290673 B/op	    2093 allocs/op
BenchmarkMicroBatchBudget_Latency/MainFastPathForced/Burst=2048-10          	    1220	    971014 ns/op	  294170 B/op	    2093 allocs/op
BenchmarkMicroBatchBudget_Latency/MainFastPathForced/Burst=2048-10          	    1233	    965346 ns/op	  281058 B/op	    2091 allocs/op
BenchmarkMicroBatchBudget_Latency/MainFastPathForced/Burst=4096-10          	     619	   1932294 ns/op	  617843 B/op	    4171 allocs/op
BenchmarkMicroBatchBudget_Latency/MainFastPathForced/Burst=4096-10          	     620	   1924476 ns/op	  608746 B/op	    4169 allocs/op
BenchmarkMicroBatchBudget_Latency/MainFastPathForced/Burst=4096-10          	     619	   1941145 ns/op	  630422 B/op	    4172 allocs/op
BenchmarkMicroBatchBudget_Latency/MainFastPathForced/Burst=4096-10          	     622	   1944010 ns/op	  616175 B/op	    4170 allocs/op
BenchmarkMicroBatchBudget_Latency/MainFastPathForced/Burst=4096-10          	     616	   1937551 ns/op	  613072 B/op	    4170 allocs/op
BenchmarkMicroBatchBudget_Latency/MainFastPathDisabled/Burst=64-10          	   31876	     37712 ns/op	    1180 B/op	      67 allocs/op
BenchmarkMicroBatchBudget_Latency/MainFastPathDisabled/Burst=64-10          	   31738	     37665 ns/op	    1180 B/op	      67 allocs/op
BenchmarkMicroBatchBudget_Latency/MainFastPathDisabled/Burst=64-10          	   31947	     37913 ns/op	    1181 B/op	      67 allocs/op
BenchmarkMicroBatchBudget_Latency/MainFastPathDisabled/Burst=64-10          	   31771	     37921 ns/op	    1180 B/op	      67 allocs/op
BenchmarkMicroBatchBudget_Latency/MainFastPathDisabled/Burst=64-10          	   31791	     37903 ns/op	    1180 B/op	      67 allocs/op
BenchmarkMicroBatchBudget_Latency/MainFastPathDisabled/Burst=128-10         	   18658	     63869 ns/op	    2205 B/op	     131 allocs/op
BenchmarkMicroBatchBudget_Latency/MainFastPathDisabled/Burst=128-10         	   18734	     63727 ns/op	    2205 B/op	     131 allocs/op
BenchmarkMicroBatchBudget_Latency/MainFastPathDisabled/Burst=128-10         	   18752	     63889 ns/op	    2205 B/op	     131 allocs/op
BenchmarkMicroBatchBudget_Latency/MainFastPathDisabled/Burst=128-10         	   18637	     64137 ns/op	    2205 B/op	     131 allocs/op
BenchmarkMicroBatchBudget_Latency/MainFastPathDisabled/Burst=128-10         	   18542	     63957 ns/op	    2205 B/op	     131 allocs/op
BenchmarkMicroBatchBudget_Latency/MainFastPathDisabled/Burst=256-10         	    9342	    126297 ns/op	   33589 B/op	     265 allocs/op
BenchmarkMicroBatchBudget_Latency/MainFastPathDisabled/Burst=256-10         	    9626	    126104 ns/op	   33277 B/op	     265 allocs/op
BenchmarkMicroBatchBudget_Latency/MainFastPathDisabled/Burst=256-10         	    9477	    126193 ns/op	   33524 B/op	     265 allocs/op
BenchmarkMicroBatchBudget_Latency/MainFastPathDisabled/Burst=256-10         	    9561	    129501 ns/op	   35287 B/op	     265 allocs/op
BenchmarkMicroBatchBudget_Latency/MainFastPathDisabled/Burst=256-10         	    9561	    126233 ns/op	   33952 B/op	     265 allocs/op
BenchmarkMicroBatchBudget_Latency/MainFastPathDisabled/Burst=512-10         	    4820	    244960 ns/op	   64963 B/op	     524 allocs/op
BenchmarkMicroBatchBudget_Latency/MainFastPathDisabled/Burst=512-10         	    4932	    246016 ns/op	   63623 B/op	     524 allocs/op
BenchmarkMicroBatchBudget_Latency/MainFastPathDisabled/Burst=512-10         	    4838	    244996 ns/op	   63724 B/op	     524 allocs/op
BenchmarkMicroBatchBudget_Latency/MainFastPathDisabled/Burst=512-10         	    4917	    245920 ns/op	   64346 B/op	     524 allocs/op
BenchmarkMicroBatchBudget_Latency/MainFastPathDisabled/Burst=512-10         	    4959	    244704 ns/op	   63049 B/op	     524 allocs/op
BenchmarkMicroBatchBudget_Latency/MainFastPathDisabled/Burst=1024-10        	    2475	    484764 ns/op	  121780 B/op	    1043 allocs/op
BenchmarkMicroBatchBudget_Latency/MainFastPathDisabled/Burst=1024-10        	    2472	    486025 ns/op	  126500 B/op	    1043 allocs/op
BenchmarkMicroBatchBudget_Latency/MainFastPathDisabled/Burst=1024-10        	    2497	    484003 ns/op	  126152 B/op	    1043 allocs/op
BenchmarkMicroBatchBudget_Latency/MainFastPathDisabled/Burst=1024-10        	    2482	    483041 ns/op	  119287 B/op	    1042 allocs/op
BenchmarkMicroBatchBudget_Latency/MainFastPathDisabled/Burst=1024-10        	    2485	    481508 ns/op	  118320 B/op	    1042 allocs/op
BenchmarkMicroBatchBudget_Latency/MainFastPathDisabled/Burst=2048-10        	    1232	    972445 ns/op	  273400 B/op	    2092 allocs/op
BenchmarkMicroBatchBudget_Latency/MainFastPathDisabled/Burst=2048-10        	    1244	    974117 ns/op	  274760 B/op	    2092 allocs/op
BenchmarkMicroBatchBudget_Latency/MainFastPathDisabled/Burst=2048-10        	    1228	    974453 ns/op	  277360 B/op	    2093 allocs/op
BenchmarkMicroBatchBudget_Latency/MainFastPathDisabled/Burst=2048-10        	    1219	   1544271 ns/op	  328845 B/op	    2082 allocs/op
BenchmarkMicroBatchBudget_Latency/MainFastPathDisabled/Burst=2048-10        	    1226	    991601 ns/op	  300896 B/op	    2095 allocs/op
BenchmarkMicroBatchBudget_Latency/MainFastPathDisabled/Burst=4096-10        	     615	   1940786 ns/op	  605411 B/op	    4171 allocs/op
BenchmarkMicroBatchBudget_Latency/MainFastPathDisabled/Burst=4096-10        	     616	   1944741 ns/op	  618776 B/op	    4172 allocs/op
BenchmarkMicroBatchBudget_Latency/MainFastPathDisabled/Burst=4096-10        	     618	   1939346 ns/op	  612022 B/op	    4172 allocs/op
BenchmarkMicroBatchBudget_Latency/MainFastPathDisabled/Burst=4096-10        	     621	   1940992 ns/op	  606739 B/op	    4171 allocs/op
BenchmarkMicroBatchBudget_Latency/MainFastPathDisabled/Burst=4096-10        	     620	   1938349 ns/op	  610422 B/op	    4172 allocs/op
BenchmarkMicroBatchBudget_Latency/AlternateOne/Burst=64-10                  	   84708	     14077 ns/op	    1152 B/op	      66 allocs/op
BenchmarkMicroBatchBudget_Latency/AlternateOne/Burst=64-10                  	   79225	     14151 ns/op	    1152 B/op	      66 allocs/op
BenchmarkMicroBatchBudget_Latency/AlternateOne/Burst=64-10                  	   87274	     14070 ns/op	    1152 B/op	      66 allocs/op
BenchmarkMicroBatchBudget_Latency/AlternateOne/Burst=64-10                  	   85801	     14124 ns/op	    1152 B/op	      66 allocs/op
BenchmarkMicroBatchBudget_Latency/AlternateOne/Burst=64-10                  	   85407	     14061 ns/op	    1152 B/op	      66 allocs/op
BenchmarkMicroBatchBudget_Latency/AlternateOne/Burst=128-10                 	   70056	     17222 ns/op	    2176 B/op	     130 allocs/op
BenchmarkMicroBatchBudget_Latency/AlternateOne/Burst=128-10                 	   67890	     17266 ns/op	    2176 B/op	     130 allocs/op
BenchmarkMicroBatchBudget_Latency/AlternateOne/Burst=128-10                 	   69718	     17539 ns/op	    2176 B/op	     130 allocs/op
BenchmarkMicroBatchBudget_Latency/AlternateOne/Burst=128-10                 	   68738	     21847 ns/op	    2176 B/op	     130 allocs/op
BenchmarkMicroBatchBudget_Latency/AlternateOne/Burst=128-10                 	   65328	     17383 ns/op	    2176 B/op	     130 allocs/op
BenchmarkMicroBatchBudget_Latency/AlternateOne/Burst=256-10                 	   31606	     41162 ns/op	    4234 B/op	     258 allocs/op
BenchmarkMicroBatchBudget_Latency/AlternateOne/Burst=256-10                 	   32083	     41192 ns/op	    4232 B/op	     258 allocs/op
BenchmarkMicroBatchBudget_Latency/AlternateOne/Burst=256-10                 	   31848	     41187 ns/op	    4232 B/op	     258 allocs/op
BenchmarkMicroBatchBudget_Latency/AlternateOne/Burst=256-10                 	   31846	     40962 ns/op	    4231 B/op	     258 allocs/op
BenchmarkMicroBatchBudget_Latency/AlternateOne/Burst=256-10                 	   31514	     40924 ns/op	    4233 B/op	     258 allocs/op
BenchmarkMicroBatchBudget_Latency/AlternateOne/Burst=512-10                 	   15739	     74778 ns/op	    8342 B/op	     514 allocs/op
BenchmarkMicroBatchBudget_Latency/AlternateOne/Burst=512-10                 	   16513	     79932 ns/op	    8337 B/op	     514 allocs/op
BenchmarkMicroBatchBudget_Latency/AlternateOne/Burst=512-10                 	   14834	     72740 ns/op	    8339 B/op	     514 allocs/op
BenchmarkMicroBatchBudget_Latency/AlternateOne/Burst=512-10                 	   14656	     72015 ns/op	    8345 B/op	     514 allocs/op
BenchmarkMicroBatchBudget_Latency/AlternateOne/Burst=512-10                 	   14899	     74565 ns/op	    8340 B/op	     514 allocs/op
BenchmarkMicroBatchBudget_Latency/AlternateOne/Burst=1024-10                	    8560	    156520 ns/op	   16554 B/op	    1026 allocs/op
BenchmarkMicroBatchBudget_Latency/AlternateOne/Burst=1024-10                	    9343	    153261 ns/op	   16555 B/op	    1026 allocs/op
BenchmarkMicroBatchBudget_Latency/AlternateOne/Burst=1024-10                	    6932	    170806 ns/op	   16551 B/op	    1026 allocs/op
BenchmarkMicroBatchBudget_Latency/AlternateOne/Burst=1024-10                	    8646	    150869 ns/op	   16558 B/op	    1026 allocs/op
BenchmarkMicroBatchBudget_Latency/AlternateOne/Burst=1024-10                	    6693	    156308 ns/op	   16554 B/op	    1026 allocs/op
BenchmarkMicroBatchBudget_Latency/AlternateOne/Burst=2048-10                	    4204	    268749 ns/op	   33002 B/op	    2050 allocs/op
BenchmarkMicroBatchBudget_Latency/AlternateOne/Burst=2048-10                	    3685	    326410 ns/op	   33001 B/op	    2050 allocs/op
BenchmarkMicroBatchBudget_Latency/AlternateOne/Burst=2048-10                	    3783	    277705 ns/op	   33014 B/op	    2050 allocs/op
BenchmarkMicroBatchBudget_Latency/AlternateOne/Burst=2048-10                	    4432	    318589 ns/op	   32996 B/op	    2050 allocs/op
BenchmarkMicroBatchBudget_Latency/AlternateOne/Burst=2048-10                	    3664	    276887 ns/op	   33008 B/op	    2050 allocs/op
BenchmarkMicroBatchBudget_Latency/AlternateOne/Burst=4096-10                	    2140	    552179 ns/op	   66027 B/op	    4098 allocs/op
BenchmarkMicroBatchBudget_Latency/AlternateOne/Burst=4096-10                	    2044	    741424 ns/op	   66014 B/op	    4098 allocs/op
BenchmarkMicroBatchBudget_Latency/AlternateOne/Burst=4096-10                	    1893	    685462 ns/op	   65978 B/op	    4098 allocs/op
BenchmarkMicroBatchBudget_Latency/AlternateOne/Burst=4096-10                	    2067	   1697586 ns/op	   65928 B/op	    4098 allocs/op
BenchmarkMicroBatchBudget_Latency/AlternateOne/Burst=4096-10                	    1539	    903238 ns/op	   65920 B/op	    4098 allocs/op
BenchmarkMicroBatchBudget_Latency/AlternateTwo/Burst=64-10                  	   39076	     60566 ns/op	    1161 B/op	      66 allocs/op
BenchmarkMicroBatchBudget_Latency/AlternateTwo/Burst=64-10                  	   55210	     23134 ns/op	    1157 B/op	      66 allocs/op
BenchmarkMicroBatchBudget_Latency/AlternateTwo/Burst=64-10                  	   42781	     23545 ns/op	    1158 B/op	      66 allocs/op
BenchmarkMicroBatchBudget_Latency/AlternateTwo/Burst=64-10                  	   57344	     19882 ns/op	    1157 B/op	      66 allocs/op
BenchmarkMicroBatchBudget_Latency/AlternateTwo/Burst=64-10                  	   63322	     22522 ns/op	    1157 B/op	      66 allocs/op
BenchmarkMicroBatchBudget_Latency/AlternateTwo/Burst=128-10                 	   51865	     25381 ns/op	    2195 B/op	     130 allocs/op
BenchmarkMicroBatchBudget_Latency/AlternateTwo/Burst=128-10                 	   43695	     27676 ns/op	    2192 B/op	     130 allocs/op
BenchmarkMicroBatchBudget_Latency/AlternateTwo/Burst=128-10                 	   42519	     30791 ns/op	    2193 B/op	     130 allocs/op
BenchmarkMicroBatchBudget_Latency/AlternateTwo/Burst=128-10                 	   47998	     28098 ns/op	    2193 B/op	     130 allocs/op
BenchmarkMicroBatchBudget_Latency/AlternateTwo/Burst=128-10                 	   46795	     25689 ns/op	    2191 B/op	     130 allocs/op
BenchmarkMicroBatchBudget_Latency/AlternateTwo/Burst=256-10                 	   27375	     52013 ns/op	    4291 B/op	     258 allocs/op
BenchmarkMicroBatchBudget_Latency/AlternateTwo/Burst=256-10                 	   27926	     45347 ns/op	    4276 B/op	     258 allocs/op
BenchmarkMicroBatchBudget_Latency/AlternateTwo/Burst=256-10                 	   26122	     45785 ns/op	    4274 B/op	     258 allocs/op
BenchmarkMicroBatchBudget_Latency/AlternateTwo/Burst=256-10                 	   33898	     42518 ns/op	    4269 B/op	     258 allocs/op
BenchmarkMicroBatchBudget_Latency/AlternateTwo/Burst=256-10                 	   30741	     38390 ns/op	    4272 B/op	     258 allocs/op
BenchmarkMicroBatchBudget_Latency/AlternateTwo/Burst=512-10                 	   16137	    101240 ns/op	    8543 B/op	     514 allocs/op
BenchmarkMicroBatchBudget_Latency/AlternateTwo/Burst=512-10                 	   15214	     84019 ns/op	    8470 B/op	     514 allocs/op
BenchmarkMicroBatchBudget_Latency/AlternateTwo/Burst=512-10                 	   19652	     65594 ns/op	    8466 B/op	     514 allocs/op
BenchmarkMicroBatchBudget_Latency/AlternateTwo/Burst=512-10                 	   19350	     63132 ns/op	    8452 B/op	     514 allocs/op
BenchmarkMicroBatchBudget_Latency/AlternateTwo/Burst=512-10                 	   18736	     61337 ns/op	    8450 B/op	     514 allocs/op
BenchmarkMicroBatchBudget_Latency/AlternateTwo/Burst=1024-10                	    8160	    124801 ns/op	   16933 B/op	    1027 allocs/op
BenchmarkMicroBatchBudget_Latency/AlternateTwo/Burst=1024-10                	    9608	    122582 ns/op	   16896 B/op	    1027 allocs/op
BenchmarkMicroBatchBudget_Latency/AlternateTwo/Burst=1024-10                	    8533	    120078 ns/op	   16856 B/op	    1027 allocs/op
BenchmarkMicroBatchBudget_Latency/AlternateTwo/Burst=1024-10                	   10000	    123609 ns/op	   16844 B/op	    1027 allocs/op
BenchmarkMicroBatchBudget_Latency/AlternateTwo/Burst=1024-10                	    9554	    133821 ns/op	   16912 B/op	    1027 allocs/op
BenchmarkMicroBatchBudget_Latency/AlternateTwo/Burst=2048-10                	    4296	    292034 ns/op	   34328 B/op	    2055 allocs/op
BenchmarkMicroBatchBudget_Latency/AlternateTwo/Burst=2048-10                	    3727	    322098 ns/op	   33943 B/op	    2053 allocs/op
BenchmarkMicroBatchBudget_Latency/AlternateTwo/Burst=2048-10                	    4837	    330140 ns/op	   34003 B/op	    2052 allocs/op
BenchmarkMicroBatchBudget_Latency/AlternateTwo/Burst=2048-10                	    3312	    368249 ns/op	   34483 B/op	    2053 allocs/op
BenchmarkMicroBatchBudget_Latency/AlternateTwo/Burst=2048-10                	    3717	    318779 ns/op	   33977 B/op	    2053 allocs/op
BenchmarkMicroBatchBudget_Latency/AlternateTwo/Burst=4096-10                	    1974	    670042 ns/op	   70242 B/op	    4118 allocs/op
BenchmarkMicroBatchBudget_Latency/AlternateTwo/Burst=4096-10                	    1962	    619219 ns/op	   69015 B/op	    4110 allocs/op
BenchmarkMicroBatchBudget_Latency/AlternateTwo/Burst=4096-10                	    1692	    631424 ns/op	   67760 B/op	    4105 allocs/op
BenchmarkMicroBatchBudget_Latency/AlternateTwo/Burst=4096-10                	    1671	    663835 ns/op	   68454 B/op	    4107 allocs/op
BenchmarkMicroBatchBudget_Latency/AlternateTwo/Burst=4096-10                	    1981	    671869 ns/op	   67575 B/op	    4102 allocs/op
BenchmarkMicroBatchBudget_Latency/AlternateThree/Burst=64-10                	   77049	     15648 ns/op	    1152 B/op	      66 allocs/op
BenchmarkMicroBatchBudget_Latency/AlternateThree/Burst=64-10                	   75337	     16991 ns/op	    1152 B/op	      66 allocs/op
BenchmarkMicroBatchBudget_Latency/AlternateThree/Burst=64-10                	   74346	     16356 ns/op	    1152 B/op	      66 allocs/op
BenchmarkMicroBatchBudget_Latency/AlternateThree/Burst=64-10                	   78474	     16229 ns/op	    1152 B/op	      66 allocs/op
BenchmarkMicroBatchBudget_Latency/AlternateThree/Burst=64-10                	   65624	     16080 ns/op	    1152 B/op	      66 allocs/op
BenchmarkMicroBatchBudget_Latency/AlternateThree/Burst=128-10               	   62900	     18652 ns/op	    2176 B/op	     130 allocs/op
BenchmarkMicroBatchBudget_Latency/AlternateThree/Burst=128-10               	   60489	     19506 ns/op	    2176 B/op	     130 allocs/op
BenchmarkMicroBatchBudget_Latency/AlternateThree/Burst=128-10               	   63020	     21277 ns/op	    2176 B/op	     130 allocs/op
BenchmarkMicroBatchBudget_Latency/AlternateThree/Burst=128-10               	   44052	     25282 ns/op	    2176 B/op	     130 allocs/op
BenchmarkMicroBatchBudget_Latency/AlternateThree/Burst=128-10               	   58387	     18986 ns/op	    2176 B/op	     130 allocs/op
BenchmarkMicroBatchBudget_Latency/AlternateThree/Burst=256-10               	   40051	     31284 ns/op	    4228 B/op	     258 allocs/op
BenchmarkMicroBatchBudget_Latency/AlternateThree/Burst=256-10               	   39432	     30556 ns/op	    4228 B/op	     258 allocs/op
BenchmarkMicroBatchBudget_Latency/AlternateThree/Burst=256-10               	   39787	     31222 ns/op	    4228 B/op	     258 allocs/op
BenchmarkMicroBatchBudget_Latency/AlternateThree/Burst=256-10               	   39372	     30749 ns/op	    4228 B/op	     258 allocs/op
BenchmarkMicroBatchBudget_Latency/AlternateThree/Burst=256-10               	   39352	     30697 ns/op	    4228 B/op	     258 allocs/op
BenchmarkMicroBatchBudget_Latency/AlternateThree/Burst=512-10               	   21877	     53775 ns/op	    8329 B/op	     514 allocs/op
BenchmarkMicroBatchBudget_Latency/AlternateThree/Burst=512-10               	   22435	     54705 ns/op	    8330 B/op	     514 allocs/op
BenchmarkMicroBatchBudget_Latency/AlternateThree/Burst=512-10               	   21990	     53979 ns/op	    8329 B/op	     514 allocs/op
BenchmarkMicroBatchBudget_Latency/AlternateThree/Burst=512-10               	   22348	     54169 ns/op	    8329 B/op	     514 allocs/op
BenchmarkMicroBatchBudget_Latency/AlternateThree/Burst=512-10               	   22105	     53551 ns/op	    8330 B/op	     514 allocs/op
BenchmarkMicroBatchBudget_Latency/AlternateThree/Burst=1024-10              	   12014	    103433 ns/op	   16534 B/op	    1026 allocs/op
BenchmarkMicroBatchBudget_Latency/AlternateThree/Burst=1024-10              	   10000	    101335 ns/op	   16534 B/op	    1026 allocs/op
BenchmarkMicroBatchBudget_Latency/AlternateThree/Burst=1024-10              	   10000	    102172 ns/op	   16535 B/op	    1026 allocs/op
BenchmarkMicroBatchBudget_Latency/AlternateThree/Burst=1024-10              	   10000	    103220 ns/op	   16535 B/op	    1026 allocs/op
BenchmarkMicroBatchBudget_Latency/AlternateThree/Burst=1024-10              	   12069	     99875 ns/op	   16534 B/op	    1026 allocs/op
BenchmarkMicroBatchBudget_Latency/AlternateThree/Burst=2048-10              	    6672	    191760 ns/op	   32957 B/op	    2050 allocs/op
BenchmarkMicroBatchBudget_Latency/AlternateThree/Burst=2048-10              	    6386	    187278 ns/op	   32959 B/op	    2050 allocs/op
BenchmarkMicroBatchBudget_Latency/AlternateThree/Burst=2048-10              	    5991	    187405 ns/op	   32958 B/op	    2050 allocs/op
BenchmarkMicroBatchBudget_Latency/AlternateThree/Burst=2048-10              	    6109	    190316 ns/op	   32958 B/op	    2050 allocs/op
BenchmarkMicroBatchBudget_Latency/AlternateThree/Burst=2048-10              	    6064	    188842 ns/op	   32963 B/op	    2050 allocs/op
BenchmarkMicroBatchBudget_Latency/AlternateThree/Burst=4096-10              	    3345	    357410 ns/op	   65844 B/op	    4098 allocs/op
BenchmarkMicroBatchBudget_Latency/AlternateThree/Burst=4096-10              	    3295	    370044 ns/op	   65847 B/op	    4098 allocs/op
BenchmarkMicroBatchBudget_Latency/AlternateThree/Burst=4096-10              	    3052	    364537 ns/op	   65825 B/op	    4098 allocs/op
BenchmarkMicroBatchBudget_Latency/AlternateThree/Burst=4096-10              	    3132	    374831 ns/op	   65817 B/op	    4098 allocs/op
BenchmarkMicroBatchBudget_Latency/AlternateThree/Burst=4096-10              	    3040	    365745 ns/op	   65831 B/op	    4098 allocs/op
BenchmarkMicroBatchBudget_Latency/Baseline/Burst=64-10                      	  162312	      7591 ns/op	    3712 B/op	     194 allocs/op
BenchmarkMicroBatchBudget_Latency/Baseline/Burst=64-10                      	  162224	      7606 ns/op	    3712 B/op	     194 allocs/op
BenchmarkMicroBatchBudget_Latency/Baseline/Burst=64-10                      	  169390	      7325 ns/op	    3712 B/op	     194 allocs/op
BenchmarkMicroBatchBudget_Latency/Baseline/Burst=64-10                      	  159110	      7369 ns/op	    3712 B/op	     194 allocs/op
BenchmarkMicroBatchBudget_Latency/Baseline/Burst=64-10                      	  173582	      7517 ns/op	    3712 B/op	     194 allocs/op
BenchmarkMicroBatchBudget_Latency/Baseline/Burst=128-10                     	   79982	     14207 ns/op	    7296 B/op	     386 allocs/op
BenchmarkMicroBatchBudget_Latency/Baseline/Burst=128-10                     	   81585	     14242 ns/op	    7296 B/op	     386 allocs/op
BenchmarkMicroBatchBudget_Latency/Baseline/Burst=128-10                     	   90374	     13618 ns/op	    7296 B/op	     386 allocs/op
BenchmarkMicroBatchBudget_Latency/Baseline/Burst=128-10                     	   93892	     13248 ns/op	    7296 B/op	     386 allocs/op
BenchmarkMicroBatchBudget_Latency/Baseline/Burst=128-10                     	   87658	     13016 ns/op	    7296 B/op	     386 allocs/op
BenchmarkMicroBatchBudget_Latency/Baseline/Burst=256-10                     	   39885	     27427 ns/op	   14464 B/op	     770 allocs/op
BenchmarkMicroBatchBudget_Latency/Baseline/Burst=256-10                     	   45534	     31781 ns/op	   14464 B/op	     770 allocs/op
BenchmarkMicroBatchBudget_Latency/Baseline/Burst=256-10                     	   45783	     31406 ns/op	   14464 B/op	     770 allocs/op
BenchmarkMicroBatchBudget_Latency/Baseline/Burst=256-10                     	   45152	     24653 ns/op	   14464 B/op	     770 allocs/op
BenchmarkMicroBatchBudget_Latency/Baseline/Burst=256-10                     	   45255	     31892 ns/op	   14464 B/op	     770 allocs/op
BenchmarkMicroBatchBudget_Latency/Baseline/Burst=512-10                     	   20246	     51177 ns/op	   28801 B/op	    1538 allocs/op
BenchmarkMicroBatchBudget_Latency/Baseline/Burst=512-10                     	   22860	     63621 ns/op	   28801 B/op	    1538 allocs/op
BenchmarkMicroBatchBudget_Latency/Baseline/Burst=512-10                     	   23646	     64211 ns/op	   28801 B/op	    1538 allocs/op
BenchmarkMicroBatchBudget_Latency/Baseline/Burst=512-10                     	   22638	     52091 ns/op	   28801 B/op	    1538 allocs/op
BenchmarkMicroBatchBudget_Latency/Baseline/Burst=512-10                     	   22657	     52092 ns/op	   28801 B/op	    1538 allocs/op
BenchmarkMicroBatchBudget_Latency/Baseline/Burst=1024-10                    	   10000	    104056 ns/op	   57479 B/op	    3074 allocs/op
BenchmarkMicroBatchBudget_Latency/Baseline/Burst=1024-10                    	   10000	    102515 ns/op	   57478 B/op	    3074 allocs/op
BenchmarkMicroBatchBudget_Latency/Baseline/Burst=1024-10                    	   12514	    104351 ns/op	   57477 B/op	    3074 allocs/op
BenchmarkMicroBatchBudget_Latency/Baseline/Burst=1024-10                    	   10000	    126600 ns/op	   57478 B/op	    3074 allocs/op
BenchmarkMicroBatchBudget_Latency/Baseline/Burst=1024-10                    	   12560	    106240 ns/op	   57477 B/op	    3074 allocs/op
BenchmarkMicroBatchBudget_Latency/Baseline/Burst=2048-10                    	    6966	    224798 ns/op	  114832 B/op	    6146 allocs/op
BenchmarkMicroBatchBudget_Latency/Baseline/Burst=2048-10                    	    6722	    214973 ns/op	  114832 B/op	    6146 allocs/op
BenchmarkMicroBatchBudget_Latency/Baseline/Burst=2048-10                    	    5366	    250346 ns/op	  114835 B/op	    6146 allocs/op
BenchmarkMicroBatchBudget_Latency/Baseline/Burst=2048-10                    	    5521	    203737 ns/op	  114834 B/op	    6146 allocs/op
BenchmarkMicroBatchBudget_Latency/Baseline/Burst=2048-10                    	    6360	    202738 ns/op	  114831 B/op	    6146 allocs/op
BenchmarkMicroBatchBudget_Latency/Baseline/Burst=4096-10                    	    2895	    464455 ns/op	  229541 B/op	   12290 allocs/op
BenchmarkMicroBatchBudget_Latency/Baseline/Burst=4096-10                    	    3037	    455608 ns/op	  229577 B/op	   12290 allocs/op
BenchmarkMicroBatchBudget_Latency/Baseline/Burst=4096-10                    	    2502	    435340 ns/op	  229588 B/op	   12290 allocs/op
BenchmarkMicroBatchBudget_Latency/Baseline/Burst=4096-10                    	    2526	    420437 ns/op	  229598 B/op	   12290 allocs/op
BenchmarkMicroBatchBudget_Latency/Baseline/Burst=4096-10                    	    2595	    385871 ns/op	  229566 B/op	   12290 allocs/op
BenchmarkMicroBatchBudget_Continuous/Main-10                                	 2080233	       584.8 ns/op	     212 B/op	       1 allocs/op
BenchmarkMicroBatchBudget_Continuous/Main-10                                	 2123239	       569.7 ns/op	     209 B/op	       1 allocs/op
BenchmarkMicroBatchBudget_Continuous/Main-10                                	 2044423	       623.8 ns/op	     231 B/op	       1 allocs/op
BenchmarkMicroBatchBudget_Continuous/Main-10                                	 2067754	       573.8 ns/op	     209 B/op	       1 allocs/op
BenchmarkMicroBatchBudget_Continuous/Main-10                                	 2140492	       570.9 ns/op	     206 B/op	       1 allocs/op
BenchmarkMicroBatchBudget_Continuous/MainFastPathForced-10                  	 2080460	       578.9 ns/op	     207 B/op	       1 allocs/op
BenchmarkMicroBatchBudget_Continuous/MainFastPathForced-10                  	 2099905	       571.4 ns/op	     206 B/op	       1 allocs/op
BenchmarkMicroBatchBudget_Continuous/MainFastPathForced-10                  	 2022819	       571.6 ns/op	     216 B/op	       1 allocs/op
BenchmarkMicroBatchBudget_Continuous/MainFastPathForced-10                  	 2088588	       572.6 ns/op	     211 B/op	       1 allocs/op
BenchmarkMicroBatchBudget_Continuous/MainFastPathForced-10                  	 2094896	       560.7 ns/op	     205 B/op	       1 allocs/op
BenchmarkMicroBatchBudget_Continuous/MainFastPathDisabled-10                	 1984608	       649.2 ns/op	     285 B/op	       1 allocs/op
BenchmarkMicroBatchBudget_Continuous/MainFastPathDisabled-10                	 2097290	       578.8 ns/op	     207 B/op	       1 allocs/op
BenchmarkMicroBatchBudget_Continuous/MainFastPathDisabled-10                	 1973149	       571.9 ns/op	     213 B/op	       1 allocs/op
BenchmarkMicroBatchBudget_Continuous/MainFastPathDisabled-10                	 2081359	       573.3 ns/op	     212 B/op	       1 allocs/op
BenchmarkMicroBatchBudget_Continuous/MainFastPathDisabled-10                	 2081805	       580.5 ns/op	     214 B/op	       1 allocs/op
BenchmarkMicroBatchBudget_Continuous/AlternateOne-10                        	 5940885	       196.6 ns/op	      32 B/op	       1 allocs/op
BenchmarkMicroBatchBudget_Continuous/AlternateOne-10                        	 7270268	       196.9 ns/op	      33 B/op	       1 allocs/op
BenchmarkMicroBatchBudget_Continuous/AlternateOne-10                        	 5951971	       173.9 ns/op	      32 B/op	       1 allocs/op
BenchmarkMicroBatchBudget_Continuous/AlternateOne-10                        	 7170019	       197.9 ns/op	      33 B/op	       1 allocs/op
BenchmarkMicroBatchBudget_Continuous/AlternateOne-10                        	 7245594	       196.4 ns/op	      33 B/op	       1 allocs/op
BenchmarkMicroBatchBudget_Continuous/AlternateTwo-10                        	 6250950	       195.0 ns/op	      27 B/op	       1 allocs/op
BenchmarkMicroBatchBudget_Continuous/AlternateTwo-10                        	 6025582	       202.8 ns/op	      30 B/op	       1 allocs/op
BenchmarkMicroBatchBudget_Continuous/AlternateTwo-10                        	 5579187	       201.2 ns/op	      31 B/op	       1 allocs/op
BenchmarkMicroBatchBudget_Continuous/AlternateTwo-10                        	 5494749	       211.4 ns/op	      29 B/op	       1 allocs/op
BenchmarkMicroBatchBudget_Continuous/AlternateTwo-10                        	 5591635	       196.4 ns/op	      34 B/op	       1 allocs/op
BenchmarkMicroBatchBudget_Continuous/AlternateThree-10                      	 7795642	       155.5 ns/op	      16 B/op	       1 allocs/op
BenchmarkMicroBatchBudget_Continuous/AlternateThree-10                      	 7837936	       150.2 ns/op	      16 B/op	       1 allocs/op
BenchmarkMicroBatchBudget_Continuous/AlternateThree-10                      	 8058678	       153.7 ns/op	      16 B/op	       1 allocs/op
BenchmarkMicroBatchBudget_Continuous/AlternateThree-10                      	 7522339	       156.3 ns/op	      16 B/op	       1 allocs/op
BenchmarkMicroBatchBudget_Continuous/AlternateThree-10                      	 7787114	       154.3 ns/op	      16 B/op	       1 allocs/op
BenchmarkMicroBatchBudget_Continuous/Baseline-10                            	 6131434	       218.8 ns/op	      56 B/op	       3 allocs/op
BenchmarkMicroBatchBudget_Continuous/Baseline-10                            	 5794818	       196.0 ns/op	      56 B/op	       3 allocs/op
BenchmarkMicroBatchBudget_Continuous/Baseline-10                            	 6429016	       190.1 ns/op	      56 B/op	       3 allocs/op
BenchmarkMicroBatchBudget_Continuous/Baseline-10                            	 5295476	       262.1 ns/op	      56 B/op	       3 allocs/op
BenchmarkMicroBatchBudget_Continuous/Baseline-10                            	 6247056	       176.7 ns/op	      56 B/op	       3 allocs/op
BenchmarkMicroBatchBudget_Mixed/Main/Burst=100-10                           	    8270	    152965 ns/op	    7329 B/op	     152 allocs/op
BenchmarkMicroBatchBudget_Mixed/Main/Burst=100-10                           	    7347	    154171 ns/op	    7330 B/op	     152 allocs/op
BenchmarkMicroBatchBudget_Mixed/Main/Burst=100-10                           	    7822	    144679 ns/op	    7329 B/op	     152 allocs/op
BenchmarkMicroBatchBudget_Mixed/Main/Burst=100-10                           	    9259	    151538 ns/op	    7329 B/op	     152 allocs/op
BenchmarkMicroBatchBudget_Mixed/Main/Burst=100-10                           	    7868	    144250 ns/op	    7330 B/op	     152 allocs/op
BenchmarkMicroBatchBudget_Mixed/Main/Burst=500-10                           	    1611	    736489 ns/op	   79361 B/op	     759 allocs/op
BenchmarkMicroBatchBudget_Mixed/Main/Burst=500-10                           	    1569	    728710 ns/op	   80438 B/op	     760 allocs/op
BenchmarkMicroBatchBudget_Mixed/Main/Burst=500-10                           	    1989	    603879 ns/op	   77550 B/op	     759 allocs/op
BenchmarkMicroBatchBudget_Mixed/Main/Burst=500-10                           	    2078	    586135 ns/op	   77532 B/op	     759 allocs/op
BenchmarkMicroBatchBudget_Mixed/Main/Burst=500-10                           	    2017	    618991 ns/op	   78882 B/op	     759 allocs/op
BenchmarkMicroBatchBudget_Mixed/Main/Burst=1000-10                          	     990	   1246291 ns/op	  161452 B/op	    1513 allocs/op
BenchmarkMicroBatchBudget_Mixed/Main/Burst=1000-10                          	     991	   1200857 ns/op	  159672 B/op	    1513 allocs/op
BenchmarkMicroBatchBudget_Mixed/Main/Burst=1000-10                          	     976	   1226641 ns/op	  159689 B/op	    1513 allocs/op
BenchmarkMicroBatchBudget_Mixed/Main/Burst=1000-10                          	     834	   1299979 ns/op	  162285 B/op	    1513 allocs/op
BenchmarkMicroBatchBudget_Mixed/Main/Burst=1000-10                          	     969	   1208143 ns/op	  159967 B/op	    1513 allocs/op
BenchmarkMicroBatchBudget_Mixed/Main/Burst=2000-10                          	     532	   2295072 ns/op	  309239 B/op	    3024 allocs/op
BenchmarkMicroBatchBudget_Mixed/Main/Burst=2000-10                          	     528	   2287135 ns/op	  302632 B/op	    3023 allocs/op
BenchmarkMicroBatchBudget_Mixed/Main/Burst=2000-10                          	     524	   2383066 ns/op	  317115 B/op	    3024 allocs/op
BenchmarkMicroBatchBudget_Mixed/Main/Burst=2000-10                          	     478	   2650310 ns/op	  349720 B/op	    3022 allocs/op
BenchmarkMicroBatchBudget_Mixed/Main/Burst=2000-10                          	     469	   2777863 ns/op	  350870 B/op	    3021 allocs/op
BenchmarkMicroBatchBudget_Mixed/Main/Burst=5000-10                          	     202	   6063341 ns/op	  848078 B/op	    7569 allocs/op
BenchmarkMicroBatchBudget_Mixed/Main/Burst=5000-10                          	     202	   5932768 ns/op	  842287 B/op	    7568 allocs/op
BenchmarkMicroBatchBudget_Mixed/Main/Burst=5000-10                          	     205	   5946835 ns/op	  844541 B/op	    7570 allocs/op
BenchmarkMicroBatchBudget_Mixed/Main/Burst=5000-10                          	     200	   6164297 ns/op	  879216 B/op	    7571 allocs/op
BenchmarkMicroBatchBudget_Mixed/Main/Burst=5000-10                          	     198	   5962537 ns/op	  857236 B/op	    7568 allocs/op
BenchmarkMicroBatchBudget_Mixed/MainFastPathForced/Burst=100-10             	   10000	    116867 ns/op	    7329 B/op	     152 allocs/op
BenchmarkMicroBatchBudget_Mixed/MainFastPathForced/Burst=100-10             	   10000	    117847 ns/op	    7329 B/op	     152 allocs/op
BenchmarkMicroBatchBudget_Mixed/MainFastPathForced/Burst=100-10             	    9596	    121903 ns/op	    7329 B/op	     152 allocs/op
BenchmarkMicroBatchBudget_Mixed/MainFastPathForced/Burst=100-10             	   10000	    118222 ns/op	    7329 B/op	     152 allocs/op
BenchmarkMicroBatchBudget_Mixed/MainFastPathForced/Burst=100-10             	    9892	    118436 ns/op	    7329 B/op	     152 allocs/op
BenchmarkMicroBatchBudget_Mixed/MainFastPathForced/Burst=500-10             	    2132	    598651 ns/op	   78472 B/op	     759 allocs/op
BenchmarkMicroBatchBudget_Mixed/MainFastPathForced/Burst=500-10             	    1900	    620780 ns/op	   78436 B/op	     759 allocs/op
BenchmarkMicroBatchBudget_Mixed/MainFastPathForced/Burst=500-10             	    2031	    624597 ns/op	   77973 B/op	     759 allocs/op
BenchmarkMicroBatchBudget_Mixed/MainFastPathForced/Burst=500-10             	    1856	    717923 ns/op	   79911 B/op	     760 allocs/op
BenchmarkMicroBatchBudget_Mixed/MainFastPathForced/Burst=500-10             	    1554	    758716 ns/op	   80788 B/op	     760 allocs/op
BenchmarkMicroBatchBudget_Mixed/MainFastPathForced/Burst=1000-10            	     804	   1415846 ns/op	  163982 B/op	    1513 allocs/op
BenchmarkMicroBatchBudget_Mixed/MainFastPathForced/Burst=1000-10            	    1032	   1154140 ns/op	  153469 B/op	    1513 allocs/op
BenchmarkMicroBatchBudget_Mixed/MainFastPathForced/Burst=1000-10            	    1009	   1172715 ns/op	  159697 B/op	    1513 allocs/op
BenchmarkMicroBatchBudget_Mixed/MainFastPathForced/Burst=1000-10            	     985	   1197582 ns/op	  160928 B/op	    1514 allocs/op
BenchmarkMicroBatchBudget_Mixed/MainFastPathForced/Burst=1000-10            	     974	   1187461 ns/op	  157570 B/op	    1513 allocs/op
BenchmarkMicroBatchBudget_Mixed/MainFastPathForced/Burst=2000-10            	     477	   2468235 ns/op	  328315 B/op	    3025 allocs/op
BenchmarkMicroBatchBudget_Mixed/MainFastPathForced/Burst=2000-10            	     489	   2497767 ns/op	  328499 B/op	    3025 allocs/op
BenchmarkMicroBatchBudget_Mixed/MainFastPathForced/Burst=2000-10            	     522	   2265886 ns/op	  308247 B/op	    3024 allocs/op
BenchmarkMicroBatchBudget_Mixed/MainFastPathForced/Burst=2000-10            	     523	   2433939 ns/op	  314422 B/op	    3025 allocs/op
BenchmarkMicroBatchBudget_Mixed/MainFastPathForced/Burst=2000-10            	     483	   2251039 ns/op	  292604 B/op	    3022 allocs/op
BenchmarkMicroBatchBudget_Mixed/MainFastPathForced/Burst=5000-10            	     214	   5550607 ns/op	  739268 B/op	    7559 allocs/op
BenchmarkMicroBatchBudget_Mixed/MainFastPathForced/Burst=5000-10            	     212	   5631169 ns/op	  788798 B/op	    7564 allocs/op
BenchmarkMicroBatchBudget_Mixed/MainFastPathForced/Burst=5000-10            	     211	   5589954 ns/op	  795394 B/op	    7566 allocs/op
BenchmarkMicroBatchBudget_Mixed/MainFastPathForced/Burst=5000-10            	     214	   5635059 ns/op	  775253 B/op	    7560 allocs/op
BenchmarkMicroBatchBudget_Mixed/MainFastPathForced/Burst=5000-10            	     218	   5570253 ns/op	  715691 B/op	    7555 allocs/op
BenchmarkMicroBatchBudget_Mixed/MainFastPathDisabled/Burst=100-10           	    2064	    601518 ns/op	    8899 B/op	     249 allocs/op
BenchmarkMicroBatchBudget_Mixed/MainFastPathDisabled/Burst=100-10           	    2126	    611248 ns/op	    8895 B/op	     249 allocs/op
BenchmarkMicroBatchBudget_Mixed/MainFastPathDisabled/Burst=100-10           	    1795	    639450 ns/op	    8890 B/op	     249 allocs/op
BenchmarkMicroBatchBudget_Mixed/MainFastPathDisabled/Burst=100-10           	    1634	    731770 ns/op	    8832 B/op	     245 allocs/op
BenchmarkMicroBatchBudget_Mixed/MainFastPathDisabled/Burst=100-10           	    1783	    606624 ns/op	    8920 B/op	     250 allocs/op
BenchmarkMicroBatchBudget_Mixed/MainFastPathDisabled/Burst=500-10           	     402	   2972195 ns/op	   74975 B/op	    1245 allocs/op
BenchmarkMicroBatchBudget_Mixed/MainFastPathDisabled/Burst=500-10           	     408	   2983822 ns/op	   72279 B/op	    1239 allocs/op
BenchmarkMicroBatchBudget_Mixed/MainFastPathDisabled/Burst=500-10           	     393	   3032440 ns/op	   72697 B/op	    1240 allocs/op
BenchmarkMicroBatchBudget_Mixed/MainFastPathDisabled/Burst=500-10           	     386	   3085884 ns/op	   73024 B/op	    1244 allocs/op
BenchmarkMicroBatchBudget_Mixed/MainFastPathDisabled/Burst=500-10           	     314	   3247559 ns/op	   76290 B/op	    1227 allocs/op
BenchmarkMicroBatchBudget_Mixed/MainFastPathDisabled/Burst=1000-10          	     189	   6653747 ns/op	  155575 B/op	    2473 allocs/op
BenchmarkMicroBatchBudget_Mixed/MainFastPathDisabled/Burst=1000-10          	     204	   5811727 ns/op	  146948 B/op	    2487 allocs/op
BenchmarkMicroBatchBudget_Mixed/MainFastPathDisabled/Burst=1000-10          	     208	   5825975 ns/op	  141103 B/op	    2479 allocs/op
BenchmarkMicroBatchBudget_Mixed/MainFastPathDisabled/Burst=1000-10          	     206	   5781075 ns/op	  141366 B/op	    2478 allocs/op
BenchmarkMicroBatchBudget_Mixed/MainFastPathDisabled/Burst=1000-10          	     210	   6233088 ns/op	  151016 B/op	    2459 allocs/op
BenchmarkMicroBatchBudget_Mixed/MainFastPathDisabled/Burst=2000-10          	     100	  11420770 ns/op	  290190 B/op	    4976 allocs/op
BenchmarkMicroBatchBudget_Mixed/MainFastPathDisabled/Burst=2000-10          	     100	  11580954 ns/op	  283650 B/op	    4969 allocs/op
BenchmarkMicroBatchBudget_Mixed/MainFastPathDisabled/Burst=2000-10          	      99	  11428145 ns/op	  267052 B/op	    4984 allocs/op
BenchmarkMicroBatchBudget_Mixed/MainFastPathDisabled/Burst=2000-10          	     100	  11433111 ns/op	  276098 B/op	    4983 allocs/op
BenchmarkMicroBatchBudget_Mixed/MainFastPathDisabled/Burst=2000-10          	      98	  11822702 ns/op	  274543 B/op	    4976 allocs/op
BenchmarkMicroBatchBudget_Mixed/MainFastPathDisabled/Burst=5000-10          	      44	  28673049 ns/op	  751221 B/op	   12453 allocs/op
BenchmarkMicroBatchBudget_Mixed/MainFastPathDisabled/Burst=5000-10          	      40	  29310265 ns/op	  740193 B/op	   12437 allocs/op
BenchmarkMicroBatchBudget_Mixed/MainFastPathDisabled/Burst=5000-10          	      43	  29367289 ns/op	  740766 B/op	   12459 allocs/op
BenchmarkMicroBatchBudget_Mixed/MainFastPathDisabled/Burst=5000-10          	      40	  29311645 ns/op	  718281 B/op	   12445 allocs/op
BenchmarkMicroBatchBudget_Mixed/MainFastPathDisabled/Burst=5000-10          	      42	  29170668 ns/op	  788635 B/op	   12452 allocs/op
BenchmarkMicroBatchBudget_Mixed/AlternateOne/Burst=100-10                   	    2385	    520510 ns/op	    7328 B/op	     152 allocs/op
BenchmarkMicroBatchBudget_Mixed/AlternateOne/Burst=100-10                   	    2305	    521727 ns/op	    7328 B/op	     152 allocs/op
BenchmarkMicroBatchBudget_Mixed/AlternateOne/Burst=100-10                   	    2211	    519868 ns/op	    7328 B/op	     152 allocs/op
BenchmarkMicroBatchBudget_Mixed/AlternateOne/Burst=100-10                   	    2343	    608607 ns/op	    7328 B/op	     152 allocs/op
BenchmarkMicroBatchBudget_Mixed/AlternateOne/Burst=100-10                   	    2229	    522910 ns/op	    7328 B/op	     152 allocs/op
BenchmarkMicroBatchBudget_Mixed/AlternateOne/Burst=500-10                   	     466	   2557603 ns/op	   36236 B/op	     752 allocs/op
BenchmarkMicroBatchBudget_Mixed/AlternateOne/Burst=500-10                   	     403	   2708994 ns/op	   36201 B/op	     752 allocs/op
BenchmarkMicroBatchBudget_Mixed/AlternateOne/Burst=500-10                   	     469	   2568288 ns/op	   36201 B/op	     752 allocs/op
BenchmarkMicroBatchBudget_Mixed/AlternateOne/Burst=500-10                   	     472	   2552308 ns/op	   36195 B/op	     752 allocs/op
BenchmarkMicroBatchBudget_Mixed/AlternateOne/Burst=500-10                   	     466	   2628721 ns/op	   36236 B/op	     752 allocs/op
BenchmarkMicroBatchBudget_Mixed/AlternateOne/Burst=1000-10                  	     232	   5370262 ns/op	   72293 B/op	    1502 allocs/op
BenchmarkMicroBatchBudget_Mixed/AlternateOne/Burst=1000-10                  	     198	   5813507 ns/op	   72261 B/op	    1502 allocs/op
BenchmarkMicroBatchBudget_Mixed/AlternateOne/Burst=1000-10                  	     225	   6086591 ns/op	   72237 B/op	    1502 allocs/op
BenchmarkMicroBatchBudget_Mixed/AlternateOne/Burst=1000-10                  	     232	   5208048 ns/op	   72305 B/op	    1502 allocs/op
BenchmarkMicroBatchBudget_Mixed/AlternateOne/Burst=1000-10                  	     199	   5413534 ns/op	   72339 B/op	    1502 allocs/op
BenchmarkMicroBatchBudget_Mixed/AlternateOne/Burst=2000-10                  	     100	  10417240 ns/op	  144580 B/op	    3002 allocs/op
BenchmarkMicroBatchBudget_Mixed/AlternateOne/Burst=2000-10                  	     100	  10507732 ns/op	  144549 B/op	    3002 allocs/op
BenchmarkMicroBatchBudget_Mixed/AlternateOne/Burst=2000-10                  	     100	  12698015 ns/op	  144581 B/op	    3002 allocs/op
BenchmarkMicroBatchBudget_Mixed/AlternateOne/Burst=2000-10                  	     112	  10421701 ns/op	  144666 B/op	    3002 allocs/op
BenchmarkMicroBatchBudget_Mixed/AlternateOne/Burst=2000-10                  	     100	  10161732 ns/op	  144807 B/op	    3002 allocs/op
BenchmarkMicroBatchBudget_Mixed/AlternateOne/Burst=5000-10                  	      46	  27277615 ns/op	  362176 B/op	    7504 allocs/op
BenchmarkMicroBatchBudget_Mixed/AlternateOne/Burst=5000-10                  	      42	  26133910 ns/op	  361996 B/op	    7504 allocs/op
BenchmarkMicroBatchBudget_Mixed/AlternateOne/Burst=5000-10                  	      44	  26456534 ns/op	  361358 B/op	    7504 allocs/op
BenchmarkMicroBatchBudget_Mixed/AlternateOne/Burst=5000-10                  	      42	  26000770 ns/op	  361063 B/op	    7503 allocs/op
BenchmarkMicroBatchBudget_Mixed/AlternateOne/Burst=5000-10                  	      45	  27729031 ns/op	  361476 B/op	    7504 allocs/op
BenchmarkMicroBatchBudget_Mixed/AlternateTwo/Burst=100-10                   	    2361	    537354 ns/op	    7371 B/op	     152 allocs/op
BenchmarkMicroBatchBudget_Mixed/AlternateTwo/Burst=100-10                   	    2311	    524706 ns/op	    7356 B/op	     152 allocs/op
BenchmarkMicroBatchBudget_Mixed/AlternateTwo/Burst=100-10                   	    2266	    524755 ns/op	    7352 B/op	     152 allocs/op
BenchmarkMicroBatchBudget_Mixed/AlternateTwo/Burst=100-10                   	    2230	    531040 ns/op	    7355 B/op	     152 allocs/op
BenchmarkMicroBatchBudget_Mixed/AlternateTwo/Burst=100-10                   	    2341	    524369 ns/op	    7357 B/op	     152 allocs/op
BenchmarkMicroBatchBudget_Mixed/AlternateTwo/Burst=500-10                   	     465	   2608026 ns/op	   36782 B/op	     753 allocs/op
BenchmarkMicroBatchBudget_Mixed/AlternateTwo/Burst=500-10                   	     469	   3039682 ns/op	   36702 B/op	     753 allocs/op
BenchmarkMicroBatchBudget_Mixed/AlternateTwo/Burst=500-10                   	     440	   2586928 ns/op	   36656 B/op	     752 allocs/op
BenchmarkMicroBatchBudget_Mixed/AlternateTwo/Burst=500-10                   	     477	   2576203 ns/op	   36675 B/op	     753 allocs/op
BenchmarkMicroBatchBudget_Mixed/AlternateTwo/Burst=500-10                   	     456	   2695346 ns/op	   36643 B/op	     752 allocs/op
BenchmarkMicroBatchBudget_Mixed/AlternateTwo/Burst=1000-10                  	     225	   5180004 ns/op	   73631 B/op	    1505 allocs/op
BenchmarkMicroBatchBudget_Mixed/AlternateTwo/Burst=1000-10                  	     230	   5338144 ns/op	   73108 B/op	    1503 allocs/op
BenchmarkMicroBatchBudget_Mixed/AlternateTwo/Burst=1000-10                  	     200	   5569869 ns/op	   73365 B/op	    1504 allocs/op
BenchmarkMicroBatchBudget_Mixed/AlternateTwo/Burst=1000-10                  	     224	   5247379 ns/op	   73383 B/op	    1505 allocs/op
BenchmarkMicroBatchBudget_Mixed/AlternateTwo/Burst=1000-10                  	     230	   5280696 ns/op	   73544 B/op	    1504 allocs/op
BenchmarkMicroBatchBudget_Mixed/AlternateTwo/Burst=2000-10                  	     100	  11806839 ns/op	  148597 B/op	    3014 allocs/op
BenchmarkMicroBatchBudget_Mixed/AlternateTwo/Burst=2000-10                  	     106	  10464788 ns/op	  146058 B/op	    3005 allocs/op
BenchmarkMicroBatchBudget_Mixed/AlternateTwo/Burst=2000-10                  	     100	  10249762 ns/op	  147017 B/op	    3009 allocs/op
BenchmarkMicroBatchBudget_Mixed/AlternateTwo/Burst=2000-10                  	     100	  10344466 ns/op	  146322 B/op	    3006 allocs/op
BenchmarkMicroBatchBudget_Mixed/AlternateTwo/Burst=2000-10                  	     100	  10371802 ns/op	  146371 B/op	    3007 allocs/op
BenchmarkMicroBatchBudget_Mixed/AlternateTwo/Burst=5000-10                  	      40	  28425874 ns/op	  370266 B/op	    7529 allocs/op
BenchmarkMicroBatchBudget_Mixed/AlternateTwo/Burst=5000-10                  	      43	  26337412 ns/op	  367637 B/op	    7522 allocs/op
BenchmarkMicroBatchBudget_Mixed/AlternateTwo/Burst=5000-10                  	      48	  30212386 ns/op	  365027 B/op	    7515 allocs/op
BenchmarkMicroBatchBudget_Mixed/AlternateTwo/Burst=5000-10                  	      43	  25783461 ns/op	  364922 B/op	    7512 allocs/op
BenchmarkMicroBatchBudget_Mixed/AlternateTwo/Burst=5000-10                  	      46	  25814778 ns/op	  364901 B/op	    7509 allocs/op
BenchmarkMicroBatchBudget_Mixed/AlternateThree/Burst=100-10                 	    2218	    529379 ns/op	    7328 B/op	     152 allocs/op
BenchmarkMicroBatchBudget_Mixed/AlternateThree/Burst=100-10                 	    2260	    536610 ns/op	    7328 B/op	     152 allocs/op
BenchmarkMicroBatchBudget_Mixed/AlternateThree/Burst=100-10                 	    2208	    522218 ns/op	    7328 B/op	     152 allocs/op
BenchmarkMicroBatchBudget_Mixed/AlternateThree/Burst=100-10                 	    2259	    529265 ns/op	    7328 B/op	     152 allocs/op
BenchmarkMicroBatchBudget_Mixed/AlternateThree/Burst=100-10                 	    2324	    539450 ns/op	    7328 B/op	     152 allocs/op
BenchmarkMicroBatchBudget_Mixed/AlternateThree/Burst=500-10                 	     357	   3311328 ns/op	   36179 B/op	     752 allocs/op
BenchmarkMicroBatchBudget_Mixed/AlternateThree/Burst=500-10                 	     442	   2617891 ns/op	   36186 B/op	     752 allocs/op
BenchmarkMicroBatchBudget_Mixed/AlternateThree/Burst=500-10                 	     459	   3167656 ns/op	   36171 B/op	     752 allocs/op
BenchmarkMicroBatchBudget_Mixed/AlternateThree/Burst=500-10                 	     454	   2611985 ns/op	   36185 B/op	     752 allocs/op
BenchmarkMicroBatchBudget_Mixed/AlternateThree/Burst=500-10                 	     462	   3588467 ns/op	   36177 B/op	     752 allocs/op
BenchmarkMicroBatchBudget_Mixed/AlternateThree/Burst=1000-10                	     190	   8146298 ns/op	   72268 B/op	    1502 allocs/op
BenchmarkMicroBatchBudget_Mixed/AlternateThree/Burst=1000-10                	     202	   9027921 ns/op	   72265 B/op	    1502 allocs/op
BenchmarkMicroBatchBudget_Mixed/AlternateThree/Burst=1000-10                	     100	  10257221 ns/op	   72330 B/op	    1502 allocs/op
BenchmarkMicroBatchBudget_Mixed/AlternateThree/Burst=1000-10                	     174	   8996387 ns/op	   72299 B/op	    1502 allocs/op
BenchmarkMicroBatchBudget_Mixed/AlternateThree/Burst=1000-10                	      44	  30116781 ns/op	   72486 B/op	    1502 allocs/op
BenchmarkMicroBatchBudget_Mixed/AlternateThree/Burst=2000-10                	      33	  55801593 ns/op	  144751 B/op	    3003 allocs/op
BenchmarkMicroBatchBudget_Mixed/AlternateThree/Burst=2000-10                	      64	  20213374 ns/op	  144636 B/op	    3003 allocs/op
BenchmarkMicroBatchBudget_Mixed/AlternateThree/Burst=2000-10                	      55	  23385675 ns/op	  144718 B/op	    3003 allocs/op
BenchmarkMicroBatchBudget_Mixed/AlternateThree/Burst=2000-10                	      45	  43522599 ns/op	  144786 B/op	    3003 allocs/op
BenchmarkMicroBatchBudget_Mixed/AlternateThree/Burst=2000-10                	     103	  10447537 ns/op	  144467 B/op	    3002 allocs/op
BenchmarkMicroBatchBudget_Mixed/AlternateThree/Burst=5000-10                	      45	  29635680 ns/op	  361534 B/op	    7504 allocs/op
BenchmarkMicroBatchBudget_Mixed/AlternateThree/Burst=5000-10                	      36	  43146971 ns/op	  361686 B/op	    7504 allocs/op
BenchmarkMicroBatchBudget_Mixed/AlternateThree/Burst=5000-10                	      27	  40527120 ns/op	  362538 B/op	    7505 allocs/op
BenchmarkMicroBatchBudget_Mixed/AlternateThree/Burst=5000-10                	      38	  40341793 ns/op	  361823 B/op	    7504 allocs/op
BenchmarkMicroBatchBudget_Mixed/AlternateThree/Burst=5000-10                	      26	  55280872 ns/op	  362146 B/op	    7505 allocs/op
BenchmarkMicroBatchBudget_Mixed/Baseline/Burst=100-10                       	   24024	     46656 ns/op	   11328 B/op	     352 allocs/op
BenchmarkMicroBatchBudget_Mixed/Baseline/Burst=100-10                       	   22362	     51399 ns/op	   11328 B/op	     352 allocs/op
BenchmarkMicroBatchBudget_Mixed/Baseline/Burst=100-10                       	   22111	     49630 ns/op	   11328 B/op	     352 allocs/op
BenchmarkMicroBatchBudget_Mixed/Baseline/Burst=100-10                       	   24981	     48936 ns/op	   11328 B/op	     352 allocs/op
BenchmarkMicroBatchBudget_Mixed/Baseline/Burst=100-10                       	   24117	     48932 ns/op	   11328 B/op	     352 allocs/op
BenchmarkMicroBatchBudget_Mixed/Baseline/Burst=500-10                       	    5108	    247451 ns/op	   56130 B/op	    1752 allocs/op
BenchmarkMicroBatchBudget_Mixed/Baseline/Burst=500-10                       	    4534	    279441 ns/op	   56130 B/op	    1752 allocs/op
BenchmarkMicroBatchBudget_Mixed/Baseline/Burst=500-10                       	    5454	    230792 ns/op	   56130 B/op	    1752 allocs/op
BenchmarkMicroBatchBudget_Mixed/Baseline/Burst=500-10                       	    5336	    233840 ns/op	   56130 B/op	    1752 allocs/op
BenchmarkMicroBatchBudget_Mixed/Baseline/Burst=500-10                       	    5220	    255045 ns/op	   56130 B/op	    1752 allocs/op
BenchmarkMicroBatchBudget_Mixed/Baseline/Burst=1000-10                      	    2421	    555504 ns/op	  112137 B/op	    3502 allocs/op
BenchmarkMicroBatchBudget_Mixed/Baseline/Burst=1000-10                      	    2054	    595742 ns/op	  112139 B/op	    3502 allocs/op
BenchmarkMicroBatchBudget_Mixed/Baseline/Burst=1000-10                      	    2032	    524239 ns/op	  112138 B/op	    3502 allocs/op
BenchmarkMicroBatchBudget_Mixed/Baseline/Burst=1000-10                      	    2085	    567310 ns/op	  112138 B/op	    3502 allocs/op
BenchmarkMicroBatchBudget_Mixed/Baseline/Burst=1000-10                      	    2424	    570580 ns/op	  112136 B/op	    3502 allocs/op
BenchmarkMicroBatchBudget_Mixed/Baseline/Burst=2000-10                      	    1183	    984249 ns/op	  224162 B/op	    7002 allocs/op
BenchmarkMicroBatchBudget_Mixed/Baseline/Burst=2000-10                      	    1225	    976146 ns/op	  224161 B/op	    7002 allocs/op
BenchmarkMicroBatchBudget_Mixed/Baseline/Burst=2000-10                      	    1150	   1001641 ns/op	  224162 B/op	    7002 allocs/op
BenchmarkMicroBatchBudget_Mixed/Baseline/Burst=2000-10                      	    1167	   1029277 ns/op	  224162 B/op	    7002 allocs/op
BenchmarkMicroBatchBudget_Mixed/Baseline/Burst=2000-10                      	    1184	    993243 ns/op	  224161 B/op	    7002 allocs/op
BenchmarkMicroBatchBudget_Mixed/Baseline/Burst=5000-10                      	     483	   2474094 ns/op	  560436 B/op	   17502 allocs/op
BenchmarkMicroBatchBudget_Mixed/Baseline/Burst=5000-10                      	     399	   3659786 ns/op	  560500 B/op	   17502 allocs/op
BenchmarkMicroBatchBudget_Mixed/Baseline/Burst=5000-10                      	     498	   2728220 ns/op	  560429 B/op	   17502 allocs/op
BenchmarkMicroBatchBudget_Mixed/Baseline/Burst=5000-10                      	     451	   2463052 ns/op	  560460 B/op	   17502 allocs/op
BenchmarkMicroBatchBudget_Mixed/Baseline/Burst=5000-10                      	     474	   2771047 ns/op	  560448 B/op	   17502 allocs/op
BenchmarkMicroCASContention/Main/N=01-10                                    	 4877156	       216.8 ns/op	     216 B/op	       1 allocs/op
BenchmarkMicroCASContention/Main/N=01-10                                    	 6055754	       211.7 ns/op	     191 B/op	       1 allocs/op
BenchmarkMicroCASContention/Main/N=01-10                                    	 5526499	       246.2 ns/op	     249 B/op	       1 allocs/op
BenchmarkMicroCASContention/Main/N=01-10                                    	 5551897	       219.2 ns/op	     258 B/op	       1 allocs/op
BenchmarkMicroCASContention/Main/N=01-10                                    	 6138583	       202.1 ns/op	     190 B/op	       1 allocs/op
BenchmarkMicroCASContention/Main/N=02-10                                    	 3583624	       280.3 ns/op	     205 B/op	       1 allocs/op
BenchmarkMicroCASContention/Main/N=02-10                                    	 4465123	       304.4 ns/op	     201 B/op	       1 allocs/op
BenchmarkMicroCASContention/Main/N=02-10                                    	 4977444	       238.0 ns/op	     173 B/op	       1 allocs/op
BenchmarkMicroCASContention/Main/N=02-10                                    	 4180837	       293.3 ns/op	     211 B/op	       1 allocs/op
BenchmarkMicroCASContention/Main/N=02-10                                    	 4100192	       245.5 ns/op	     183 B/op	       1 allocs/op
BenchmarkMicroCASContention/Main/N=04-10                                    	 3854500	       271.7 ns/op	     231 B/op	       1 allocs/op
BenchmarkMicroCASContention/Main/N=04-10                                    	 3988522	       270.2 ns/op	     237 B/op	       1 allocs/op
BenchmarkMicroCASContention/Main/N=04-10                                    	 4027647	       278.1 ns/op	     244 B/op	       1 allocs/op
BenchmarkMicroCASContention/Main/N=04-10                                    	 3870027	       275.5 ns/op	     200 B/op	       1 allocs/op
BenchmarkMicroCASContention/Main/N=04-10                                    	 4307624	       313.8 ns/op	     242 B/op	       1 allocs/op
BenchmarkMicroCASContention/Main/N=08-10                                    	 3235742	       309.7 ns/op	     289 B/op	       1 allocs/op
BenchmarkMicroCASContention/Main/N=08-10                                    	 3868552	       276.8 ns/op	     291 B/op	       1 allocs/op
BenchmarkMicroCASContention/Main/N=08-10                                    	 4049307	       294.5 ns/op	     276 B/op	       1 allocs/op
BenchmarkMicroCASContention/Main/N=08-10                                    	 4220449	       304.7 ns/op	     282 B/op	       1 allocs/op
BenchmarkMicroCASContention/Main/N=08-10                                    	 4048245	       327.7 ns/op	     287 B/op	       1 allocs/op
BenchmarkMicroCASContention/Main/N=16-10                                    	 4359088	       274.1 ns/op	     333 B/op	       1 allocs/op
BenchmarkMicroCASContention/Main/N=16-10                                    	 4297711	       279.5 ns/op	     324 B/op	       1 allocs/op
BenchmarkMicroCASContention/Main/N=16-10                                    	 4328330	       289.8 ns/op	     311 B/op	       1 allocs/op
BenchmarkMicroCASContention/Main/N=16-10                                    	 4293538	       257.4 ns/op	     294 B/op	       1 allocs/op
BenchmarkMicroCASContention/Main/N=16-10                                    	 4200946	       276.7 ns/op	     304 B/op	       1 allocs/op
BenchmarkMicroCASContention/Main/N=32-10                                    	 4556587	       271.9 ns/op	     359 B/op	       1 allocs/op
BenchmarkMicroCASContention/Main/N=32-10                                    	 3859126	       306.6 ns/op	     362 B/op	       1 allocs/op
BenchmarkMicroCASContention/Main/N=32-10                                    	 4053618	       282.7 ns/op	     354 B/op	       1 allocs/op
BenchmarkMicroCASContention/Main/N=32-10                                    	 4218310	       276.5 ns/op	     341 B/op	       1 allocs/op
BenchmarkMicroCASContention/Main/N=32-10                                    	 4186466	       268.9 ns/op	     363 B/op	       1 allocs/op
BenchmarkMicroCASContention/MainFastPathForced/N=01-10                      	 4743774	       222.5 ns/op	     234 B/op	       1 allocs/op
BenchmarkMicroCASContention/MainFastPathForced/N=01-10                      	 5144078	       221.4 ns/op	     243 B/op	       1 allocs/op
BenchmarkMicroCASContention/MainFastPathForced/N=01-10                      	 4916383	       250.5 ns/op	     236 B/op	       1 allocs/op
BenchmarkMicroCASContention/MainFastPathForced/N=01-10                      	 5902550	       198.4 ns/op	     181 B/op	       1 allocs/op
BenchmarkMicroCASContention/MainFastPathForced/N=01-10                      	 4801626	       233.1 ns/op	     298 B/op	       1 allocs/op
BenchmarkMicroCASContention/MainFastPathForced/N=02-10                      	 4012740	       260.0 ns/op	     212 B/op	       1 allocs/op
BenchmarkMicroCASContention/MainFastPathForced/N=02-10                      	 4130830	       312.9 ns/op	     218 B/op	       1 allocs/op
BenchmarkMicroCASContention/MainFastPathForced/N=02-10                      	 4371458	       262.5 ns/op	     235 B/op	       1 allocs/op
BenchmarkMicroCASContention/MainFastPathForced/N=02-10                      	 4327795	       274.2 ns/op	     187 B/op	       1 allocs/op
BenchmarkMicroCASContention/MainFastPathForced/N=02-10                      	 4750687	       276.1 ns/op	     214 B/op	       1 allocs/op
BenchmarkMicroCASContention/MainFastPathForced/N=04-10                      	 4044706	       264.9 ns/op	     258 B/op	       1 allocs/op
BenchmarkMicroCASContention/MainFastPathForced/N=04-10                      	 4330521	       252.5 ns/op	     274 B/op	       1 allocs/op
BenchmarkMicroCASContention/MainFastPathForced/N=04-10                      	 4418008	       267.8 ns/op	     276 B/op	       1 allocs/op
BenchmarkMicroCASContention/MainFastPathForced/N=04-10                      	 4403168	       266.3 ns/op	     280 B/op	       1 allocs/op
BenchmarkMicroCASContention/MainFastPathForced/N=04-10                      	 4612143	       289.6 ns/op	     263 B/op	       1 allocs/op
BenchmarkMicroCASContention/MainFastPathForced/N=08-10                      	 4110328	       258.4 ns/op	     255 B/op	       1 allocs/op
BenchmarkMicroCASContention/MainFastPathForced/N=08-10                      	 3849247	       306.7 ns/op	     282 B/op	       1 allocs/op
BenchmarkMicroCASContention/MainFastPathForced/N=08-10                      	 3766128	       300.4 ns/op	     287 B/op	       1 allocs/op
BenchmarkMicroCASContention/MainFastPathForced/N=08-10                      	 4207268	       276.5 ns/op	     290 B/op	       1 allocs/op
BenchmarkMicroCASContention/MainFastPathForced/N=08-10                      	 3791688	       297.0 ns/op	     280 B/op	       1 allocs/op
BenchmarkMicroCASContention/MainFastPathForced/N=16-10                      	 4359433	       267.7 ns/op	     313 B/op	       1 allocs/op
BenchmarkMicroCASContention/MainFastPathForced/N=16-10                      	 4194462	       275.0 ns/op	     304 B/op	       1 allocs/op
BenchmarkMicroCASContention/MainFastPathForced/N=16-10                      	 4241877	       297.0 ns/op	     324 B/op	       1 allocs/op
BenchmarkMicroCASContention/MainFastPathForced/N=16-10                      	 3717805	       274.7 ns/op	     342 B/op	       1 allocs/op
BenchmarkMicroCASContention/MainFastPathForced/N=16-10                      	 4178164	       276.3 ns/op	     308 B/op	       1 allocs/op
BenchmarkMicroCASContention/MainFastPathForced/N=32-10                      	 3935948	       259.8 ns/op	     330 B/op	       1 allocs/op
BenchmarkMicroCASContention/MainFastPathForced/N=32-10                      	 4588192	       259.2 ns/op	     356 B/op	       1 allocs/op
BenchmarkMicroCASContention/MainFastPathForced/N=32-10                      	 4241916	       267.3 ns/op	     367 B/op	       1 allocs/op
BenchmarkMicroCASContention/MainFastPathForced/N=32-10                      	 4143030	       272.0 ns/op	     353 B/op	       1 allocs/op
BenchmarkMicroCASContention/MainFastPathForced/N=32-10                      	 4026405	       268.0 ns/op	     356 B/op	       1 allocs/op
BenchmarkMicroCASContention/MainFastPathDisabled/N=01-10                    	 5236398	       239.2 ns/op	     238 B/op	       1 allocs/op
BenchmarkMicroCASContention/MainFastPathDisabled/N=01-10                    	 5053254	       242.9 ns/op	     247 B/op	       1 allocs/op
BenchmarkMicroCASContention/MainFastPathDisabled/N=01-10                    	 5655464	       222.4 ns/op	     242 B/op	       1 allocs/op
BenchmarkMicroCASContention/MainFastPathDisabled/N=01-10                    	 5159606	       209.3 ns/op	     213 B/op	       1 allocs/op
BenchmarkMicroCASContention/MainFastPathDisabled/N=01-10                    	 5464944	       246.8 ns/op	     232 B/op	       1 allocs/op
BenchmarkMicroCASContention/MainFastPathDisabled/N=02-10                    	 4616230	       289.3 ns/op	     206 B/op	       1 allocs/op
BenchmarkMicroCASContention/MainFastPathDisabled/N=02-10                    	 4746771	       272.1 ns/op	     215 B/op	       1 allocs/op
BenchmarkMicroCASContention/MainFastPathDisabled/N=02-10                    	 4825264	       252.4 ns/op	     175 B/op	       1 allocs/op
BenchmarkMicroCASContention/MainFastPathDisabled/N=02-10                    	 4589054	       247.9 ns/op	     175 B/op	       1 allocs/op
BenchmarkMicroCASContention/MainFastPathDisabled/N=02-10                    	 4787118	       281.5 ns/op	     200 B/op	       1 allocs/op
BenchmarkMicroCASContention/MainFastPathDisabled/N=04-10                    	 4022130	       302.2 ns/op	     245 B/op	       1 allocs/op
BenchmarkMicroCASContention/MainFastPathDisabled/N=04-10                    	 4502064	       268.3 ns/op	     227 B/op	       1 allocs/op
BenchmarkMicroCASContention/MainFastPathDisabled/N=04-10                    	 4112388	       301.7 ns/op	     247 B/op	       1 allocs/op
BenchmarkMicroCASContention/MainFastPathDisabled/N=04-10                    	 3971606	       293.8 ns/op	     238 B/op	       1 allocs/op
BenchmarkMicroCASContention/MainFastPathDisabled/N=04-10                    	 4236798	       278.6 ns/op	     233 B/op	       1 allocs/op
BenchmarkMicroCASContention/MainFastPathDisabled/N=08-10                    	 4135141	       291.0 ns/op	     290 B/op	       1 allocs/op
BenchmarkMicroCASContention/MainFastPathDisabled/N=08-10                    	 4089040	       298.2 ns/op	     271 B/op	       1 allocs/op
BenchmarkMicroCASContention/MainFastPathDisabled/N=08-10                    	 4070677	       282.7 ns/op	     281 B/op	       1 allocs/op
BenchmarkMicroCASContention/MainFastPathDisabled/N=08-10                    	 3941602	       311.4 ns/op	     294 B/op	       1 allocs/op
BenchmarkMicroCASContention/MainFastPathDisabled/N=08-10                    	 3511578	       325.0 ns/op	     290 B/op	       1 allocs/op
BenchmarkMicroCASContention/MainFastPathDisabled/N=16-10                    	 4111857	       287.2 ns/op	     328 B/op	       1 allocs/op
BenchmarkMicroCASContention/MainFastPathDisabled/N=16-10                    	 3859513	       314.3 ns/op	     337 B/op	       1 allocs/op
BenchmarkMicroCASContention/MainFastPathDisabled/N=16-10                    	 4408064	       270.5 ns/op	     309 B/op	       1 allocs/op
BenchmarkMicroCASContention/MainFastPathDisabled/N=16-10                    	 4473243	       267.6 ns/op	     298 B/op	       1 allocs/op
BenchmarkMicroCASContention/MainFastPathDisabled/N=16-10                    	 4546244	       262.3 ns/op	     296 B/op	       1 allocs/op
BenchmarkMicroCASContention/MainFastPathDisabled/N=32-10                    	 4400958	       250.9 ns/op	     343 B/op	       1 allocs/op
BenchmarkMicroCASContention/MainFastPathDisabled/N=32-10                    	 4534490	       258.4 ns/op	     332 B/op	       1 allocs/op
BenchmarkMicroCASContention/MainFastPathDisabled/N=32-10                    	 4492933	       255.1 ns/op	     334 B/op	       1 allocs/op
BenchmarkMicroCASContention/MainFastPathDisabled/N=32-10                    	 4368630	       256.1 ns/op	     336 B/op	       1 allocs/op
BenchmarkMicroCASContention/MainFastPathDisabled/N=32-10                    	 4397407	       258.1 ns/op	     335 B/op	       1 allocs/op
BenchmarkMicroCASContention/AlternateOne/N=01-10                            	 8263167	       143.7 ns/op	      17 B/op	       1 allocs/op
BenchmarkMicroCASContention/AlternateOne/N=01-10                            	 7482492	       143.6 ns/op	      16 B/op	       1 allocs/op
BenchmarkMicroCASContention/AlternateOne/N=01-10                            	 8182836	       157.7 ns/op	      16 B/op	       1 allocs/op
BenchmarkMicroCASContention/AlternateOne/N=01-10                            	 8165730	       168.4 ns/op	      17 B/op	       1 allocs/op
BenchmarkMicroCASContention/AlternateOne/N=01-10                            	 7508595	       151.5 ns/op	      16 B/op	       1 allocs/op
BenchmarkMicroCASContention/AlternateOne/N=02-10                            	 7111274	       175.3 ns/op	      28 B/op	       1 allocs/op
BenchmarkMicroCASContention/AlternateOne/N=02-10                            	 8067411	       152.7 ns/op	      31 B/op	       1 allocs/op
BenchmarkMicroCASContention/AlternateOne/N=02-10                            	 7739421	       159.4 ns/op	      26 B/op	       1 allocs/op
BenchmarkMicroCASContention/AlternateOne/N=02-10                            	 7548700	       151.0 ns/op	      31 B/op	       1 allocs/op
BenchmarkMicroCASContention/AlternateOne/N=02-10                            	 7689760	       146.1 ns/op	      28 B/op	       1 allocs/op
BenchmarkMicroCASContention/AlternateOne/N=04-10                            	 6558657	       176.9 ns/op	      33 B/op	       1 allocs/op
BenchmarkMicroCASContention/AlternateOne/N=04-10                            	 8010504	       175.1 ns/op	      33 B/op	       1 allocs/op
BenchmarkMicroCASContention/AlternateOne/N=04-10                            	 8135208	       168.5 ns/op	      19 B/op	       1 allocs/op
BenchmarkMicroCASContention/AlternateOne/N=04-10                            	 7071921	       152.7 ns/op	      32 B/op	       1 allocs/op
BenchmarkMicroCASContention/AlternateOne/N=04-10                            	 8174683	       156.0 ns/op	      34 B/op	       1 allocs/op
BenchmarkMicroCASContention/AlternateOne/N=08-10                            	 7016538	       170.9 ns/op	      34 B/op	       1 allocs/op
BenchmarkMicroCASContention/AlternateOne/N=08-10                            	 8366287	       151.1 ns/op	      35 B/op	       1 allocs/op
BenchmarkMicroCASContention/AlternateOne/N=08-10                            	 7748498	       170.7 ns/op	      35 B/op	       1 allocs/op
BenchmarkMicroCASContention/AlternateOne/N=08-10                            	 7099020	       158.3 ns/op	      35 B/op	       1 allocs/op
BenchmarkMicroCASContention/AlternateOne/N=08-10                            	 7068690	       146.4 ns/op	      34 B/op	       1 allocs/op
BenchmarkMicroCASContention/AlternateOne/N=16-10                            	 7138248	       158.9 ns/op	      36 B/op	       1 allocs/op
BenchmarkMicroCASContention/AlternateOne/N=16-10                            	 7503573	       167.6 ns/op	      36 B/op	       1 allocs/op
BenchmarkMicroCASContention/AlternateOne/N=16-10                            	 7181216	       152.4 ns/op	      35 B/op	       1 allocs/op
BenchmarkMicroCASContention/AlternateOne/N=16-10                            	 7780191	       165.8 ns/op	      35 B/op	       1 allocs/op
BenchmarkMicroCASContention/AlternateOne/N=16-10                            	 7521962	       153.9 ns/op	      36 B/op	       1 allocs/op
BenchmarkMicroCASContention/AlternateOne/N=32-10                            	 7477188	       151.3 ns/op	      36 B/op	       1 allocs/op
BenchmarkMicroCASContention/AlternateOne/N=32-10                            	 7280384	       144.2 ns/op	      36 B/op	       1 allocs/op
BenchmarkMicroCASContention/AlternateOne/N=32-10                            	 8463108	       151.9 ns/op	      36 B/op	       1 allocs/op
BenchmarkMicroCASContention/AlternateOne/N=32-10                            	 7854163	       152.3 ns/op	      36 B/op	       1 allocs/op
BenchmarkMicroCASContention/AlternateOne/N=32-10                            	 8203059	       158.8 ns/op	      36 B/op	       1 allocs/op
BenchmarkMicroCASContention/AlternateTwo/N=01-10                            	 7352595	       168.8 ns/op	      20 B/op	       1 allocs/op
BenchmarkMicroCASContention/AlternateTwo/N=01-10                            	 7821192	       159.1 ns/op	      20 B/op	       1 allocs/op
BenchmarkMicroCASContention/AlternateTwo/N=01-10                            	 7375278	       166.7 ns/op	      18 B/op	       1 allocs/op
BenchmarkMicroCASContention/AlternateTwo/N=01-10                            	 7482577	       162.7 ns/op	      18 B/op	       1 allocs/op
BenchmarkMicroCASContention/AlternateTwo/N=01-10                            	 7530937	       157.1 ns/op	      17 B/op	       1 allocs/op
BenchmarkMicroCASContention/AlternateTwo/N=02-10                            	 6403645	       186.6 ns/op	      23 B/op	       1 allocs/op
BenchmarkMicroCASContention/AlternateTwo/N=02-10                            	 8094315	       197.5 ns/op	      22 B/op	       1 allocs/op
BenchmarkMicroCASContention/AlternateTwo/N=02-10                            	 7572981	       185.8 ns/op	      22 B/op	       1 allocs/op
BenchmarkMicroCASContention/AlternateTwo/N=02-10                            	 6531747	       199.4 ns/op	      23 B/op	       1 allocs/op
BenchmarkMicroCASContention/AlternateTwo/N=02-10                            	 6757684	       196.5 ns/op	      22 B/op	       1 allocs/op
BenchmarkMicroCASContention/AlternateTwo/N=04-10                            	 5227460	       206.5 ns/op	      27 B/op	       1 allocs/op
BenchmarkMicroCASContention/AlternateTwo/N=04-10                            	 6195814	       206.6 ns/op	      28 B/op	       1 allocs/op
BenchmarkMicroCASContention/AlternateTwo/N=04-10                            	 5821044	       185.4 ns/op	      30 B/op	       1 allocs/op
BenchmarkMicroCASContention/AlternateTwo/N=04-10                            	 6329389	       189.5 ns/op	      34 B/op	       1 allocs/op
BenchmarkMicroCASContention/AlternateTwo/N=04-10                            	 6250108	       210.4 ns/op	      30 B/op	       1 allocs/op
BenchmarkMicroCASContention/AlternateTwo/N=08-10                            	 6750460	       185.8 ns/op	      37 B/op	       1 allocs/op
BenchmarkMicroCASContention/AlternateTwo/N=08-10                            	 7786291	       189.2 ns/op	      38 B/op	       1 allocs/op
BenchmarkMicroCASContention/AlternateTwo/N=08-10                            	 7697014	       175.3 ns/op	      28 B/op	       1 allocs/op
BenchmarkMicroCASContention/AlternateTwo/N=08-10                            	 8116203	       208.4 ns/op	      30 B/op	       1 allocs/op
BenchmarkMicroCASContention/AlternateTwo/N=08-10                            	 8035377	       203.7 ns/op	      29 B/op	       1 allocs/op
BenchmarkMicroCASContention/AlternateTwo/N=16-10                            	 6550621	       186.1 ns/op	      34 B/op	       1 allocs/op
BenchmarkMicroCASContention/AlternateTwo/N=16-10                            	 8176434	       194.2 ns/op	      34 B/op	       1 allocs/op
BenchmarkMicroCASContention/AlternateTwo/N=16-10                            	 8398812	       203.8 ns/op	      31 B/op	       1 allocs/op
BenchmarkMicroCASContention/AlternateTwo/N=16-10                            	 8131288	       181.3 ns/op	      31 B/op	       1 allocs/op
BenchmarkMicroCASContention/AlternateTwo/N=16-10                            	 6510314	       172.0 ns/op	      29 B/op	       1 allocs/op
BenchmarkMicroCASContention/AlternateTwo/N=32-10                            	 7820450	       178.2 ns/op	      32 B/op	       1 allocs/op
BenchmarkMicroCASContention/AlternateTwo/N=32-10                            	 9568237	       177.6 ns/op	      33 B/op	       1 allocs/op
BenchmarkMicroCASContention/AlternateTwo/N=32-10                            	 7291683	       173.4 ns/op	      28 B/op	       1 allocs/op
BenchmarkMicroCASContention/AlternateTwo/N=32-10                            	 7395465	       196.4 ns/op	      35 B/op	       1 allocs/op
BenchmarkMicroCASContention/AlternateTwo/N=32-10                            	 9088300	       179.6 ns/op	      33 B/op	       1 allocs/op
BenchmarkMicroCASContention/AlternateThree/N=01-10                          	16282454	        87.33 ns/op	      16 B/op	       1 allocs/op
BenchmarkMicroCASContention/AlternateThree/N=01-10                          	14355111	        78.82 ns/op	      16 B/op	       1 allocs/op
BenchmarkMicroCASContention/AlternateThree/N=01-10                          	15199476	        80.66 ns/op	      16 B/op	       1 allocs/op
BenchmarkMicroCASContention/AlternateThree/N=01-10                          	14391961	        83.63 ns/op	      16 B/op	       1 allocs/op
BenchmarkMicroCASContention/AlternateThree/N=01-10                          	14743078	        88.60 ns/op	      16 B/op	       1 allocs/op
BenchmarkMicroCASContention/AlternateThree/N=02-10                          	 8084763	       136.4 ns/op	      16 B/op	       1 allocs/op
BenchmarkMicroCASContention/AlternateThree/N=02-10                          	 9183476	       137.4 ns/op	      16 B/op	       1 allocs/op
BenchmarkMicroCASContention/AlternateThree/N=02-10                          	 7765117	       139.1 ns/op	      16 B/op	       1 allocs/op
BenchmarkMicroCASContention/AlternateThree/N=02-10                          	 8795754	       131.1 ns/op	      16 B/op	       1 allocs/op
BenchmarkMicroCASContention/AlternateThree/N=02-10                          	 7907193	       139.7 ns/op	      16 B/op	       1 allocs/op
BenchmarkMicroCASContention/AlternateThree/N=04-10                          	 7988097	       155.7 ns/op	      16 B/op	       1 allocs/op
BenchmarkMicroCASContention/AlternateThree/N=04-10                          	 7448200	       145.6 ns/op	      16 B/op	       1 allocs/op
BenchmarkMicroCASContention/AlternateThree/N=04-10                          	 8392372	       144.9 ns/op	      16 B/op	       1 allocs/op
BenchmarkMicroCASContention/AlternateThree/N=04-10                          	 7809709	       147.5 ns/op	      16 B/op	       1 allocs/op
BenchmarkMicroCASContention/AlternateThree/N=04-10                          	 7946304	       153.4 ns/op	      16 B/op	       1 allocs/op
BenchmarkMicroCASContention/AlternateThree/N=08-10                          	 8230790	       153.7 ns/op	      16 B/op	       1 allocs/op
BenchmarkMicroCASContention/AlternateThree/N=08-10                          	 7758967	       156.1 ns/op	      16 B/op	       1 allocs/op
BenchmarkMicroCASContention/AlternateThree/N=08-10                          	 7799209	       152.3 ns/op	      16 B/op	       1 allocs/op
BenchmarkMicroCASContention/AlternateThree/N=08-10                          	 7327328	       165.5 ns/op	      17 B/op	       1 allocs/op
BenchmarkMicroCASContention/AlternateThree/N=08-10                          	 8148524	       156.4 ns/op	      16 B/op	       1 allocs/op
BenchmarkMicroCASContention/AlternateThree/N=16-10                          	 8667111	       146.3 ns/op	      16 B/op	       1 allocs/op
BenchmarkMicroCASContention/AlternateThree/N=16-10                          	 7996771	       151.2 ns/op	      16 B/op	       1 allocs/op
BenchmarkMicroCASContention/AlternateThree/N=16-10                          	 8052076	       146.9 ns/op	      16 B/op	       1 allocs/op
BenchmarkMicroCASContention/AlternateThree/N=16-10                          	 8011072	       145.5 ns/op	      16 B/op	       1 allocs/op
BenchmarkMicroCASContention/AlternateThree/N=16-10                          	 8192954	       145.8 ns/op	      17 B/op	       1 allocs/op
BenchmarkMicroCASContention/AlternateThree/N=32-10                          	 8797222	       137.7 ns/op	      17 B/op	       1 allocs/op
BenchmarkMicroCASContention/AlternateThree/N=32-10                          	 8631568	       139.7 ns/op	      16 B/op	       1 allocs/op
BenchmarkMicroCASContention/AlternateThree/N=32-10                          	 8273503	       146.1 ns/op	      16 B/op	       1 allocs/op
BenchmarkMicroCASContention/AlternateThree/N=32-10                          	 7569297	       143.5 ns/op	      16 B/op	       1 allocs/op
BenchmarkMicroCASContention/AlternateThree/N=32-10                          	 8468700	       147.9 ns/op	      16 B/op	       1 allocs/op
BenchmarkMicroCASContention/Baseline/N=01-10                                	 8910669	       159.9 ns/op	      56 B/op	       3 allocs/op
BenchmarkMicroCASContention/Baseline/N=01-10                                	 8774451	       149.1 ns/op	      56 B/op	       3 allocs/op
BenchmarkMicroCASContention/Baseline/N=01-10                                	 8513898	       123.7 ns/op	      56 B/op	       3 allocs/op
BenchmarkMicroCASContention/Baseline/N=01-10                                	 9185802	       110.1 ns/op	      56 B/op	       3 allocs/op
BenchmarkMicroCASContention/Baseline/N=01-10                                	10827123	       130.2 ns/op	      56 B/op	       3 allocs/op
BenchmarkMicroCASContention/Baseline/N=02-10                                	 8410080	       186.7 ns/op	      56 B/op	       3 allocs/op
BenchmarkMicroCASContention/Baseline/N=02-10                                	 7308414	       170.5 ns/op	      56 B/op	       3 allocs/op
BenchmarkMicroCASContention/Baseline/N=02-10                                	 7705322	       168.9 ns/op	      56 B/op	       3 allocs/op
BenchmarkMicroCASContention/Baseline/N=02-10                                	 7774510	       166.9 ns/op	      56 B/op	       3 allocs/op
BenchmarkMicroCASContention/Baseline/N=02-10                                	 6465184	       159.4 ns/op	      56 B/op	       3 allocs/op
BenchmarkMicroCASContention/Baseline/N=04-10                                	 5456668	       241.5 ns/op	      56 B/op	       3 allocs/op
BenchmarkMicroCASContention/Baseline/N=04-10                                	 5372260	       209.6 ns/op	      56 B/op	       3 allocs/op
BenchmarkMicroCASContention/Baseline/N=04-10                                	 6194232	       220.5 ns/op	      56 B/op	       3 allocs/op
BenchmarkMicroCASContention/Baseline/N=04-10                                	 5480445	       219.7 ns/op	      56 B/op	       3 allocs/op
BenchmarkMicroCASContention/Baseline/N=04-10                                	 5844112	       207.8 ns/op	      56 B/op	       3 allocs/op
BenchmarkMicroCASContention/Baseline/N=08-10                                	 5269570	       246.3 ns/op	      56 B/op	       3 allocs/op
BenchmarkMicroCASContention/Baseline/N=08-10                                	 5229696	       216.9 ns/op	      56 B/op	       3 allocs/op
BenchmarkMicroCASContention/Baseline/N=08-10                                	 5487510	       221.6 ns/op	      56 B/op	       3 allocs/op
BenchmarkMicroCASContention/Baseline/N=08-10                                	 5431068	       203.0 ns/op	      56 B/op	       3 allocs/op
BenchmarkMicroCASContention/Baseline/N=08-10                                	 5944029	       228.2 ns/op	      56 B/op	       3 allocs/op
BenchmarkMicroCASContention/Baseline/N=16-10                                	 5468812	       228.3 ns/op	      56 B/op	       3 allocs/op
BenchmarkMicroCASContention/Baseline/N=16-10                                	 5804637	       220.8 ns/op	      56 B/op	       3 allocs/op
BenchmarkMicroCASContention/Baseline/N=16-10                                	 4792779	       218.2 ns/op	      56 B/op	       3 allocs/op
BenchmarkMicroCASContention/Baseline/N=16-10                                	 5463638	       217.7 ns/op	      56 B/op	       3 allocs/op
BenchmarkMicroCASContention/Baseline/N=16-10                                	 5508544	       211.6 ns/op	      56 B/op	       3 allocs/op
BenchmarkMicroCASContention/Baseline/N=32-10                                	 5386104	       219.8 ns/op	      56 B/op	       3 allocs/op
BenchmarkMicroCASContention/Baseline/N=32-10                                	 6037704	       207.7 ns/op	      56 B/op	       3 allocs/op
BenchmarkMicroCASContention/Baseline/N=32-10                                	 6039476	       204.6 ns/op	      56 B/op	       3 allocs/op
BenchmarkMicroCASContention/Baseline/N=32-10                                	 5935778	       210.4 ns/op	      56 B/op	       3 allocs/op
BenchmarkMicroCASContention/Baseline/N=32-10                                	 5648616	       195.6 ns/op	      56 B/op	       3 allocs/op
BenchmarkMicroCASContention_Latency/Main-10                                 	  500366	      2262 ns/op	      1208 p50_ns	      5375 p95_ns	     16000 p99_ns	     128 B/op	       2 allocs/op
BenchmarkMicroCASContention_Latency/Main-10                                 	  652345	      2152 ns/op	      1208 p50_ns	      5209 p95_ns	     14917 p99_ns	     128 B/op	       2 allocs/op
BenchmarkMicroCASContention_Latency/Main-10                                 	  563004	      2177 ns/op	      1208 p50_ns	      5250 p95_ns	     16041 p99_ns	     128 B/op	       2 allocs/op
BenchmarkMicroCASContention_Latency/Main-10                                 	  571309	      2206 ns/op	      1208 p50_ns	      5375 p95_ns	     16125 p99_ns	     128 B/op	       2 allocs/op
BenchmarkMicroCASContention_Latency/Main-10                                 	  574560	      2193 ns/op	      1208 p50_ns	      5375 p95_ns	     15791 p99_ns	     128 B/op	       2 allocs/op
BenchmarkMicroCASContention_Latency/MainFastPathForced-10                   	  638462	      2102 ns/op	      1250 p50_ns	      4791 p95_ns	     13167 p99_ns	     128 B/op	       2 allocs/op
BenchmarkMicroCASContention_Latency/MainFastPathForced-10                   	  627984	      1925 ns/op	      1208 p50_ns	      4625 p95_ns	     10125 p99_ns	     128 B/op	       2 allocs/op
BenchmarkMicroCASContention_Latency/MainFastPathForced-10                   	  764151	      1882 ns/op	      1166 p50_ns	      4708 p95_ns	     10417 p99_ns	     128 B/op	       2 allocs/op
BenchmarkMicroCASContention_Latency/MainFastPathForced-10                   	  691366	      1867 ns/op	      1167 p50_ns	      4625 p95_ns	     10000 p99_ns	     128 B/op	       2 allocs/op
BenchmarkMicroCASContention_Latency/MainFastPathForced-10                   	  630349	      1875 ns/op	      1167 p50_ns	      4708 p95_ns	     10166 p99_ns	     128 B/op	       2 allocs/op
BenchmarkMicroCASContention_Latency/MainFastPathDisabled-10                 	   72568	     18267 ns/op	     14459 p50_ns	     29750 p95_ns	     50792 p99_ns	     159 B/op	       3 allocs/op
BenchmarkMicroCASContention_Latency/MainFastPathDisabled-10                 	   56697	     19109 ns/op	     14375 p50_ns	     34042 p95_ns	     59084 p99_ns	     158 B/op	       3 allocs/op
BenchmarkMicroCASContention_Latency/MainFastPathDisabled-10                 	   80209	     21104 ns/op	     16792 p50_ns	     35083 p95_ns	     55833 p99_ns	     158 B/op	       3 allocs/op
BenchmarkMicroCASContention_Latency/MainFastPathDisabled-10                 	   73503	     22937 ns/op	     16958 p50_ns	     48167 p95_ns	    120500 p99_ns	     157 B/op	       3 allocs/op
BenchmarkMicroCASContention_Latency/MainFastPathDisabled-10                 	   62155	     20250 ns/op	     15458 p50_ns	     47333 p95_ns	     99708 p99_ns	     158 B/op	       3 allocs/op
BenchmarkMicroCASContention_Latency/AlternateOne-10                         	   84530	     16862 ns/op	     12708 p50_ns	     38083 p95_ns	     83292 p99_ns	     128 B/op	       2 allocs/op
BenchmarkMicroCASContention_Latency/AlternateOne-10                         	   97525	     12714 ns/op	     10834 p50_ns	     21250 p95_ns	     34667 p99_ns	     128 B/op	       2 allocs/op
BenchmarkMicroCASContention_Latency/AlternateOne-10                         	   98757	     13427 ns/op	     11125 p50_ns	     22583 p95_ns	     38375 p99_ns	     128 B/op	       2 allocs/op
BenchmarkMicroCASContention_Latency/AlternateOne-10                         	   95154	     15462 ns/op	     11625 p50_ns	     34083 p95_ns	     78917 p99_ns	     128 B/op	       2 allocs/op
BenchmarkMicroCASContention_Latency/AlternateOne-10                         	   92695	     19572 ns/op	     12500 p50_ns	     50416 p95_ns	    114250 p99_ns	     128 B/op	       2 allocs/op
BenchmarkMicroCASContention_Latency/AlternateTwo-10                         	   61641	     21821 ns/op	     12667 p50_ns	     48958 p95_ns	    135584 p99_ns	     128 B/op	       2 allocs/op
BenchmarkMicroCASContention_Latency/AlternateTwo-10                         	   57637	     19502 ns/op	     12792 p50_ns	     33875 p95_ns	     57125 p99_ns	     128 B/op	       2 allocs/op
BenchmarkMicroCASContention_Latency/AlternateTwo-10                         	   90123	     16143 ns/op	     12125 p50_ns	     32916 p95_ns	     84417 p99_ns	     128 B/op	       2 allocs/op
BenchmarkMicroCASContention_Latency/AlternateTwo-10                         	   76236	     18676 ns/op	     14084 p50_ns	     35708 p95_ns	     62083 p99_ns	     128 B/op	       2 allocs/op
BenchmarkMicroCASContention_Latency/AlternateTwo-10                         	   73344	     18852 ns/op	     12166 p50_ns	     35625 p95_ns	    127292 p99_ns	     128 B/op	       2 allocs/op
BenchmarkMicroCASContention_Latency/AlternateThree-10                       	  102178	     16587 ns/op	     11875 p50_ns	     34417 p95_ns	     86584 p99_ns	     128 B/op	       2 allocs/op
BenchmarkMicroCASContention_Latency/AlternateThree-10                       	   68860	     19870 ns/op	     14333 p50_ns	     44083 p95_ns	     96833 p99_ns	     128 B/op	       2 allocs/op
BenchmarkMicroCASContention_Latency/AlternateThree-10                       	   83072	     30195 ns/op	     25291 p50_ns	     66041 p95_ns	    146083 p99_ns	     128 B/op	       2 allocs/op
BenchmarkMicroCASContention_Latency/AlternateThree-10                       	   43162	     39026 ns/op	     25291 p50_ns	     89166 p95_ns	    329667 p99_ns	     128 B/op	       2 allocs/op
BenchmarkMicroCASContention_Latency/AlternateThree-10                       	   38316	     29801 ns/op	     25375 p50_ns	     65375 p95_ns	    131083 p99_ns	     128 B/op	       2 allocs/op
BenchmarkMicroCASContention_Latency/Baseline-10                             	 1419600	       865.1 ns/op	       542.0 p50_ns	      1334 p95_ns	      5208 p99_ns	     168 B/op	       4 allocs/op
BenchmarkMicroCASContention_Latency/Baseline-10                             	 1354518	       873.2 ns/op	       583.0 p50_ns	      1375 p95_ns	      5375 p99_ns	     168 B/op	       4 allocs/op
BenchmarkMicroCASContention_Latency/Baseline-10                             	 1380164	      1010 ns/op	       583.0 p50_ns	      1458 p95_ns	      6166 p99_ns	     168 B/op	       4 allocs/op
BenchmarkMicroCASContention_Latency/Baseline-10                             	 1233607	      1100 ns/op	       584.0 p50_ns	      1708 p95_ns	      7333 p99_ns	     168 B/op	       4 allocs/op
BenchmarkMicroCASContention_Latency/Baseline-10                             	 1354303	      1133 ns/op	       584.0 p50_ns	      1875 p95_ns	      8917 p99_ns	     168 B/op	       4 allocs/op
BenchmarkMicroWakeupSyscall_Running/Main-10                                 	10259382	       171.3 ns/op	     496 B/op	       1 allocs/op
BenchmarkMicroWakeupSyscall_Running/Main-10                                 	12897878	       114.3 ns/op	     494 B/op	       1 allocs/op
BenchmarkMicroWakeupSyscall_Running/Main-10                                 	11321364	       120.9 ns/op	     560 B/op	       1 allocs/op
BenchmarkMicroWakeupSyscall_Running/Main-10                                 	11456612	       100.6 ns/op	     554 B/op	       1 allocs/op
BenchmarkMicroWakeupSyscall_Running/Main-10                                 	10663995	       108.1 ns/op	     478 B/op	       1 allocs/op
BenchmarkMicroWakeupSyscall_Running/MainFastPathForced-10                   	 9713570	       112.4 ns/op	     523 B/op	       1 allocs/op
BenchmarkMicroWakeupSyscall_Running/MainFastPathForced-10                   	10398710	       120.9 ns/op	     490 B/op	       1 allocs/op
BenchmarkMicroWakeupSyscall_Running/MainFastPathForced-10                   	10660051	       103.9 ns/op	     478 B/op	       1 allocs/op
BenchmarkMicroWakeupSyscall_Running/MainFastPathForced-10                   	10739086	       105.0 ns/op	     475 B/op	       1 allocs/op
BenchmarkMicroWakeupSyscall_Running/MainFastPathForced-10                   	10528393	       124.2 ns/op	     484 B/op	       1 allocs/op
BenchmarkMicroWakeupSyscall_Running/MainFastPathDisabled-10                 	11243947	       118.5 ns/op	     564 B/op	       1 allocs/op
BenchmarkMicroWakeupSyscall_Running/MainFastPathDisabled-10                 	12590553	       100.7 ns/op	     505 B/op	       1 allocs/op
BenchmarkMicroWakeupSyscall_Running/MainFastPathDisabled-10                 	11170431	       107.2 ns/op	     457 B/op	       1 allocs/op
BenchmarkMicroWakeupSyscall_Running/MainFastPathDisabled-10                 	10813184	       114.8 ns/op	     472 B/op	       1 allocs/op
BenchmarkMicroWakeupSyscall_Running/MainFastPathDisabled-10                 	10317166	       121.6 ns/op	     494 B/op	       1 allocs/op
BenchmarkMicroWakeupSyscall_Running/AlternateOne-10                         	27202684	        38.05 ns/op	      40 B/op	       1 allocs/op
BenchmarkMicroWakeupSyscall_Running/AlternateOne-10                         	34726658	        40.51 ns/op	      40 B/op	       1 allocs/op
BenchmarkMicroWakeupSyscall_Running/AlternateOne-10                         	34571173	        39.61 ns/op	      40 B/op	       1 allocs/op
BenchmarkMicroWakeupSyscall_Running/AlternateOne-10                         	26336436	        44.35 ns/op	      40 B/op	       1 allocs/op
BenchmarkMicroWakeupSyscall_Running/AlternateOne-10                         	32828294	        34.51 ns/op	      40 B/op	       1 allocs/op
BenchmarkMicroWakeupSyscall_Running/AlternateTwo-10                         	16578697	        77.26 ns/op	      31 B/op	       1 allocs/op
BenchmarkMicroWakeupSyscall_Running/AlternateTwo-10                         	14761311	        77.36 ns/op	      30 B/op	       1 allocs/op
BenchmarkMicroWakeupSyscall_Running/AlternateTwo-10                         	15431412	        77.31 ns/op	      30 B/op	       1 allocs/op
BenchmarkMicroWakeupSyscall_Running/AlternateTwo-10                         	15400608	        80.18 ns/op	      30 B/op	       1 allocs/op
BenchmarkMicroWakeupSyscall_Running/AlternateTwo-10                         	13743841	        83.94 ns/op	      30 B/op	       1 allocs/op
BenchmarkMicroWakeupSyscall_Running/AlternateThree-10                       	43269230	        28.89 ns/op	      24 B/op	       1 allocs/op
BenchmarkMicroWakeupSyscall_Running/AlternateThree-10                       	41022777	        29.07 ns/op	      24 B/op	       1 allocs/op
BenchmarkMicroWakeupSyscall_Running/AlternateThree-10                       	37856032	        29.42 ns/op	      24 B/op	       1 allocs/op
BenchmarkMicroWakeupSyscall_Running/AlternateThree-10                       	37526434	        33.49 ns/op	      24 B/op	       1 allocs/op
BenchmarkMicroWakeupSyscall_Running/AlternateThree-10                       	42123738	        29.21 ns/op	      24 B/op	       1 allocs/op
BenchmarkMicroWakeupSyscall_Running/Baseline-10                             	14413728	        74.09 ns/op	     101 B/op	       3 allocs/op
BenchmarkMicroWakeupSyscall_Running/Baseline-10                             	20756502	        71.00 ns/op	     105 B/op	       3 allocs/op
BenchmarkMicroWakeupSyscall_Running/Baseline-10                             	13348232	       122.9 ns/op	     105 B/op	       3 allocs/op
BenchmarkMicroWakeupSyscall_Running/Baseline-10                             	19634029	        72.75 ns/op	      98 B/op	       3 allocs/op
BenchmarkMicroWakeupSyscall_Running/Baseline-10                             	20379799	        73.41 ns/op	      96 B/op	       3 allocs/op
BenchmarkMicroWakeupSyscall_Sleeping/Main-10                                	  683016	      1773 ns/op	     128 B/op	       2 allocs/op
BenchmarkMicroWakeupSyscall_Sleeping/Main-10                                	  680360	      2049 ns/op	     128 B/op	       2 allocs/op
BenchmarkMicroWakeupSyscall_Sleeping/Main-10                                	  689970	      1955 ns/op	     128 B/op	       2 allocs/op
BenchmarkMicroWakeupSyscall_Sleeping/Main-10                                	  639344	      2031 ns/op	     128 B/op	       2 allocs/op
BenchmarkMicroWakeupSyscall_Sleeping/Main-10                                	  660956	      1798 ns/op	     128 B/op	       2 allocs/op
BenchmarkMicroWakeupSyscall_Sleeping/MainFastPathForced-10                  	  664800	      2053 ns/op	     128 B/op	       2 allocs/op
BenchmarkMicroWakeupSyscall_Sleeping/MainFastPathForced-10                  	  644722	      2024 ns/op	     128 B/op	       2 allocs/op
BenchmarkMicroWakeupSyscall_Sleeping/MainFastPathForced-10                  	  560847	      1843 ns/op	     128 B/op	       2 allocs/op
BenchmarkMicroWakeupSyscall_Sleeping/MainFastPathForced-10                  	  594237	      2100 ns/op	     128 B/op	       2 allocs/op
BenchmarkMicroWakeupSyscall_Sleeping/MainFastPathForced-10                  	  598928	      1797 ns/op	     128 B/op	       2 allocs/op
BenchmarkMicroWakeupSyscall_Sleeping/MainFastPathDisabled-10                	   69273	     17698 ns/op	     159 B/op	       3 allocs/op
BenchmarkMicroWakeupSyscall_Sleeping/MainFastPathDisabled-10                	   77574	     18607 ns/op	     158 B/op	       3 allocs/op
BenchmarkMicroWakeupSyscall_Sleeping/MainFastPathDisabled-10                	   87157	     14170 ns/op	     159 B/op	       3 allocs/op
BenchmarkMicroWakeupSyscall_Sleeping/MainFastPathDisabled-10                	   82228	     17407 ns/op	     158 B/op	       3 allocs/op
BenchmarkMicroWakeupSyscall_Sleeping/MainFastPathDisabled-10                	   77611	     17357 ns/op	     158 B/op	       3 allocs/op
BenchmarkMicroWakeupSyscall_Sleeping/AlternateOne-10                        	   82074	     13609 ns/op	     128 B/op	       2 allocs/op
BenchmarkMicroWakeupSyscall_Sleeping/AlternateOne-10                        	   98684	     17702 ns/op	     128 B/op	       2 allocs/op
BenchmarkMicroWakeupSyscall_Sleeping/AlternateOne-10                        	   85633	     18909 ns/op	     128 B/op	       2 allocs/op
BenchmarkMicroWakeupSyscall_Sleeping/AlternateOne-10                        	   95294	     16412 ns/op	     128 B/op	       2 allocs/op
BenchmarkMicroWakeupSyscall_Sleeping/AlternateOne-10                        	   76843	     18498 ns/op	     128 B/op	       2 allocs/op
BenchmarkMicroWakeupSyscall_Sleeping/AlternateTwo-10                        	   90012	     14858 ns/op	     128 B/op	       2 allocs/op
BenchmarkMicroWakeupSyscall_Sleeping/AlternateTwo-10                        	   78890	     14825 ns/op	     128 B/op	       2 allocs/op
BenchmarkMicroWakeupSyscall_Sleeping/AlternateTwo-10                        	   86923	     15139 ns/op	     128 B/op	       2 allocs/op
BenchmarkMicroWakeupSyscall_Sleeping/AlternateTwo-10                        	   92618	     15588 ns/op	     128 B/op	       2 allocs/op
BenchmarkMicroWakeupSyscall_Sleeping/AlternateTwo-10                        	   91063	     14831 ns/op	     128 B/op	       2 allocs/op
BenchmarkMicroWakeupSyscall_Sleeping/AlternateThree-10                      	   78667	     15264 ns/op	     128 B/op	       2 allocs/op
BenchmarkMicroWakeupSyscall_Sleeping/AlternateThree-10                      	   73040	     14745 ns/op	     128 B/op	       2 allocs/op
BenchmarkMicroWakeupSyscall_Sleeping/AlternateThree-10                      	   72126	     14024 ns/op	     128 B/op	       2 allocs/op
BenchmarkMicroWakeupSyscall_Sleeping/AlternateThree-10                      	   81750	     15806 ns/op	     128 B/op	       2 allocs/op
BenchmarkMicroWakeupSyscall_Sleeping/AlternateThree-10                      	   79250	     14494 ns/op	     128 B/op	       2 allocs/op
BenchmarkMicroWakeupSyscall_Sleeping/Baseline-10                            	 1469616	       958.3 ns/op	     168 B/op	       4 allocs/op
BenchmarkMicroWakeupSyscall_Sleeping/Baseline-10                            	 1413506	       938.4 ns/op	     168 B/op	       4 allocs/op
BenchmarkMicroWakeupSyscall_Sleeping/Baseline-10                            	 1407813	       829.6 ns/op	     168 B/op	       4 allocs/op
BenchmarkMicroWakeupSyscall_Sleeping/Baseline-10                            	 1000000	      1000 ns/op	     168 B/op	       4 allocs/op
BenchmarkMicroWakeupSyscall_Sleeping/Baseline-10                            	 1403684	       820.6 ns/op	     168 B/op	       4 allocs/op
BenchmarkMicroWakeupSyscall_Burst/Main-10                                   	 2674348	       596.0 ns/op	      17 B/op	       1 allocs/op
BenchmarkMicroWakeupSyscall_Burst/Main-10                                   	 2134850	       511.2 ns/op	      17 B/op	       1 allocs/op
BenchmarkMicroWakeupSyscall_Burst/Main-10                                   	 2559345	       470.7 ns/op	      17 B/op	       1 allocs/op
BenchmarkMicroWakeupSyscall_Burst/Main-10                                   	 2528602	       445.3 ns/op	      17 B/op	       1 allocs/op
BenchmarkMicroWakeupSyscall_Burst/Main-10                                   	 2607528	       451.4 ns/op	      17 B/op	       1 allocs/op
BenchmarkMicroWakeupSyscall_Burst/MainFastPathForced-10                     	 2524569	       441.5 ns/op	      17 B/op	       1 allocs/op
BenchmarkMicroWakeupSyscall_Burst/MainFastPathForced-10                     	 2597714	       451.3 ns/op	      17 B/op	       1 allocs/op
BenchmarkMicroWakeupSyscall_Burst/MainFastPathForced-10                     	 2601831	       549.6 ns/op	      17 B/op	       1 allocs/op
BenchmarkMicroWakeupSyscall_Burst/MainFastPathForced-10                     	 2518196	       465.3 ns/op	      17 B/op	       1 allocs/op
BenchmarkMicroWakeupSyscall_Burst/MainFastPathForced-10                     	 2688422	       533.3 ns/op	      17 B/op	       1 allocs/op
BenchmarkMicroWakeupSyscall_Burst/MainFastPathDisabled-10                   	 2109067	       674.1 ns/op	      17 B/op	       1 allocs/op
BenchmarkMicroWakeupSyscall_Burst/MainFastPathDisabled-10                   	 2002586	       673.6 ns/op	      17 B/op	       1 allocs/op
BenchmarkMicroWakeupSyscall_Burst/MainFastPathDisabled-10                   	 1988906	       553.5 ns/op	      17 B/op	       1 allocs/op
BenchmarkMicroWakeupSyscall_Burst/MainFastPathDisabled-10                   	 2075895	       579.5 ns/op	      17 B/op	       1 allocs/op
BenchmarkMicroWakeupSyscall_Burst/MainFastPathDisabled-10                   	 1979475	       605.1 ns/op	      17 B/op	       1 allocs/op
BenchmarkMicroWakeupSyscall_Burst/AlternateOne-10                           	 6471184	       235.9 ns/op	      17 B/op	       1 allocs/op
BenchmarkMicroWakeupSyscall_Burst/AlternateOne-10                           	 3794152	       284.0 ns/op	      17 B/op	       1 allocs/op
BenchmarkMicroWakeupSyscall_Burst/AlternateOne-10                           	 5591025	       190.0 ns/op	      17 B/op	       1 allocs/op
BenchmarkMicroWakeupSyscall_Burst/AlternateOne-10                           	 5888466	       218.2 ns/op	      17 B/op	       1 allocs/op
BenchmarkMicroWakeupSyscall_Burst/AlternateOne-10                           	 4909965	       206.0 ns/op	      17 B/op	       1 allocs/op
BenchmarkMicroWakeupSyscall_Burst/AlternateTwo-10                           	 5055307	       467.0 ns/op	      17 B/op	       1 allocs/op
BenchmarkMicroWakeupSyscall_Burst/AlternateTwo-10                           	 5210006	       257.6 ns/op	      17 B/op	       1 allocs/op
BenchmarkMicroWakeupSyscall_Burst/AlternateTwo-10                           	 4820181	       251.8 ns/op	      17 B/op	       1 allocs/op
BenchmarkMicroWakeupSyscall_Burst/AlternateTwo-10                           	 5460258	       232.5 ns/op	      17 B/op	       1 allocs/op
BenchmarkMicroWakeupSyscall_Burst/AlternateTwo-10                           	 5164341	       205.5 ns/op	      17 B/op	       1 allocs/op
BenchmarkMicroWakeupSyscall_Burst/AlternateThree-10                         	 8021206	       268.9 ns/op	      17 B/op	       1 allocs/op
BenchmarkMicroWakeupSyscall_Burst/AlternateThree-10                         	 3357046	       484.9 ns/op	      17 B/op	       1 allocs/op
BenchmarkMicroWakeupSyscall_Burst/AlternateThree-10                         	 2077702	       482.5 ns/op	      17 B/op	       1 allocs/op
BenchmarkMicroWakeupSyscall_Burst/AlternateThree-10                         	 2748816	       399.8 ns/op	      17 B/op	       1 allocs/op
BenchmarkMicroWakeupSyscall_Burst/AlternateThree-10                         	 1305376	      1522 ns/op	      17 B/op	       1 allocs/op
BenchmarkMicroWakeupSyscall_Burst/Baseline-10                               	 6129729	       245.0 ns/op	      57 B/op	       3 allocs/op
BenchmarkMicroWakeupSyscall_Burst/Baseline-10                               	 7769050	       184.1 ns/op	      57 B/op	       3 allocs/op
BenchmarkMicroWakeupSyscall_Burst/Baseline-10                               	 5280072	       215.5 ns/op	      57 B/op	       3 allocs/op
BenchmarkMicroWakeupSyscall_Burst/Baseline-10                               	 3796215	       306.4 ns/op	      57 B/op	       3 allocs/op
BenchmarkMicroWakeupSyscall_Burst/Baseline-10                               	 9310782	       145.2 ns/op	      57 B/op	       3 allocs/op
BenchmarkMicroWakeupSyscall_RapidSubmit/Main-10                             	 3764395	       333.6 ns/op	     320 B/op	       1 allocs/op
BenchmarkMicroWakeupSyscall_RapidSubmit/Main-10                             	 5648731	       249.8 ns/op	     256 B/op	       1 allocs/op
BenchmarkMicroWakeupSyscall_RapidSubmit/Main-10                             	 6034782	       214.1 ns/op	     243 B/op	       1 allocs/op
BenchmarkMicroWakeupSyscall_RapidSubmit/Main-10                             	 5097529	       222.1 ns/op	     242 B/op	       1 allocs/op
BenchmarkMicroWakeupSyscall_RapidSubmit/Main-10                             	 6110587	       189.3 ns/op	     179 B/op	       1 allocs/op
BenchmarkMicroWakeupSyscall_RapidSubmit/MainFastPathForced-10               	 5874404	       233.7 ns/op	     246 B/op	       1 allocs/op
BenchmarkMicroWakeupSyscall_RapidSubmit/MainFastPathForced-10               	 6013664	       254.0 ns/op	     260 B/op	       1 allocs/op
BenchmarkMicroWakeupSyscall_RapidSubmit/MainFastPathForced-10               	 5765065	       248.4 ns/op	     249 B/op	       1 allocs/op
BenchmarkMicroWakeupSyscall_RapidSubmit/MainFastPathForced-10               	 5988997	       251.7 ns/op	     243 B/op	       1 allocs/op
BenchmarkMicroWakeupSyscall_RapidSubmit/MainFastPathForced-10               	 6158515	       225.5 ns/op	     258 B/op	       1 allocs/op
BenchmarkMicroWakeupSyscall_RapidSubmit/MainFastPathDisabled-10             	 5215316	       222.8 ns/op	     255 B/op	       1 allocs/op
BenchmarkMicroWakeupSyscall_RapidSubmit/MainFastPathDisabled-10             	 5147396	       221.0 ns/op	     256 B/op	       1 allocs/op
BenchmarkMicroWakeupSyscall_RapidSubmit/MainFastPathDisabled-10             	 4889048	       237.6 ns/op	     250 B/op	       1 allocs/op
BenchmarkMicroWakeupSyscall_RapidSubmit/MainFastPathDisabled-10             	 5928322	       198.3 ns/op	     201 B/op	       1 allocs/op
BenchmarkMicroWakeupSyscall_RapidSubmit/MainFastPathDisabled-10             	 3066757	       331.0 ns/op	     286 B/op	       1 allocs/op
BenchmarkMicroWakeupSyscall_RapidSubmit/AlternateOne-10                     	 7630537	       153.2 ns/op	      17 B/op	       1 allocs/op
BenchmarkMicroWakeupSyscall_RapidSubmit/AlternateOne-10                     	 7273707	       143.4 ns/op	      19 B/op	       1 allocs/op
BenchmarkMicroWakeupSyscall_RapidSubmit/AlternateOne-10                     	 8155116	       154.1 ns/op	      17 B/op	       1 allocs/op
BenchmarkMicroWakeupSyscall_RapidSubmit/AlternateOne-10                     	 6406155	       159.8 ns/op	      17 B/op	       1 allocs/op
BenchmarkMicroWakeupSyscall_RapidSubmit/AlternateOne-10                     	 7414760	       136.3 ns/op	      17 B/op	       1 allocs/op
BenchmarkMicroWakeupSyscall_RapidSubmit/AlternateTwo-10                     	 6832653	       149.3 ns/op	      19 B/op	       1 allocs/op
BenchmarkMicroWakeupSyscall_RapidSubmit/AlternateTwo-10                     	 7837107	       157.2 ns/op	      18 B/op	       1 allocs/op
BenchmarkMicroWakeupSyscall_RapidSubmit/AlternateTwo-10                     	 9861250	       148.3 ns/op	      20 B/op	       1 allocs/op
BenchmarkMicroWakeupSyscall_RapidSubmit/AlternateTwo-10                     	 8373421	       135.2 ns/op	      18 B/op	       1 allocs/op
BenchmarkMicroWakeupSyscall_RapidSubmit/AlternateTwo-10                     	 8657138	       124.5 ns/op	      17 B/op	       1 allocs/op
BenchmarkMicroWakeupSyscall_RapidSubmit/AlternateThree-10                   	13377913	        80.00 ns/op	      16 B/op	       1 allocs/op
BenchmarkMicroWakeupSyscall_RapidSubmit/AlternateThree-10                   	15278676	        77.51 ns/op	      16 B/op	       1 allocs/op
BenchmarkMicroWakeupSyscall_RapidSubmit/AlternateThree-10                   	13691505	        85.17 ns/op	      16 B/op	       1 allocs/op
BenchmarkMicroWakeupSyscall_RapidSubmit/AlternateThree-10                   	15228063	        82.73 ns/op	      16 B/op	       1 allocs/op
BenchmarkMicroWakeupSyscall_RapidSubmit/AlternateThree-10                   	14852258	        84.16 ns/op	      16 B/op	       1 allocs/op
BenchmarkMicroWakeupSyscall_RapidSubmit/Baseline-10                         	 9975660	       118.3 ns/op	      56 B/op	       3 allocs/op
BenchmarkMicroWakeupSyscall_RapidSubmit/Baseline-10                         	10233224	       123.1 ns/op	      56 B/op	       3 allocs/op
BenchmarkMicroWakeupSyscall_RapidSubmit/Baseline-10                         	 9314094	       128.0 ns/op	      56 B/op	       3 allocs/op
BenchmarkMicroWakeupSyscall_RapidSubmit/Baseline-10                         	 9479500	       141.7 ns/op	      56 B/op	       3 allocs/op
BenchmarkMicroWakeupSyscall_RapidSubmit/Baseline-10                         	 7613268	       145.8 ns/op	      56 B/op	       3 allocs/op
BenchmarkMicrotaskRoundTrip/Main-10                                         	  298656	      3861 ns/op	     356 B/op	      11 allocs/op
BenchmarkMicrotaskRoundTrip/Main-10                                         	  243584	      4975 ns/op	     366 B/op	      12 allocs/op
BenchmarkMicrotaskRoundTrip/Main-10                                         	  273822	      4791 ns/op	     367 B/op	      12 allocs/op
BenchmarkMicrotaskRoundTrip/Main-10                                         	  374460	      4580 ns/op	     370 B/op	      12 allocs/op
BenchmarkMicrotaskRoundTrip/Main-10                                         	  298281	      3965 ns/op	     366 B/op	      12 allocs/op
BenchmarkMicrotaskRoundTrip/MainFastPathForced-10                           	  318403	      3846 ns/op	     356 B/op	      11 allocs/op
BenchmarkMicrotaskRoundTrip/MainFastPathForced-10                           	  290829	      4608 ns/op	     362 B/op	      11 allocs/op
BenchmarkMicrotaskRoundTrip/MainFastPathForced-10                           	  260748	      3931 ns/op	     364 B/op	      11 allocs/op
BenchmarkMicrotaskRoundTrip/MainFastPathForced-10                           	  314860	      4022 ns/op	     365 B/op	      11 allocs/op
BenchmarkMicrotaskRoundTrip/MainFastPathForced-10                           	  299510	      4450 ns/op	     364 B/op	      11 allocs/op
BenchmarkMicrotaskRoundTrip/MainFastPathDisabled-10                         	   96063	     12293 ns/op	     401 B/op	      13 allocs/op
BenchmarkMicrotaskRoundTrip/MainFastPathDisabled-10                         	  155022	     16539 ns/op	     404 B/op	      14 allocs/op
BenchmarkMicrotaskRoundTrip/MainFastPathDisabled-10                         	   93481	     12359 ns/op	     403 B/op	      13 allocs/op
BenchmarkMicrotaskRoundTrip/MainFastPathDisabled-10                         	  128689	     14978 ns/op	     402 B/op	      13 allocs/op
BenchmarkMicrotaskRoundTrip/MainFastPathDisabled-10                         	   93154	     16166 ns/op	     411 B/op	      14 allocs/op
BenchmarkMicrotaskRoundTrip/AlternateOne-10                                 	       1	10001927000 ns/op	    4672 B/op	      28 allocs/op
BenchmarkMicrotaskRoundTrip/AlternateOne-10                                 	       1	10000256834 ns/op	    4672 B/op	      28 allocs/op
BenchmarkMicrotaskRoundTrip/AlternateOne-10                                 	       1	10001079834 ns/op	    4672 B/op	      28 allocs/op
BenchmarkMicrotaskRoundTrip/AlternateOne-10                                 	       1	10000759250 ns/op	    4672 B/op	      28 allocs/op
BenchmarkMicrotaskRoundTrip/AlternateOne-10                                 	       1	10000211042 ns/op	    4672 B/op	      28 allocs/op
BenchmarkMicrotaskRoundTrip/AlternateTwo-10                                 	     129	  10266310 ns/op	     137 B/op	       2 allocs/op
BenchmarkMicrotaskRoundTrip/AlternateTwo-10                                 	     121	   9521082 ns/op	     138 B/op	       2 allocs/op
BenchmarkMicrotaskRoundTrip/AlternateTwo-10                                 	     122	   9313056 ns/op	     138 B/op	       2 allocs/op
BenchmarkMicrotaskRoundTrip/AlternateTwo-10                                 	     121	   9731070 ns/op	     138 B/op	       2 allocs/op
BenchmarkMicrotaskRoundTrip/AlternateTwo-10                                 	     123	   9379043 ns/op	     138 B/op	       2 allocs/op
BenchmarkPromisesV2/ChainedPromise/ChainDepth100EndToEnd-10                 	   40752	     34859 ns/op	   14670 B/op	     334 allocs/op
BenchmarkPromisesV2/ChainedPromise/ChainDepth100EndToEnd-10                 	   41229	     35704 ns/op	   14670 B/op	     334 allocs/op
BenchmarkPromisesV2/ChainedPromise/ChainDepth100EndToEnd-10                 	   40441	     33883 ns/op	   14670 B/op	     334 allocs/op
BenchmarkPromisesV2/ChainedPromise/ChainDepth100EndToEnd-10                 	   36954	     31923 ns/op	   14670 B/op	     334 allocs/op
BenchmarkPromisesV2/ChainedPromise/ChainDepth100EndToEnd-10                 	   40855	     34504 ns/op	   14670 B/op	     334 allocs/op
BenchmarkPromisesV2/ChainedPromise/ResolvedHandlerEndToEnd-10               	  132668	     10294 ns/op	     875 B/op	      27 allocs/op
BenchmarkPromisesV2/ChainedPromise/ResolvedHandlerEndToEnd-10               	  126862	     10605 ns/op	     882 B/op	      27 allocs/op
BenchmarkPromisesV2/ChainedPromise/ResolvedHandlerEndToEnd-10               	  121690	      8813 ns/op	     880 B/op	      27 allocs/op
BenchmarkPromisesV2/ChainedPromise/ResolvedHandlerEndToEnd-10               	  125299	      9034 ns/op	     881 B/op	      27 allocs/op
BenchmarkPromisesV2/ChainedPromise/ResolvedHandlerEndToEnd-10               	  138918	     10260 ns/op	     885 B/op	      27 allocs/op
BenchmarkPromisesV2/ChainedPromise/FanOut100EndToEnd-10                     	   15631	     90014 ns/op	   46015 B/op	     549 allocs/op
BenchmarkPromisesV2/ChainedPromise/FanOut100EndToEnd-10                     	   12096	     84933 ns/op	   45751 B/op	     549 allocs/op
BenchmarkPromisesV2/ChainedPromise/FanOut100EndToEnd-10                     	   12698	     95349 ns/op	   45887 B/op	     549 allocs/op
BenchmarkPromisesV2/ChainedPromise/FanOut100EndToEnd-10                     	   12855	     94837 ns/op	   45830 B/op	     549 allocs/op
BenchmarkPromisesV2/ChainedPromise/FanOut100EndToEnd-10                     	   12532	     84613 ns/op	   45953 B/op	     549 allocs/op
BenchmarkPromisesV2/ChainedPromise/Race100EndToEnd-10                       	   15174	     67592 ns/op	   46214 B/op	     752 allocs/op
BenchmarkPromisesV2/ChainedPromise/Race100EndToEnd-10                       	   18044	     64463 ns/op	   44843 B/op	     752 allocs/op
BenchmarkPromisesV2/ChainedPromise/Race100EndToEnd-10                       	   18746	     64222 ns/op	   44792 B/op	     752 allocs/op
BenchmarkPromisesV2/ChainedPromise/Race100EndToEnd-10                       	   18698	     64599 ns/op	   44834 B/op	     752 allocs/op
BenchmarkPromisesV2/ChainedPromise/Race100EndToEnd-10                       	   17784	     64576 ns/op	   44564 B/op	     752 allocs/op
BenchmarkPromisesV2/PromiseAltOne/ChainDepth100EndToEnd-10                  	   51973	     22958 ns/op	   14669 B/op	     334 allocs/op
BenchmarkPromisesV2/PromiseAltOne/ChainDepth100EndToEnd-10                  	   52050	     23486 ns/op	   14669 B/op	     334 allocs/op
BenchmarkPromisesV2/PromiseAltOne/ChainDepth100EndToEnd-10                  	   52706	     23020 ns/op	   14669 B/op	     334 allocs/op
BenchmarkPromisesV2/PromiseAltOne/ChainDepth100EndToEnd-10                  	   52188	     22986 ns/op	   14669 B/op	     334 allocs/op
BenchmarkPromisesV2/PromiseAltOne/ChainDepth100EndToEnd-10                  	   52116	     22927 ns/op	   14669 B/op	     334 allocs/op
BenchmarkPromisesV2/PromiseAltOne/ResolvedHandlerEndToEnd-10                	  156020	      7772 ns/op	     894 B/op	      28 allocs/op
BenchmarkPromisesV2/PromiseAltOne/ResolvedHandlerEndToEnd-10                	  157344	      7753 ns/op	     895 B/op	      28 allocs/op
BenchmarkPromisesV2/PromiseAltOne/ResolvedHandlerEndToEnd-10                	  160165	      7668 ns/op	     891 B/op	      27 allocs/op
BenchmarkPromisesV2/PromiseAltOne/ResolvedHandlerEndToEnd-10                	  151465	      7761 ns/op	     895 B/op	      28 allocs/op
BenchmarkPromisesV2/PromiseAltOne/ResolvedHandlerEndToEnd-10                	  157158	      7749 ns/op	     893 B/op	      28 allocs/op
BenchmarkPromisesV2/PromiseAltOne/FanOut100EndToEnd-10                      	   22488	     53407 ns/op	   27795 B/op	     538 allocs/op
BenchmarkPromisesV2/PromiseAltOne/FanOut100EndToEnd-10                      	   22525	     53333 ns/op	   27796 B/op	     538 allocs/op
BenchmarkPromisesV2/PromiseAltOne/FanOut100EndToEnd-10                      	   22429	     53379 ns/op	   27795 B/op	     538 allocs/op
BenchmarkPromisesV2/PromiseAltOne/FanOut100EndToEnd-10                      	   22430	     53523 ns/op	   27796 B/op	     538 allocs/op
BenchmarkPromisesV2/PromiseAltOne/FanOut100EndToEnd-10                      	   22546	     53467 ns/op	   27796 B/op	     538 allocs/op
BenchmarkPromisesV2/PromiseAltOne/Race100EndToEnd-10                        	   38428	     31273 ns/op	   17415 B/op	     338 allocs/op
BenchmarkPromisesV2/PromiseAltOne/Race100EndToEnd-10                        	   38296	     31346 ns/op	   17415 B/op	     338 allocs/op
BenchmarkPromisesV2/PromiseAltOne/Race100EndToEnd-10                        	   38395	     31282 ns/op	   17415 B/op	     338 allocs/op
BenchmarkPromisesV2/PromiseAltOne/Race100EndToEnd-10                        	   38484	     31174 ns/op	   17416 B/op	     338 allocs/op
BenchmarkPromisesV2/PromiseAltOne/Race100EndToEnd-10                        	   37568	     31216 ns/op	   17415 B/op	     338 allocs/op
BenchmarkPromisesV2/PromiseAltTwo/ChainDepth100EndToEnd-10                  	   48859	     24695 ns/op	   14652 B/op	     435 allocs/op
BenchmarkPromisesV2/PromiseAltTwo/ChainDepth100EndToEnd-10                  	   48610	     24650 ns/op	   14652 B/op	     435 allocs/op
BenchmarkPromisesV2/PromiseAltTwo/ChainDepth100EndToEnd-10                  	   48729	     24680 ns/op	   14652 B/op	     435 allocs/op
BenchmarkPromisesV2/PromiseAltTwo/ChainDepth100EndToEnd-10                  	   48400	     24702 ns/op	   14652 B/op	     435 allocs/op
BenchmarkPromisesV2/PromiseAltTwo/ChainDepth100EndToEnd-10                  	   48788	     24788 ns/op	   14652 B/op	     435 allocs/op
BenchmarkPromisesV2/PromiseAltTwo/ResolvedHandlerEndToEnd-10                	  153062	      8867 ns/op	     870 B/op	      28 allocs/op
BenchmarkPromisesV2/PromiseAltTwo/ResolvedHandlerEndToEnd-10                	  145026	      7396 ns/op	     806 B/op	      25 allocs/op
BenchmarkPromisesV2/PromiseAltTwo/ResolvedHandlerEndToEnd-10                	  128865	      9060 ns/op	     872 B/op	      28 allocs/op
BenchmarkPromisesV2/PromiseAltTwo/ResolvedHandlerEndToEnd-10                	  119091	      8715 ns/op	     841 B/op	      26 allocs/op
BenchmarkPromisesV2/PromiseAltTwo/ResolvedHandlerEndToEnd-10                	  132349	     10174 ns/op	     852 B/op	      27 allocs/op
BenchmarkPromisesV2/PromiseAltTwo/FanOut100EndToEnd-10                      	   22512	     55939 ns/op	   17899 B/op	     532 allocs/op
BenchmarkPromisesV2/PromiseAltTwo/FanOut100EndToEnd-10                      	   18834	     56644 ns/op	   17900 B/op	     532 allocs/op
BenchmarkPromisesV2/PromiseAltTwo/FanOut100EndToEnd-10                      	   22233	     51614 ns/op	   17898 B/op	     532 allocs/op
BenchmarkPromisesV2/PromiseAltTwo/FanOut100EndToEnd-10                      	   24396	     49221 ns/op	   17898 B/op	     532 allocs/op
BenchmarkPromisesV2/PromiseAltTwo/FanOut100EndToEnd-10                      	   24414	     49723 ns/op	   17898 B/op	     532 allocs/op
BenchmarkPromisesV2/PromiseAltThree/ChainDepth100EndToEnd-10                	   45834	     25120 ns/op	   11514 B/op	     335 allocs/op
BenchmarkPromisesV2/PromiseAltThree/ChainDepth100EndToEnd-10                	   51410	     23286 ns/op	   11517 B/op	     335 allocs/op
BenchmarkPromisesV2/PromiseAltThree/ChainDepth100EndToEnd-10                	   51258	     23260 ns/op	   11517 B/op	     335 allocs/op
BenchmarkPromisesV2/PromiseAltThree/ChainDepth100EndToEnd-10                	   52543	     27567 ns/op	   11514 B/op	     335 allocs/op
BenchmarkPromisesV2/PromiseAltThree/ChainDepth100EndToEnd-10                	   47089	     29013 ns/op	   11512 B/op	     335 allocs/op
BenchmarkPromisesV2/PromiseAltThree/ResolvedHandlerEndToEnd-10              	  116766	      8949 ns/op	     845 B/op	      27 allocs/op
BenchmarkPromisesV2/PromiseAltThree/ResolvedHandlerEndToEnd-10              	  128282	     10277 ns/op	     864 B/op	      28 allocs/op
BenchmarkPromisesV2/PromiseAltThree/ResolvedHandlerEndToEnd-10              	  122029	     10414 ns/op	     844 B/op	      27 allocs/op
BenchmarkPromisesV2/PromiseAltThree/ResolvedHandlerEndToEnd-10              	  136388	      9203 ns/op	     854 B/op	      27 allocs/op
BenchmarkPromisesV2/PromiseAltThree/ResolvedHandlerEndToEnd-10              	  107701	     10429 ns/op	     851 B/op	      27 allocs/op
BenchmarkPromisesV2/PromiseAltThree/FanOut100EndToEnd-10                    	   23029	     61050 ns/op	   14804 B/op	     432 allocs/op
BenchmarkPromisesV2/PromiseAltThree/FanOut100EndToEnd-10                    	   22539	     55924 ns/op	   14809 B/op	     432 allocs/op
BenchmarkPromisesV2/PromiseAltThree/FanOut100EndToEnd-10                    	   22540	     62157 ns/op	   14806 B/op	     432 allocs/op
BenchmarkPromisesV2/PromiseAltThree/FanOut100EndToEnd-10                    	   21697	     60535 ns/op	   14810 B/op	     432 allocs/op
BenchmarkPromisesV2/PromiseAltThree/FanOut100EndToEnd-10                    	   22203	     54039 ns/op	   14808 B/op	     432 allocs/op
BenchmarkPromisesV2/PromiseAltFour/ChainDepth100EndToEnd-10                 	   35916	     39603 ns/op	   30956 B/op	     638 allocs/op
BenchmarkPromisesV2/PromiseAltFour/ChainDepth100EndToEnd-10                 	   34488	     38418 ns/op	   30956 B/op	     638 allocs/op
BenchmarkPromisesV2/PromiseAltFour/ChainDepth100EndToEnd-10                 	   30957	     34036 ns/op	   30957 B/op	     638 allocs/op
BenchmarkPromisesV2/PromiseAltFour/ChainDepth100EndToEnd-10                 	   32850	     39195 ns/op	   30956 B/op	     638 allocs/op
BenchmarkPromisesV2/PromiseAltFour/ChainDepth100EndToEnd-10                 	   32029	     36393 ns/op	   30955 B/op	     638 allocs/op
BenchmarkPromisesV2/PromiseAltFour/ResolvedHandlerEndToEnd-10               	  118262	      9392 ns/op	    1019 B/op	      30 allocs/op
BenchmarkPromisesV2/PromiseAltFour/ResolvedHandlerEndToEnd-10               	  129213	      9120 ns/op	    1019 B/op	      30 allocs/op
BenchmarkPromisesV2/PromiseAltFour/ResolvedHandlerEndToEnd-10               	  131736	      8992 ns/op	    1015 B/op	      30 allocs/op
BenchmarkPromisesV2/PromiseAltFour/ResolvedHandlerEndToEnd-10               	  127677	      8949 ns/op	    1004 B/op	      29 allocs/op
BenchmarkPromisesV2/PromiseAltFour/ResolvedHandlerEndToEnd-10               	  131004	     10771 ns/op	    1032 B/op	      30 allocs/op
BenchmarkPromisesV2/PromiseAltFour/FanOut100EndToEnd-10                     	   18330	     73848 ns/op	   43260 B/op	     739 allocs/op
BenchmarkPromisesV2/PromiseAltFour/FanOut100EndToEnd-10                     	   16483	     66115 ns/op	   43260 B/op	     739 allocs/op
BenchmarkPromisesV2/PromiseAltFour/FanOut100EndToEnd-10                     	   17916	     65687 ns/op	   43260 B/op	     739 allocs/op
BenchmarkPromisesV2/PromiseAltFour/FanOut100EndToEnd-10                     	   17215	     68036 ns/op	   43260 B/op	     739 allocs/op
BenchmarkPromisesV2/PromiseAltFour/FanOut100EndToEnd-10                     	   17592	     67382 ns/op	   43260 B/op	     739 allocs/op
BenchmarkPromisesV2/PromiseAltFour/Race100EndToEnd-10                       	   19461	     57338 ns/op	   56940 B/op	    1045 allocs/op
BenchmarkPromisesV2/PromiseAltFour/Race100EndToEnd-10                       	   20136	     57123 ns/op	   56939 B/op	    1045 allocs/op
BenchmarkPromisesV2/PromiseAltFour/Race100EndToEnd-10                       	   22143	     54238 ns/op	   56940 B/op	    1045 allocs/op
BenchmarkPromisesV2/PromiseAltFour/Race100EndToEnd-10                       	   19272	     68613 ns/op	   56941 B/op	    1045 allocs/op
BenchmarkPromisesV2/PromiseAltFour/Race100EndToEnd-10                       	   18601	     62231 ns/op	   56940 B/op	    1045 allocs/op
BenchmarkPromisesV2/PromiseAltFive/ChainDepth100EndToEnd-10                 	   44464	     22974 ns/op	   13068 B/op	     334 allocs/op
BenchmarkPromisesV2/PromiseAltFive/ChainDepth100EndToEnd-10                 	   52956	     24275 ns/op	   13066 B/op	     334 allocs/op
BenchmarkPromisesV2/PromiseAltFive/ChainDepth100EndToEnd-10                 	   50616	     28459 ns/op	   13066 B/op	     334 allocs/op
BenchmarkPromisesV2/PromiseAltFive/ChainDepth100EndToEnd-10                 	   53416	     22853 ns/op	   13068 B/op	     334 allocs/op
BenchmarkPromisesV2/PromiseAltFive/ChainDepth100EndToEnd-10                 	   49470	     23852 ns/op	   13067 B/op	     334 allocs/op
BenchmarkPromisesV2/PromiseAltFive/ResolvedHandlerEndToEnd-10               	  139788	      7782 ns/op	     827 B/op	      26 allocs/op
BenchmarkPromisesV2/PromiseAltFive/ResolvedHandlerEndToEnd-10               	  171223	      9500 ns/op	     851 B/op	      26 allocs/op
BenchmarkPromisesV2/PromiseAltFive/ResolvedHandlerEndToEnd-10               	  137758	      8811 ns/op	     859 B/op	      27 allocs/op
BenchmarkPromisesV2/PromiseAltFive/ResolvedHandlerEndToEnd-10               	  137131	     10061 ns/op	     850 B/op	      26 allocs/op
BenchmarkPromisesV2/PromiseAltFive/ResolvedHandlerEndToEnd-10               	  129962	      8883 ns/op	     853 B/op	      27 allocs/op
BenchmarkPromisesV2/PromiseAltFive/FanOut100EndToEnd-10                     	   19987	     63854 ns/op	   26212 B/op	     538 allocs/op
BenchmarkPromisesV2/PromiseAltFive/FanOut100EndToEnd-10                     	   20742	     53515 ns/op	   26211 B/op	     538 allocs/op
BenchmarkPromisesV2/PromiseAltFive/FanOut100EndToEnd-10                     	   21838	     55419 ns/op	   26211 B/op	     538 allocs/op
BenchmarkPromisesV2/PromiseAltFive/FanOut100EndToEnd-10                     	   20844	     56836 ns/op	   26211 B/op	     538 allocs/op
BenchmarkPromisesV2/PromiseAltFive/FanOut100EndToEnd-10                     	   19953	     62672 ns/op	   26212 B/op	     538 allocs/op
BenchmarkReadinessRoundTrip/Main-10                                         	   73227	     15928 ns/op	      24 B/op	       1 allocs/op
BenchmarkReadinessRoundTrip/Main-10                                         	   87080	     12986 ns/op	      24 B/op	       1 allocs/op
BenchmarkReadinessRoundTrip/Main-10                                         	   98143	     15480 ns/op	      24 B/op	       1 allocs/op
BenchmarkReadinessRoundTrip/Main-10                                         	   94611	     17857 ns/op	      24 B/op	       1 allocs/op
BenchmarkReadinessRoundTrip/Main-10                                         	   79329	     14978 ns/op	      24 B/op	       1 allocs/op
BenchmarkReadinessRoundTrip/MainFastPathDisabled-10                         	  110539	     15298 ns/op	      24 B/op	       1 allocs/op
BenchmarkReadinessRoundTrip/MainFastPathDisabled-10                         	   74864	     15499 ns/op	      24 B/op	       1 allocs/op
BenchmarkReadinessRoundTrip/MainFastPathDisabled-10                         	   78736	     15614 ns/op	      24 B/op	       1 allocs/op
BenchmarkReadinessRoundTrip/MainFastPathDisabled-10                         	   89996	     15094 ns/op	      24 B/op	       1 allocs/op
BenchmarkReadinessRoundTrip/MainFastPathDisabled-10                         	   89868	     19620 ns/op	      24 B/op	       1 allocs/op
BenchmarkReadinessRoundTrip/AlternateOne-10                                 	   91761	     14024 ns/op	       0 B/op	       0 allocs/op
BenchmarkReadinessRoundTrip/AlternateOne-10                                 	   83494	     18268 ns/op	       0 B/op	       0 allocs/op
BenchmarkReadinessRoundTrip/AlternateOne-10                                 	  110618	     10815 ns/op	       0 B/op	       0 allocs/op
BenchmarkReadinessRoundTrip/AlternateOne-10                                 	   95004	     13143 ns/op	       0 B/op	       0 allocs/op
BenchmarkReadinessRoundTrip/AlternateOne-10                                 	  103014	     10628 ns/op	       0 B/op	       0 allocs/op
BenchmarkReadinessRoundTrip/AlternateTwo-10                                 	  102442	     10184 ns/op	       0 B/op	       0 allocs/op
BenchmarkReadinessRoundTrip/AlternateTwo-10                                 	  119343	     10255 ns/op	       0 B/op	       0 allocs/op
BenchmarkReadinessRoundTrip/AlternateTwo-10                                 	  114680	     10248 ns/op	       0 B/op	       0 allocs/op
BenchmarkReadinessRoundTrip/AlternateTwo-10                                 	  114624	     10290 ns/op	       0 B/op	       0 allocs/op
BenchmarkReadinessRoundTrip/AlternateTwo-10                                 	  116226	     10386 ns/op	       0 B/op	       0 allocs/op
BenchmarkReadinessRoundTrip/AlternateThree-10                               	  114884	     10397 ns/op	       0 B/op	       0 allocs/op
BenchmarkReadinessRoundTrip/AlternateThree-10                               	  117828	     10382 ns/op	       0 B/op	       0 allocs/op
BenchmarkReadinessRoundTrip/AlternateThree-10                               	  111436	     10617 ns/op	       0 B/op	       0 allocs/op
BenchmarkReadinessRoundTrip/AlternateThree-10                               	  113872	     10431 ns/op	       0 B/op	       0 allocs/op
BenchmarkReadinessRoundTrip/AlternateThree-10                               	  116028	     10377 ns/op	       0 B/op	       0 allocs/op
BenchmarkSchedulerPriorityLatency/Main-10                                   	   30151	     39736 ns/op	         0 externals_before_internal/op	      3540 priority_latency_ns/op	    2096 B/op	      71 allocs/op
BenchmarkSchedulerPriorityLatency/Main-10                                   	   30516	     39901 ns/op	         0 externals_before_internal/op	      3558 priority_latency_ns/op	    2096 B/op	      71 allocs/op
BenchmarkSchedulerPriorityLatency/Main-10                                   	   30289	     39668 ns/op	         0 externals_before_internal/op	      3538 priority_latency_ns/op	    2096 B/op	      71 allocs/op
BenchmarkSchedulerPriorityLatency/Main-10                                   	   30543	     39471 ns/op	         0 externals_before_internal/op	      3554 priority_latency_ns/op	    2096 B/op	      71 allocs/op
BenchmarkSchedulerPriorityLatency/Main-10                                   	   30314	     39963 ns/op	         0 externals_before_internal/op	      3549 priority_latency_ns/op	    2096 B/op	      71 allocs/op
BenchmarkSchedulerPriorityLatency/MainFastPathForced-10                     	   29954	     39809 ns/op	         0 externals_before_internal/op	      3529 priority_latency_ns/op	    2096 B/op	      71 allocs/op
BenchmarkSchedulerPriorityLatency/MainFastPathForced-10                     	   30072	     39868 ns/op	         0 externals_before_internal/op	      3478 priority_latency_ns/op	    2096 B/op	      71 allocs/op
BenchmarkSchedulerPriorityLatency/MainFastPathForced-10                     	   30064	     40121 ns/op	         0 externals_before_internal/op	      3478 priority_latency_ns/op	    2096 B/op	      71 allocs/op
BenchmarkSchedulerPriorityLatency/MainFastPathForced-10                     	   29582	     40193 ns/op	         0 externals_before_internal/op	      3478 priority_latency_ns/op	    2096 B/op	      71 allocs/op
BenchmarkSchedulerPriorityLatency/MainFastPathForced-10                     	   30108	     40224 ns/op	         0 externals_before_internal/op	      3484 priority_latency_ns/op	    2096 B/op	      71 allocs/op
BenchmarkSchedulerPriorityLatency/MainFastPathDisabled-10                   	   26264	     45553 ns/op	         0 externals_before_internal/op	      4042 priority_latency_ns/op	    2121 B/op	      72 allocs/op
BenchmarkSchedulerPriorityLatency/MainFastPathDisabled-10                   	   26372	     45157 ns/op	         0 externals_before_internal/op	      4029 priority_latency_ns/op	    2121 B/op	      72 allocs/op
BenchmarkSchedulerPriorityLatency/MainFastPathDisabled-10                   	   26401	     45840 ns/op	         0 externals_before_internal/op	      4066 priority_latency_ns/op	    2121 B/op	      72 allocs/op
BenchmarkSchedulerPriorityLatency/MainFastPathDisabled-10                   	   26084	     45068 ns/op	         0 externals_before_internal/op	      4035 priority_latency_ns/op	    2121 B/op	      72 allocs/op
BenchmarkSchedulerPriorityLatency/MainFastPathDisabled-10                   	   26554	     45407 ns/op	         0 externals_before_internal/op	      4041 priority_latency_ns/op	    2121 B/op	      72 allocs/op
BenchmarkSchedulerPriorityLatency/AlternateOne-10                           	   33960	     35276 ns/op	        64.00 externals_before_internal/op	      7505 priority_latency_ns/op	    2096 B/op	      71 allocs/op
BenchmarkSchedulerPriorityLatency/AlternateOne-10                           	   33826	     35282 ns/op	        64.00 externals_before_internal/op	      7499 priority_latency_ns/op	    2096 B/op	      71 allocs/op
BenchmarkSchedulerPriorityLatency/AlternateOne-10                           	   34048	     35531 ns/op	        64.00 externals_before_internal/op	      7522 priority_latency_ns/op	    2096 B/op	      71 allocs/op
BenchmarkSchedulerPriorityLatency/AlternateOne-10                           	   33944	     35404 ns/op	        64.00 externals_before_internal/op	      7528 priority_latency_ns/op	    2096 B/op	      71 allocs/op
BenchmarkSchedulerPriorityLatency/AlternateOne-10                           	   33948	     35725 ns/op	        64.00 externals_before_internal/op	      7640 priority_latency_ns/op	    2096 B/op	      71 allocs/op
BenchmarkSchedulerPriorityLatency/AlternateTwo-10                           	   31519	     38179 ns/op	         0 externals_before_internal/op	      5209 priority_latency_ns/op	    2123 B/op	      71 allocs/op
BenchmarkSchedulerPriorityLatency/AlternateTwo-10                           	   31746	     38186 ns/op	         0 externals_before_internal/op	      5250 priority_latency_ns/op	    2113 B/op	      71 allocs/op
BenchmarkSchedulerPriorityLatency/AlternateTwo-10                           	   31388	     37893 ns/op	         0 externals_before_internal/op	      5210 priority_latency_ns/op	    2113 B/op	      71 allocs/op
BenchmarkSchedulerPriorityLatency/AlternateTwo-10                           	   31444	     38460 ns/op	         0 externals_before_internal/op	      5315 priority_latency_ns/op	    2113 B/op	      71 allocs/op
BenchmarkSchedulerPriorityLatency/AlternateTwo-10                           	   31695	     37966 ns/op	         0 externals_before_internal/op	      5188 priority_latency_ns/op	    2114 B/op	      71 allocs/op
BenchmarkSchedulerPriorityLatency/AlternateThree-10                         	   33034	     36469 ns/op	         0 externals_before_internal/op	      5202 priority_latency_ns/op	    2096 B/op	      71 allocs/op
BenchmarkSchedulerPriorityLatency/AlternateThree-10                         	   33096	     36383 ns/op	         0 externals_before_internal/op	      5167 priority_latency_ns/op	    2096 B/op	      71 allocs/op
BenchmarkSchedulerPriorityLatency/AlternateThree-10                         	   33082	     36608 ns/op	         0 externals_before_internal/op	      5183 priority_latency_ns/op	    2096 B/op	      71 allocs/op
BenchmarkSchedulerPriorityLatency/AlternateThree-10                         	   32991	     36575 ns/op	         0 externals_before_internal/op	      5164 priority_latency_ns/op	    2096 B/op	      71 allocs/op
BenchmarkSchedulerPriorityLatency/AlternateThree-10                         	   33127	     36150 ns/op	         0 externals_before_internal/op	      5075 priority_latency_ns/op	    2096 B/op	      71 allocs/op
BenchmarkSchedulerPriorityLatency/Baseline-10                               	   60051	     19942 ns/op	        64.00 externals_before_internal/op	      2245 priority_latency_ns/op	    4736 B/op	     203 allocs/op
BenchmarkSchedulerPriorityLatency/Baseline-10                               	   59967	     19984 ns/op	        64.00 externals_before_internal/op	      2253 priority_latency_ns/op	    4736 B/op	     203 allocs/op
BenchmarkSchedulerPriorityLatency/Baseline-10                               	   59596	     19871 ns/op	        64.00 externals_before_internal/op	      2214 priority_latency_ns/op	    4736 B/op	     203 allocs/op
BenchmarkSchedulerPriorityLatency/Baseline-10                               	   60302	     19939 ns/op	        64.00 externals_before_internal/op	      2221 priority_latency_ns/op	    4736 B/op	     203 allocs/op
BenchmarkSchedulerPriorityLatency/Baseline-10                               	   60357	     19870 ns/op	        64.00 externals_before_internal/op	      2216 priority_latency_ns/op	    4736 B/op	     203 allocs/op
BenchmarkSubmitInternalChainHandoff/Main-10                                 	   52392	     23039 ns/op	        32.00 handoffs/op	     784 B/op	      33 allocs/op
BenchmarkSubmitInternalChainHandoff/Main-10                                 	   52254	     22837 ns/op	        32.00 handoffs/op	     784 B/op	      33 allocs/op
BenchmarkSubmitInternalChainHandoff/Main-10                                 	   52161	     22804 ns/op	        32.00 handoffs/op	     784 B/op	      33 allocs/op
BenchmarkSubmitInternalChainHandoff/Main-10                                 	   51894	     23043 ns/op	        32.00 handoffs/op	     784 B/op	      33 allocs/op
BenchmarkSubmitInternalChainHandoff/Main-10                                 	   52123	     22955 ns/op	        32.00 handoffs/op	     784 B/op	      33 allocs/op
BenchmarkSubmitInternalChainHandoff/MainFastPathForced-10                   	   52230	     23190 ns/op	        32.00 handoffs/op	     784 B/op	      33 allocs/op
BenchmarkSubmitInternalChainHandoff/MainFastPathForced-10                   	   51427	     23774 ns/op	        32.00 handoffs/op	     784 B/op	      33 allocs/op
BenchmarkSubmitInternalChainHandoff/MainFastPathForced-10                   	   52255	     22797 ns/op	        32.00 handoffs/op	     784 B/op	      33 allocs/op
BenchmarkSubmitInternalChainHandoff/MainFastPathForced-10                   	   51978	     23039 ns/op	        32.00 handoffs/op	     784 B/op	      33 allocs/op
BenchmarkSubmitInternalChainHandoff/MainFastPathForced-10                   	   52454	     22879 ns/op	        32.00 handoffs/op	     784 B/op	      33 allocs/op
BenchmarkSubmitInternalChainHandoff/MainFastPathDisabled-10                 	   28159	     42250 ns/op	        32.00 handoffs/op	     813 B/op	      34 allocs/op
BenchmarkSubmitInternalChainHandoff/MainFastPathDisabled-10                 	   28191	     43740 ns/op	        32.00 handoffs/op	     811 B/op	      34 allocs/op
BenchmarkSubmitInternalChainHandoff/MainFastPathDisabled-10                 	   25810	     43138 ns/op	        32.00 handoffs/op	     812 B/op	      34 allocs/op
BenchmarkSubmitInternalChainHandoff/MainFastPathDisabled-10                 	   27667	     42879 ns/op	        32.00 handoffs/op	     812 B/op	      34 allocs/op
BenchmarkSubmitInternalChainHandoff/MainFastPathDisabled-10                 	   27844	     42137 ns/op	        32.00 handoffs/op	     814 B/op	      34 allocs/op
BenchmarkSubmitInternalChainHandoff/AlternateOne-10                         	  103054	     12658 ns/op	        32.00 handoffs/op	     784 B/op	      33 allocs/op
BenchmarkSubmitInternalChainHandoff/AlternateOne-10                         	   94239	     11464 ns/op	        32.00 handoffs/op	     784 B/op	      33 allocs/op
BenchmarkSubmitInternalChainHandoff/AlternateOne-10                         	  104679	     11751 ns/op	        32.00 handoffs/op	     784 B/op	      33 allocs/op
BenchmarkSubmitInternalChainHandoff/AlternateOne-10                         	  102412	     11522 ns/op	        32.00 handoffs/op	     784 B/op	      33 allocs/op
BenchmarkSubmitInternalChainHandoff/AlternateOne-10                         	  105448	     11461 ns/op	        32.00 handoffs/op	     784 B/op	      33 allocs/op
BenchmarkSubmitInternalChainHandoff/AlternateTwo-10                         	  104541	     11438 ns/op	        32.00 handoffs/op	     784 B/op	      33 allocs/op
BenchmarkSubmitInternalChainHandoff/AlternateTwo-10                         	  104106	     11479 ns/op	        32.00 handoffs/op	     784 B/op	      33 allocs/op
BenchmarkSubmitInternalChainHandoff/AlternateTwo-10                         	  106603	     11546 ns/op	        32.00 handoffs/op	     784 B/op	      33 allocs/op
BenchmarkSubmitInternalChainHandoff/AlternateTwo-10                         	  104665	     12894 ns/op	        32.00 handoffs/op	     784 B/op	      33 allocs/op
BenchmarkSubmitInternalChainHandoff/AlternateTwo-10                         	  103455	     12018 ns/op	        32.00 handoffs/op	     784 B/op	      33 allocs/op
BenchmarkSubmitInternalChainHandoff/AlternateThree-10                       	   79383	     15175 ns/op	        32.00 handoffs/op	     784 B/op	      33 allocs/op
BenchmarkSubmitInternalChainHandoff/AlternateThree-10                       	   85798	     13569 ns/op	        32.00 handoffs/op	     784 B/op	      33 allocs/op
BenchmarkSubmitInternalChainHandoff/AlternateThree-10                       	   87717	     13618 ns/op	        32.00 handoffs/op	     784 B/op	      33 allocs/op
BenchmarkSubmitInternalChainHandoff/AlternateThree-10                       	   87945	     14477 ns/op	        32.00 handoffs/op	     784 B/op	      33 allocs/op
BenchmarkSubmitInternalChainHandoff/AlternateThree-10                       	   77040	     15156 ns/op	        32.00 handoffs/op	     784 B/op	      33 allocs/op
BenchmarkSubmitInternalChainHandoff/Baseline-10                             	  219093	      5535 ns/op	        32.00 handoffs/op	    2104 B/op	      99 allocs/op
BenchmarkSubmitInternalChainHandoff/Baseline-10                             	  222783	      5498 ns/op	        32.00 handoffs/op	    2104 B/op	      99 allocs/op
BenchmarkSubmitInternalChainHandoff/Baseline-10                             	  214375	      5533 ns/op	        32.00 handoffs/op	    2104 B/op	      99 allocs/op
BenchmarkSubmitInternalChainHandoff/Baseline-10                             	  206462	      5563 ns/op	        32.00 handoffs/op	    2104 B/op	      99 allocs/op
BenchmarkSubmitInternalChainHandoff/Baseline-10                             	  207144	      5489 ns/op	        32.00 handoffs/op	    2104 B/op	      99 allocs/op
BenchmarkSchedulerInternalExternalBurst/Main-10                             	 1272360	       939.2 ns/op	     270 B/op	       2 allocs/op
BenchmarkSchedulerInternalExternalBurst/Main-10                             	 1274960	       945.5 ns/op	     278 B/op	       2 allocs/op
BenchmarkSchedulerInternalExternalBurst/Main-10                             	 1266634	       957.0 ns/op	     303 B/op	       2 allocs/op
BenchmarkSchedulerInternalExternalBurst/Main-10                             	 1000000	      1012 ns/op	     468 B/op	       2 allocs/op
BenchmarkSchedulerInternalExternalBurst/Main-10                             	 1210173	      1026 ns/op	     496 B/op	       2 allocs/op
BenchmarkSchedulerInternalExternalBurst/MainFastPathForced-10               	 1249372	       943.8 ns/op	     288 B/op	       2 allocs/op
BenchmarkSchedulerInternalExternalBurst/MainFastPathForced-10               	 1273587	       934.9 ns/op	     277 B/op	       2 allocs/op
BenchmarkSchedulerInternalExternalBurst/MainFastPathForced-10               	 1257918	       937.0 ns/op	     277 B/op	       2 allocs/op
BenchmarkSchedulerInternalExternalBurst/MainFastPathForced-10               	 1265358	       944.4 ns/op	     281 B/op	       2 allocs/op
BenchmarkSchedulerInternalExternalBurst/MainFastPathForced-10               	 1269576	       943.4 ns/op	     276 B/op	       2 allocs/op
BenchmarkSchedulerInternalExternalBurst/MainFastPathDisabled-10             	 1269492	       931.7 ns/op	     271 B/op	       2 allocs/op
BenchmarkSchedulerInternalExternalBurst/MainFastPathDisabled-10             	 1268563	       942.4 ns/op	     283 B/op	       2 allocs/op
BenchmarkSchedulerInternalExternalBurst/MainFastPathDisabled-10             	 1264879	       943.9 ns/op	     288 B/op	       2 allocs/op
BenchmarkSchedulerInternalExternalBurst/MainFastPathDisabled-10             	 1269970	       951.5 ns/op	     281 B/op	       2 allocs/op
BenchmarkSchedulerInternalExternalBurst/MainFastPathDisabled-10             	 1272016	       934.3 ns/op	     277 B/op	       2 allocs/op
BenchmarkSchedulerInternalExternalBurst/AlternateOne-10                     	 4425008	       266.3 ns/op	      37 B/op	       2 allocs/op
BenchmarkSchedulerInternalExternalBurst/AlternateOne-10                     	 4504333	       328.8 ns/op	      32 B/op	       2 allocs/op
BenchmarkSchedulerInternalExternalBurst/AlternateOne-10                     	 4457826	       331.4 ns/op	      32 B/op	       2 allocs/op
BenchmarkSchedulerInternalExternalBurst/AlternateOne-10                     	 4474500	       327.9 ns/op	      32 B/op	       2 allocs/op
BenchmarkSchedulerInternalExternalBurst/AlternateOne-10                     	 4466745	       326.0 ns/op	      32 B/op	       2 allocs/op
BenchmarkSchedulerInternalExternalBurst/AlternateTwo-10                     	 4598121	       274.3 ns/op	      41 B/op	       2 allocs/op
BenchmarkSchedulerInternalExternalBurst/AlternateTwo-10                     	 5076922	       290.3 ns/op	      33 B/op	       2 allocs/op
BenchmarkSchedulerInternalExternalBurst/AlternateTwo-10                     	 5050458	       280.7 ns/op	      33 B/op	       2 allocs/op
BenchmarkSchedulerInternalExternalBurst/AlternateTwo-10                     	 4174903	       292.4 ns/op	      33 B/op	       2 allocs/op
BenchmarkSchedulerInternalExternalBurst/AlternateTwo-10                     	 5087517	       290.1 ns/op	      33 B/op	       2 allocs/op
BenchmarkSchedulerInternalExternalBurst/AlternateThree-10                   	 9428161	       123.9 ns/op	      32 B/op	       2 allocs/op
BenchmarkSchedulerInternalExternalBurst/AlternateThree-10                   	 9588908	       124.7 ns/op	      32 B/op	       2 allocs/op
BenchmarkSchedulerInternalExternalBurst/AlternateThree-10                   	 9745809	       124.6 ns/op	      32 B/op	       2 allocs/op
BenchmarkSchedulerInternalExternalBurst/AlternateThree-10                   	 9461679	       123.3 ns/op	      32 B/op	       2 allocs/op
BenchmarkSchedulerInternalExternalBurst/AlternateThree-10                   	 9672332	       124.3 ns/op	      32 B/op	       2 allocs/op
BenchmarkSchedulerInternalExternalBurst/Baseline-10                         	 6272650	       232.2 ns/op	     112 B/op	       6 allocs/op
BenchmarkSchedulerInternalExternalBurst/Baseline-10                         	 6256624	       214.4 ns/op	     112 B/op	       6 allocs/op
BenchmarkSchedulerInternalExternalBurst/Baseline-10                         	 6210400	       196.5 ns/op	     112 B/op	       6 allocs/op
BenchmarkSchedulerInternalExternalBurst/Baseline-10                         	 6222138	       278.4 ns/op	     112 B/op	       6 allocs/op
BenchmarkSchedulerInternalExternalBurst/Baseline-10                         	 6286317	       198.3 ns/op	     112 B/op	       6 allocs/op
PASS
ok  	github.com/joeycumines/go-eventloop/internal/tournament	3944.599s
tournament: lane=promise
go -C /Users/joeyc/dev/scratch/turbo-backup/go-utilpkg/eventloop test -bench='^Benchmark(Tournament|ChainDepth)$' -benchmem -count=5 -run='^$' -benchtime=1s -timeout=30m ./internal/promisetournament
goos: darwin
goarch: arm64
pkg: github.com/joeycumines/go-eventloop/internal/promisetournament
cpu: Apple M2 Pro
BenchmarkTournament/ChainedPromise-10         	  255450	      4774 ns/op	     807 B/op	      24 allocs/op
BenchmarkTournament/ChainedPromise-10         	  255562	      4731 ns/op	     807 B/op	      24 allocs/op
BenchmarkTournament/ChainedPromise-10         	  254319	      4726 ns/op	     807 B/op	      24 allocs/op
BenchmarkTournament/ChainedPromise-10         	  250177	      4740 ns/op	     806 B/op	      23 allocs/op
BenchmarkTournament/ChainedPromise-10         	  253334	      4721 ns/op	     806 B/op	      23 allocs/op
BenchmarkTournament/PromiseAltOne-10          	  268460	      4553 ns/op	     783 B/op	      22 allocs/op
BenchmarkTournament/PromiseAltOne-10          	  244515	      4613 ns/op	     786 B/op	      22 allocs/op
BenchmarkTournament/PromiseAltOne-10          	  279765	      4374 ns/op	     789 B/op	      22 allocs/op
BenchmarkTournament/PromiseAltOne-10          	  274364	      4379 ns/op	     788 B/op	      22 allocs/op
BenchmarkTournament/PromiseAltOne-10          	  275208	      4364 ns/op	     789 B/op	      22 allocs/op
BenchmarkTournament/PromiseAltTwo-10          	  271545	      4439 ns/op	     775 B/op	      25 allocs/op
BenchmarkTournament/PromiseAltTwo-10          	  265678	      4458 ns/op	     776 B/op	      25 allocs/op
BenchmarkTournament/PromiseAltTwo-10          	  266361	      4466 ns/op	     775 B/op	      25 allocs/op
BenchmarkTournament/PromiseAltTwo-10          	  277669	      4435 ns/op	     774 B/op	      24 allocs/op
BenchmarkTournament/PromiseAltTwo-10          	  263949	      4664 ns/op	     768 B/op	      24 allocs/op
BenchmarkTournament/PromiseAltThree-10        	  253736	      4519 ns/op	     714 B/op	      23 allocs/op
BenchmarkTournament/PromiseAltThree-10        	  260174	      4536 ns/op	     715 B/op	      23 allocs/op
BenchmarkTournament/PromiseAltThree-10        	  261134	      4511 ns/op	     714 B/op	      23 allocs/op
BenchmarkTournament/PromiseAltThree-10        	  270085	      4535 ns/op	     715 B/op	      23 allocs/op
BenchmarkTournament/PromiseAltThree-10        	  264709	      4541 ns/op	     712 B/op	      23 allocs/op
BenchmarkTournament/PromiseAltFour-10         	  247822	      4846 ns/op	    1237 B/op	      30 allocs/op
BenchmarkTournament/PromiseAltFour-10         	  249571	      4896 ns/op	    1233 B/op	      30 allocs/op
BenchmarkTournament/PromiseAltFour-10         	  227690	      5129 ns/op	    1228 B/op	      29 allocs/op
BenchmarkTournament/PromiseAltFour-10         	  245844	      4929 ns/op	    1230 B/op	      29 allocs/op
BenchmarkTournament/PromiseAltFour-10         	  228310	      5523 ns/op	    1211 B/op	      29 allocs/op
BenchmarkTournament/PromiseAltFive-10         	  256318	      4564 ns/op	     760 B/op	      22 allocs/op
BenchmarkTournament/PromiseAltFive-10         	  278458	      4385 ns/op	     764 B/op	      22 allocs/op
BenchmarkTournament/PromiseAltFive-10         	  273902	      4456 ns/op	     763 B/op	      22 allocs/op
BenchmarkTournament/PromiseAltFive-10         	  269390	      4528 ns/op	     757 B/op	      22 allocs/op
BenchmarkTournament/PromiseAltFive-10         	  254028	      4832 ns/op	     756 B/op	      22 allocs/op
BenchmarkChainDepth/ChainedPromise/Depth=10-10         	  140931	      7900 ns/op	    2115 B/op	      51 allocs/op
BenchmarkChainDepth/ChainedPromise/Depth=10-10         	  158372	      7573 ns/op	    2121 B/op	      51 allocs/op
BenchmarkChainDepth/ChainedPromise/Depth=10-10         	  160120	      7912 ns/op	    2116 B/op	      51 allocs/op
BenchmarkChainDepth/ChainedPromise/Depth=10-10         	  155679	      7641 ns/op	    2119 B/op	      51 allocs/op
BenchmarkChainDepth/ChainedPromise/Depth=10-10         	  150351	      8157 ns/op	    2114 B/op	      51 allocs/op
BenchmarkChainDepth/ChainedPromise/Depth=100-10        	   48344	     24664 ns/op	   15087 B/op	     321 allocs/op
BenchmarkChainDepth/ChainedPromise/Depth=100-10        	   50101	     23884 ns/op	   15088 B/op	     321 allocs/op
BenchmarkChainDepth/ChainedPromise/Depth=100-10        	   48992	     23698 ns/op	   15088 B/op	     321 allocs/op
BenchmarkChainDepth/ChainedPromise/Depth=100-10        	   50568	     23832 ns/op	   15088 B/op	     321 allocs/op
BenchmarkChainDepth/ChainedPromise/Depth=100-10        	   50083	     23941 ns/op	   15088 B/op	     321 allocs/op
BenchmarkChainDepth/PromiseAltOne/Depth=10-10          	  190748	      6257 ns/op	    2099 B/op	      50 allocs/op
BenchmarkChainDepth/PromiseAltOne/Depth=10-10          	  191066	      6214 ns/op	    2099 B/op	      50 allocs/op
BenchmarkChainDepth/PromiseAltOne/Depth=10-10          	  189987	      6268 ns/op	    2099 B/op	      50 allocs/op
BenchmarkChainDepth/PromiseAltOne/Depth=10-10          	  192999	      6293 ns/op	    2100 B/op	      50 allocs/op
BenchmarkChainDepth/PromiseAltOne/Depth=10-10          	  192373	      6553 ns/op	    2090 B/op	      50 allocs/op
BenchmarkChainDepth/PromiseAltOne/Depth=100-10         	   68517	     17373 ns/op	   15071 B/op	     320 allocs/op
BenchmarkChainDepth/PromiseAltOne/Depth=100-10         	   69190	     17446 ns/op	   15071 B/op	     320 allocs/op
BenchmarkChainDepth/PromiseAltOne/Depth=100-10         	   69225	     17367 ns/op	   15071 B/op	     320 allocs/op
BenchmarkChainDepth/PromiseAltOne/Depth=100-10         	   68650	     17477 ns/op	   15071 B/op	     320 allocs/op
BenchmarkChainDepth/PromiseAltOne/Depth=100-10         	   68373	     17405 ns/op	   15071 B/op	     320 allocs/op
BenchmarkChainDepth/PromiseAltTwo/Depth=10-10          	  184800	      6403 ns/op	    2084 B/op	      61 allocs/op
BenchmarkChainDepth/PromiseAltTwo/Depth=10-10          	  185275	      6396 ns/op	    2084 B/op	      61 allocs/op
BenchmarkChainDepth/PromiseAltTwo/Depth=10-10          	  189432	      7150 ns/op	    2071 B/op	      61 allocs/op
BenchmarkChainDepth/PromiseAltTwo/Depth=10-10          	  185838	      6485 ns/op	    2079 B/op	      61 allocs/op
BenchmarkChainDepth/PromiseAltTwo/Depth=10-10          	  188600	      6433 ns/op	    2085 B/op	      61 allocs/op
BenchmarkChainDepth/PromiseAltTwo/Depth=100-10         	   63877	     18906 ns/op	   15055 B/op	     421 allocs/op
BenchmarkChainDepth/PromiseAltTwo/Depth=100-10         	   62401	     19716 ns/op	   15055 B/op	     421 allocs/op
BenchmarkChainDepth/PromiseAltTwo/Depth=100-10         	   59878	     18966 ns/op	   15055 B/op	     421 allocs/op
BenchmarkChainDepth/PromiseAltTwo/Depth=100-10         	   58904	     21160 ns/op	   15055 B/op	     421 allocs/op
BenchmarkChainDepth/PromiseAltTwo/Depth=100-10         	   63255	     20460 ns/op	   15055 B/op	     421 allocs/op
BenchmarkChainDepth/PromiseAltThree/Depth=10-10        	  173528	      6947 ns/op	    1736 B/op	      50 allocs/op
BenchmarkChainDepth/PromiseAltThree/Depth=10-10        	  174530	      7088 ns/op	    1732 B/op	      50 allocs/op
BenchmarkChainDepth/PromiseAltThree/Depth=10-10        	  168313	      7211 ns/op	    1716 B/op	      49 allocs/op
BenchmarkChainDepth/PromiseAltThree/Depth=10-10        	  157624	      7936 ns/op	    1717 B/op	      49 allocs/op
BenchmarkChainDepth/PromiseAltThree/Depth=10-10        	  174586	      6953 ns/op	    1736 B/op	      50 allocs/op
BenchmarkChainDepth/PromiseAltThree/Depth=100-10       	   66022	     19194 ns/op	   11890 B/op	     321 allocs/op
BenchmarkChainDepth/PromiseAltThree/Depth=100-10       	   65400	     19104 ns/op	   11890 B/op	     321 allocs/op
BenchmarkChainDepth/PromiseAltThree/Depth=100-10       	   64236	     18300 ns/op	   11889 B/op	     321 allocs/op
BenchmarkChainDepth/PromiseAltThree/Depth=100-10       	   66357	     18237 ns/op	   11889 B/op	     321 allocs/op
BenchmarkChainDepth/PromiseAltThree/Depth=100-10       	   65571	     18485 ns/op	   11889 B/op	     321 allocs/op
BenchmarkChainDepth/PromiseAltFour/Depth=10-10         	  154988	      7990 ns/op	    3980 B/op	      84 allocs/op
BenchmarkChainDepth/PromiseAltFour/Depth=10-10         	  157456	      7715 ns/op	    3985 B/op	      84 allocs/op
BenchmarkChainDepth/PromiseAltFour/Depth=10-10         	  156386	      7767 ns/op	    3985 B/op	      84 allocs/op
BenchmarkChainDepth/PromiseAltFour/Depth=10-10         	  154524	      7763 ns/op	    3984 B/op	      84 allocs/op
BenchmarkChainDepth/PromiseAltFour/Depth=10-10         	  142874	      8787 ns/op	    3976 B/op	      84 allocs/op
BenchmarkChainDepth/PromiseAltFour/Depth=100-10        	   42787	     27142 ns/op	   31352 B/op	     624 allocs/op
BenchmarkChainDepth/PromiseAltFour/Depth=100-10        	   46040	     26193 ns/op	   31352 B/op	     624 allocs/op
BenchmarkChainDepth/PromiseAltFour/Depth=100-10        	   45985	     26112 ns/op	   31352 B/op	     624 allocs/op
BenchmarkChainDepth/PromiseAltFour/Depth=100-10        	   45558	     28041 ns/op	   31352 B/op	     624 allocs/op
BenchmarkChainDepth/PromiseAltFour/Depth=100-10        	   42398	     27967 ns/op	   31352 B/op	     624 allocs/op
BenchmarkChainDepth/PromiseAltFive/Depth=10-10         	  179839	      6499 ns/op	    1919 B/op	      50 allocs/op
BenchmarkChainDepth/PromiseAltFive/Depth=10-10         	  193737	      6984 ns/op	    1914 B/op	      49 allocs/op
BenchmarkChainDepth/PromiseAltFive/Depth=10-10         	  176444	      7198 ns/op	    1915 B/op	      49 allocs/op
BenchmarkChainDepth/PromiseAltFive/Depth=10-10         	  177351	      7211 ns/op	    1910 B/op	      49 allocs/op
BenchmarkChainDepth/PromiseAltFive/Depth=10-10         	  186744	      7780 ns/op	    1918 B/op	      49 allocs/op
BenchmarkChainDepth/PromiseAltFive/Depth=100-10        	   66937	     18477 ns/op	   13463 B/op	     320 allocs/op
BenchmarkChainDepth/PromiseAltFive/Depth=100-10        	   66036	     17836 ns/op	   13463 B/op	     320 allocs/op
BenchmarkChainDepth/PromiseAltFive/Depth=100-10        	   69927	     17480 ns/op	   13463 B/op	     320 allocs/op
BenchmarkChainDepth/PromiseAltFive/Depth=100-10        	   68658	     21366 ns/op	   13462 B/op	     320 allocs/op
BenchmarkChainDepth/PromiseAltFive/Depth=100-10        	   60840	     21098 ns/op	   13462 B/op	     320 allocs/op
PASS
ok  	github.com/joeycumines/go-eventloop/internal/promisetournament	120.964s
tournament: meta=libuv-version=1.52.1
go -C /Users/joeyc/dev/scratch/turbo-backup/go-utilpkg/eventloop test -tags=libuv -count=1 -timeout=5m  ./internal/libuvbaseline
ok  	github.com/joeycumines/go-eventloop/internal/libuvbaseline	0.650s
tournament: lane=libuv
tournament: libuv-phase=v2
go -C /Users/joeyc/dev/scratch/turbo-backup/go-utilpkg/eventloop test -tags=libuv -bench='^BenchmarkLibuv_(AsyncSendV2|TimerScheduleAndFireV2|TimerBatchOneShot100V2|TimerCrossThreadV2)$' -benchmem -count=5 -run='^$' -benchtime=1s -timeout=30m ./internal/libuvbaseline
goos: darwin
goarch: arm64
pkg: github.com/joeycumines/go-eventloop/internal/libuvbaseline
cpu: Apple M2 Pro
BenchmarkLibuv_AsyncSendV2-10               	  183644	      6345 ns/op	     128 B/op	       2 allocs/op
BenchmarkLibuv_AsyncSendV2-10               	  151515	      8390 ns/op	     128 B/op	       2 allocs/op
BenchmarkLibuv_AsyncSendV2-10               	  189292	      9191 ns/op	     128 B/op	       2 allocs/op
BenchmarkLibuv_AsyncSendV2-10               	  159758	      8826 ns/op	     128 B/op	       2 allocs/op
BenchmarkLibuv_AsyncSendV2-10               	  198559	      9781 ns/op	     128 B/op	       2 allocs/op
BenchmarkLibuv_TimerScheduleAndFireV2-10    	   91083	     15356 ns/op	       8 B/op	       1 allocs/op
BenchmarkLibuv_TimerScheduleAndFireV2-10    	   79706	     16743 ns/op	       8 B/op	       1 allocs/op
BenchmarkLibuv_TimerScheduleAndFireV2-10    	   77004	     13429 ns/op	       8 B/op	       1 allocs/op
BenchmarkLibuv_TimerScheduleAndFireV2-10    	   94926	     15767 ns/op	       8 B/op	       1 allocs/op
BenchmarkLibuv_TimerScheduleAndFireV2-10    	   88690	     17682 ns/op	       8 B/op	       1 allocs/op
BenchmarkLibuv_TimerBatchOneShot100V2-10    	   54390	     19657 ns/op	       8 B/op	       1 allocs/op
BenchmarkLibuv_TimerBatchOneShot100V2-10    	   63760	     22578 ns/op	       8 B/op	       1 allocs/op
BenchmarkLibuv_TimerBatchOneShot100V2-10    	   66109	     21857 ns/op	       8 B/op	       1 allocs/op
BenchmarkLibuv_TimerBatchOneShot100V2-10    	   68174	     20973 ns/op	       8 B/op	       1 allocs/op
BenchmarkLibuv_TimerBatchOneShot100V2-10    	   57333	     19067 ns/op	       8 B/op	       1 allocs/op
BenchmarkLibuv_TimerCrossThreadV2-10        	  181999	      7912 ns/op	     128 B/op	       2 allocs/op
BenchmarkLibuv_TimerCrossThreadV2-10        	  188239	      8123 ns/op	     128 B/op	       2 allocs/op
BenchmarkLibuv_TimerCrossThreadV2-10        	  161694	      8428 ns/op	     128 B/op	       2 allocs/op
BenchmarkLibuv_TimerCrossThreadV2-10        	  175489	      8062 ns/op	     128 B/op	       2 allocs/op
BenchmarkLibuv_TimerCrossThreadV2-10        	  166909	      8032 ns/op	     128 B/op	       2 allocs/op
PASS
ok  	github.com/joeycumines/go-eventloop/internal/libuvbaseline	33.814s
tournament: libuv-phase=legacy
go -C /Users/joeyc/dev/scratch/turbo-backup/go-utilpkg/eventloop test -tags=libuv -bench='^BenchmarkLibuv_(AsyncSend|TimerScheduleAndFire|TimerRepeat|TimerCrossThread)$' -benchmem -count=5 -run='^$' -benchtime=1s -timeout=30m ./internal/libuvbaseline
goos: darwin
goarch: arm64
pkg: github.com/joeycumines/go-eventloop/internal/libuvbaseline
cpu: Apple M2 Pro
BenchmarkLibuv_AsyncSend-10               	  235240	      4661 ns/op	       0 B/op	       0 allocs/op
BenchmarkLibuv_AsyncSend-10               	  300608	      5192 ns/op	       0 B/op	       0 allocs/op
BenchmarkLibuv_AsyncSend-10               	  320796	      8191 ns/op	       0 B/op	       0 allocs/op
BenchmarkLibuv_AsyncSend-10               	  252309	      5345 ns/op	       0 B/op	       0 allocs/op
BenchmarkLibuv_AsyncSend-10               	  348886	      4091 ns/op	       0 B/op	       0 allocs/op
BenchmarkLibuv_TimerScheduleAndFire-10    	26900978	        55.79 ns/op	       0 B/op	       0 allocs/op
BenchmarkLibuv_TimerScheduleAndFire-10    	26364548	        46.96 ns/op	       0 B/op	       0 allocs/op
BenchmarkLibuv_TimerScheduleAndFire-10    	26251144	        53.28 ns/op	       0 B/op	       0 allocs/op
BenchmarkLibuv_TimerScheduleAndFire-10    	26517578	        46.51 ns/op	       0 B/op	       0 allocs/op
BenchmarkLibuv_TimerScheduleAndFire-10    	26074036	        53.91 ns/op	       0 B/op	       0 allocs/op
BenchmarkLibuv_TimerRepeat-10             	  284076	      4276 ns/op	       0 B/op	       0 allocs/op
BenchmarkLibuv_TimerRepeat-10             	  285567	      4877 ns/op	       0 B/op	       0 allocs/op
BenchmarkLibuv_TimerRepeat-10             	  287896	      4264 ns/op	       0 B/op	       0 allocs/op
BenchmarkLibuv_TimerRepeat-10             	  286666	      4597 ns/op	       0 B/op	       0 allocs/op
BenchmarkLibuv_TimerRepeat-10             	  261987	      4418 ns/op	       0 B/op	       0 allocs/op
BenchmarkLibuv_TimerCrossThread-10        	  344118	      4733 ns/op	       0 B/op	       0 allocs/op
BenchmarkLibuv_TimerCrossThread-10        	  259150	      4533 ns/op	       0 B/op	       0 allocs/op
BenchmarkLibuv_TimerCrossThread-10        	  362923	      4831 ns/op	       0 B/op	       0 allocs/op
BenchmarkLibuv_TimerCrossThread-10        	  327516	      3479 ns/op	       0 B/op	       0 allocs/op
BenchmarkLibuv_TimerCrossThread-10        	  341265	      4370 ns/op	       0 B/op	       0 allocs/op
PASS
ok  	github.com/joeycumines/go-eventloop/internal/libuvbaseline	31.923s
tournament: complete
gmake[1]: Leaving directory '/Users/joeyc/dev/scratch/turbo-backup/go-utilpkg'
