gmake[1]: Entering directory '/opt/dev/go-utilpkg'
tournament: schema=1
tournament: meta=head=469fd952ed251edc7ea1d2bb0faf4e04fc94dd88
tournament: meta=source-state=dirty
tournament: meta=go-version=go version go1.26.5 darwin/arm64
tournament: meta=sample-count=5
tournament: meta=manifest-git-blob=d3527250806642fab6eab5a0a177121e2d23e52a
tournament: meta=goja-fork-version=v0.0.0-20260623201856-83e5a372a3c3
tournament: meta=goja-nodejs-version=v0.0.0-20260623201902-5cfbacfa7161
tournament: meta=source-fingerprint=aeb5829e6f5ad205d58f11df1639f687cbd211a3
go -C /opt/dev/go-utilpkg/eventloop test -count=1 -timeout=30m ./internal/...
ok  	github.com/joeycumines/go-eventloop/internal/alternateone	0.444s
ok  	github.com/joeycumines/go-eventloop/internal/alternatethree	0.673s
ok  	github.com/joeycumines/go-eventloop/internal/alternatetwo	0.870s
ok  	github.com/joeycumines/go-eventloop/internal/promisealtfive	1.100s
ok  	github.com/joeycumines/go-eventloop/internal/promisealtfour	1.564s
ok  	github.com/joeycumines/go-eventloop/internal/promisealtone	1.810s
ok  	github.com/joeycumines/go-eventloop/internal/promisealtthree	2.023s
ok  	github.com/joeycumines/go-eventloop/internal/promisealttwo	1.322s
ok  	github.com/joeycumines/go-eventloop/internal/promisetournament	2.259s [no tests to run]
go -C /opt/dev/go-utilpkg/eventloop/internal/tournament test -count=1 -timeout=30m .
ok  	github.com/joeycumines/go-eventloop/internal/tournament	31.040s
python3 -m unittest eventloop.docs.tournament.parse_benchmarks_test
.....................
----------------------------------------------------------------------
Ran 21 tests in 0.244s

OK
tournament: lane=product
go -C /opt/dev/go-utilpkg test -bench='^Benchmark(AutoExitImmediate|ConcurrentSubmissionWakeIntegration|EventTargetDispatchEmptyReusedEvent|EventTargetDispatchFreshEvent|EventTargetDispatchParallelDistinctEvents|EventTargetDispatchParallelDistinctEventsControl|EventTargetDispatchReusedEvent|EventTargetListenerConstruction|EventTargetListenerRegistrationWithLiveSet|FDReadinessDispatchHighCount|FDReadinessDispatchSingle|IdleWakeRecoveryTurnCost|LargeDeadlineList|MetricsCollection|MetricsHotPath|MetricsHotPathSnapshot|MicrotaskLatency|MicrotaskScheduleExternal|MicrotaskScheduleLoopThread|MixedWorkload|NextTickRecursiveDrain|NextTickScheduleExternal|NextTickScheduleLoopThread|NoMetrics|PromiseAllFixedArityEndToEnd|PromiseCreation|PromiseDepthThreeEndToEnd|PromiseReactionEndToEnd|PromiseSettleNoHandler|PromisifyCompletionEndToEnd|SchedulerInternalExternalBurst|SchedulerPriorityLatency|SetImmediateBurst|SetIntervalSteadyTicks|SparseFDRegistration|SubmitInternalChainHandoff|SubmitLatency|TimerCancelScale|TimerLatency|TimerScheduleRandomDeadlines|TimerScheduleSameDeadline100K)$' -benchmem -count=5 -run='^$' -benchtime=1s -timeout=30m ./eventloop
goos: darwin
goarch: arm64
pkg: github.com/joeycumines/go-eventloop
cpu: Apple M3 Max
BenchmarkAutoExitImmediate-14                                   	  278551	      4289 ns/op	   19914 B/op	      28 allocs/op
BenchmarkAutoExitImmediate-14                                   	  270517	      4424 ns/op	   19912 B/op	      28 allocs/op
BenchmarkAutoExitImmediate-14                                   	  297969	      4357 ns/op	   19912 B/op	      28 allocs/op
BenchmarkAutoExitImmediate-14                                   	  272863	      4472 ns/op	   19912 B/op	      28 allocs/op
BenchmarkAutoExitImmediate-14                                   	  277233	      4438 ns/op	   19912 B/op	      28 allocs/op
BenchmarkEventTargetDispatchReusedEvent-14                      	35426750	        33.78 ns/op	       0 B/op	       0 allocs/op
BenchmarkEventTargetDispatchReusedEvent-14                      	35649300	        33.82 ns/op	       0 B/op	       0 allocs/op
BenchmarkEventTargetDispatchReusedEvent-14                      	35528448	        33.72 ns/op	       0 B/op	       0 allocs/op
BenchmarkEventTargetDispatchReusedEvent-14                      	35822365	        33.69 ns/op	       0 B/op	       0 allocs/op
BenchmarkEventTargetDispatchReusedEvent-14                      	35945271	        33.67 ns/op	       0 B/op	       0 allocs/op
BenchmarkEventTargetDispatchFreshEvent-14                       	23411569	        54.02 ns/op	      48 B/op	       1 allocs/op
BenchmarkEventTargetDispatchFreshEvent-14                       	22070368	        52.29 ns/op	      48 B/op	       1 allocs/op
BenchmarkEventTargetDispatchFreshEvent-14                       	23022594	        52.15 ns/op	      48 B/op	       1 allocs/op
BenchmarkEventTargetDispatchFreshEvent-14                       	22938446	        52.19 ns/op	      48 B/op	       1 allocs/op
BenchmarkEventTargetDispatchFreshEvent-14                       	22704499	        52.07 ns/op	      48 B/op	       1 allocs/op
BenchmarkEventTargetDispatchEmptyReusedEvent-14                 	79689211	        14.93 ns/op	       0 B/op	       0 allocs/op
BenchmarkEventTargetDispatchEmptyReusedEvent-14                 	79687449	        14.97 ns/op	       0 B/op	       0 allocs/op
BenchmarkEventTargetDispatchEmptyReusedEvent-14                 	80307399	        14.98 ns/op	       0 B/op	       0 allocs/op
BenchmarkEventTargetDispatchEmptyReusedEvent-14                 	80369925	        14.96 ns/op	       0 B/op	       0 allocs/op
BenchmarkEventTargetDispatchEmptyReusedEvent-14                 	80658712	        15.03 ns/op	       0 B/op	       0 allocs/op
BenchmarkEventTargetDispatchParallelDistinctEvents-14           	 3005833	       397.2 ns/op	       0 B/op	       0 allocs/op
BenchmarkEventTargetDispatchParallelDistinctEvents-14           	 2906527	       399.2 ns/op	       0 B/op	       0 allocs/op
BenchmarkEventTargetDispatchParallelDistinctEvents-14           	 2841288	       412.8 ns/op	       0 B/op	       0 allocs/op
BenchmarkEventTargetDispatchParallelDistinctEvents-14           	 2912811	       424.8 ns/op	       0 B/op	       0 allocs/op
BenchmarkEventTargetDispatchParallelDistinctEvents-14           	 2847343	       418.6 ns/op	       0 B/op	       0 allocs/op
BenchmarkEventTargetDispatchParallelDistinctEventsControl-14    	 1298008	       940.1 ns/op	       0 B/op	       0 allocs/op
BenchmarkEventTargetDispatchParallelDistinctEventsControl-14    	 1299056	       912.0 ns/op	       0 B/op	       0 allocs/op
BenchmarkEventTargetDispatchParallelDistinctEventsControl-14    	 1321970	       923.2 ns/op	       0 B/op	       0 allocs/op
BenchmarkEventTargetDispatchParallelDistinctEventsControl-14    	 1355397	       920.9 ns/op	       0 B/op	       0 allocs/op
BenchmarkEventTargetDispatchParallelDistinctEventsControl-14    	 1299726	       921.4 ns/op	       0 B/op	       0 allocs/op
BenchmarkEventTargetListenerRegistrationWithLiveSet/0-14        	15651424	        77.67 ns/op	      32 B/op	       2 allocs/op
BenchmarkEventTargetListenerRegistrationWithLiveSet/0-14        	15501414	        77.22 ns/op	      32 B/op	       2 allocs/op
BenchmarkEventTargetListenerRegistrationWithLiveSet/0-14        	15519841	        77.98 ns/op	      32 B/op	       2 allocs/op
BenchmarkEventTargetListenerRegistrationWithLiveSet/0-14        	15307814	        77.91 ns/op	      32 B/op	       2 allocs/op
BenchmarkEventTargetListenerRegistrationWithLiveSet/0-14        	15583453	        77.77 ns/op	      32 B/op	       2 allocs/op
BenchmarkEventTargetListenerRegistrationWithLiveSet/100-14      	15560275	        78.43 ns/op	      32 B/op	       2 allocs/op
BenchmarkEventTargetListenerRegistrationWithLiveSet/100-14      	15451057	        77.98 ns/op	      32 B/op	       2 allocs/op
BenchmarkEventTargetListenerRegistrationWithLiveSet/100-14      	15301616	        77.99 ns/op	      32 B/op	       2 allocs/op
BenchmarkEventTargetListenerRegistrationWithLiveSet/100-14      	14738656	        81.82 ns/op	      32 B/op	       2 allocs/op
BenchmarkEventTargetListenerRegistrationWithLiveSet/100-14      	15494491	        77.39 ns/op	      32 B/op	       2 allocs/op
BenchmarkEventTargetListenerRegistrationWithLiveSet/1000-14     	15499854	        78.03 ns/op	      32 B/op	       2 allocs/op
BenchmarkEventTargetListenerRegistrationWithLiveSet/1000-14     	15314277	        78.36 ns/op	      32 B/op	       2 allocs/op
BenchmarkEventTargetListenerRegistrationWithLiveSet/1000-14     	15144280	        78.71 ns/op	      32 B/op	       2 allocs/op
BenchmarkEventTargetListenerRegistrationWithLiveSet/1000-14     	15428461	        77.83 ns/op	      32 B/op	       2 allocs/op
BenchmarkEventTargetListenerRegistrationWithLiveSet/1000-14     	15240997	        78.00 ns/op	      32 B/op	       2 allocs/op
BenchmarkEventTargetListenerRegistrationWithLiveSet/10000-14    	15187550	        78.70 ns/op	      32 B/op	       2 allocs/op
BenchmarkEventTargetListenerRegistrationWithLiveSet/10000-14    	15072733	        79.13 ns/op	      32 B/op	       2 allocs/op
BenchmarkEventTargetListenerRegistrationWithLiveSet/10000-14    	15201610	        79.10 ns/op	      32 B/op	       2 allocs/op
BenchmarkEventTargetListenerRegistrationWithLiveSet/10000-14    	15087570	        79.27 ns/op	      32 B/op	       2 allocs/op
BenchmarkEventTargetListenerRegistrationWithLiveSet/10000-14    	15267579	        79.13 ns/op	      32 B/op	       2 allocs/op
BenchmarkEventTargetListenerConstruction/100-14                 	  299214	      4163 ns/op	    4584 B/op	     138 allocs/op
BenchmarkEventTargetListenerConstruction/100-14                 	  282580	      4196 ns/op	    4584 B/op	     138 allocs/op
BenchmarkEventTargetListenerConstruction/100-14                 	  288715	      4172 ns/op	    4584 B/op	     138 allocs/op
BenchmarkEventTargetListenerConstruction/100-14                 	  290274	      4164 ns/op	    4584 B/op	     138 allocs/op
BenchmarkEventTargetListenerConstruction/100-14                 	  286494	      4172 ns/op	    4584 B/op	     138 allocs/op
BenchmarkEventTargetListenerConstruction/1000-14                	   34830	     34292 ns/op	   39624 B/op	    1059 allocs/op
BenchmarkEventTargetListenerConstruction/1000-14                	   35265	     34174 ns/op	   39624 B/op	    1059 allocs/op
BenchmarkEventTargetListenerConstruction/1000-14                	   34773	     34331 ns/op	   39624 B/op	    1059 allocs/op
BenchmarkEventTargetListenerConstruction/1000-14                	   35325	     34130 ns/op	   39624 B/op	    1059 allocs/op
BenchmarkEventTargetListenerConstruction/1000-14                	   35404	     34182 ns/op	   39624 B/op	    1059 allocs/op
BenchmarkEventTargetListenerConstruction/5000-14                	    6961	    175998 ns/op	  243144 B/op	    5080 allocs/op
BenchmarkEventTargetListenerConstruction/5000-14                	    6896	    175499 ns/op	  243144 B/op	    5080 allocs/op
BenchmarkEventTargetListenerConstruction/5000-14                	    6825	    175976 ns/op	  243144 B/op	    5080 allocs/op
BenchmarkEventTargetListenerConstruction/5000-14                	    7010	    176421 ns/op	  243144 B/op	    5080 allocs/op
BenchmarkEventTargetListenerConstruction/5000-14                	    6961	    176233 ns/op	  243144 B/op	    5080 allocs/op
BenchmarkEventTargetListenerConstruction/10000-14               	    3450	    351018 ns/op	  449160 B/op	   10087 allocs/op
BenchmarkEventTargetListenerConstruction/10000-14               	    3423	    351096 ns/op	  449160 B/op	   10087 allocs/op
BenchmarkEventTargetListenerConstruction/10000-14               	    3448	    352895 ns/op	  449161 B/op	   10087 allocs/op
BenchmarkEventTargetListenerConstruction/10000-14               	    3452	    352461 ns/op	  449160 B/op	   10087 allocs/op
BenchmarkEventTargetListenerConstruction/10000-14               	    3397	    353325 ns/op	  449160 B/op	   10087 allocs/op
BenchmarkFDReadinessDispatchSingle-14                           	  130992	      8906 ns/op	      24 B/op	       1 allocs/op
BenchmarkFDReadinessDispatchSingle-14                           	  148220	      8560 ns/op	      24 B/op	       1 allocs/op
BenchmarkFDReadinessDispatchSingle-14                           	  145552	      8599 ns/op	      24 B/op	       1 allocs/op
BenchmarkFDReadinessDispatchSingle-14                           	  142203	      8510 ns/op	      24 B/op	       1 allocs/op
BenchmarkFDReadinessDispatchSingle-14                           	  147122	      8571 ns/op	      24 B/op	       1 allocs/op
BenchmarkFDReadinessDispatchHighCount-14                        	     626	   1628488 ns/op	      1000 fds/op	   24019 B/op	    1000 allocs/op
BenchmarkFDReadinessDispatchHighCount-14                        	     715	   1696576 ns/op	      1000 fds/op	   24017 B/op	    1000 allocs/op
BenchmarkFDReadinessDispatchHighCount-14                        	     735	   1681624 ns/op	      1000 fds/op	   24016 B/op	    1000 allocs/op
BenchmarkFDReadinessDispatchHighCount-14                        	     714	   1740266 ns/op	      1000 fds/op	   24017 B/op	    1000 allocs/op
BenchmarkFDReadinessDispatchHighCount-14                        	     670	   1703528 ns/op	      1000 fds/op	   24019 B/op	    1000 allocs/op
BenchmarkSparseFDRegistration-14                                	  567367	      2108 ns/op	     112 B/op	       6 allocs/op
BenchmarkSparseFDRegistration-14                                	  569432	      2123 ns/op	     112 B/op	       6 allocs/op
BenchmarkSparseFDRegistration-14                                	  563172	      2104 ns/op	     112 B/op	       6 allocs/op
BenchmarkSparseFDRegistration-14                                	  565791	      2109 ns/op	     112 B/op	       6 allocs/op
BenchmarkSparseFDRegistration-14                                	  553766	      2113 ns/op	     112 B/op	       6 allocs/op
BenchmarkMetricsCollection-14                                   	 1874438	       627.4 ns/op	       0 B/op	       0 allocs/op
BenchmarkMetricsCollection-14                                   	 1876142	       644.8 ns/op	       0 B/op	       0 allocs/op
BenchmarkMetricsCollection-14                                   	 1882592	       637.1 ns/op	       0 B/op	       0 allocs/op
BenchmarkMetricsCollection-14                                   	 1859839	       643.0 ns/op	       0 B/op	       0 allocs/op
BenchmarkMetricsCollection-14                                   	 1888629	       641.8 ns/op	       0 B/op	       0 allocs/op
BenchmarkNoMetrics-14                                           	 4232038	       283.8 ns/op	       0 B/op	       0 allocs/op
BenchmarkNoMetrics-14                                           	 4234180	       281.4 ns/op	       0 B/op	       0 allocs/op
BenchmarkNoMetrics-14                                           	 4233541	       285.5 ns/op	       0 B/op	       0 allocs/op
BenchmarkNoMetrics-14                                           	 4194903	       283.3 ns/op	       0 B/op	       0 allocs/op
BenchmarkNoMetrics-14                                           	 4235310	       284.3 ns/op	       0 B/op	       0 allocs/op
BenchmarkPromiseCreation-14                                     	23330737	        51.84 ns/op	      96 B/op	       3 allocs/op
BenchmarkPromiseCreation-14                                     	23431054	        52.06 ns/op	      96 B/op	       3 allocs/op
BenchmarkPromiseCreation-14                                     	23164010	        52.43 ns/op	      96 B/op	       3 allocs/op
BenchmarkPromiseCreation-14                                     	23632882	        51.90 ns/op	      96 B/op	       3 allocs/op
BenchmarkPromiseCreation-14                                     	22933843	        52.46 ns/op	      96 B/op	       3 allocs/op
BenchmarkPromiseSettleNoHandler-14                              	18967995	        63.49 ns/op	      96 B/op	       3 allocs/op
BenchmarkPromiseSettleNoHandler-14                              	18753087	        63.40 ns/op	      96 B/op	       3 allocs/op
BenchmarkPromiseSettleNoHandler-14                              	18465468	        63.13 ns/op	      96 B/op	       3 allocs/op
BenchmarkPromiseSettleNoHandler-14                              	19087522	        62.84 ns/op	      96 B/op	       3 allocs/op
BenchmarkPromiseSettleNoHandler-14                              	18716696	        63.24 ns/op	      96 B/op	       3 allocs/op
BenchmarkPromiseReactionEndToEnd-14                             	  291139	      4033 ns/op	     674 B/op	      19 allocs/op
BenchmarkPromiseReactionEndToEnd-14                             	  290742	      4068 ns/op	     673 B/op	      19 allocs/op
BenchmarkPromiseReactionEndToEnd-14                             	  292377	      4066 ns/op	     675 B/op	      19 allocs/op
BenchmarkPromiseReactionEndToEnd-14                             	  290862	      4038 ns/op	     674 B/op	      19 allocs/op
BenchmarkPromiseReactionEndToEnd-14                             	  289034	      4077 ns/op	     678 B/op	      19 allocs/op
BenchmarkPromiseDepthThreeEndToEnd-14                           	  265810	      4455 ns/op	     934 B/op	      23 allocs/op
BenchmarkPromiseDepthThreeEndToEnd-14                           	  270126	      4496 ns/op	     937 B/op	      23 allocs/op
BenchmarkPromiseDepthThreeEndToEnd-14                           	  268842	      4501 ns/op	     936 B/op	      23 allocs/op
BenchmarkPromiseDepthThreeEndToEnd-14                           	  265417	      4521 ns/op	     938 B/op	      23 allocs/op
BenchmarkPromiseDepthThreeEndToEnd-14                           	  266048	      4502 ns/op	     935 B/op	      23 allocs/op
BenchmarkPromiseAllFixedArityEndToEnd-14                        	  195702	      6278 ns/op	    2204 B/op	      51 allocs/op
BenchmarkPromiseAllFixedArityEndToEnd-14                        	  191786	      6216 ns/op	    2203 B/op	      51 allocs/op
BenchmarkPromiseAllFixedArityEndToEnd-14                        	  192183	      6146 ns/op	    2203 B/op	      51 allocs/op
BenchmarkPromiseAllFixedArityEndToEnd-14                        	  189844	      6220 ns/op	    2203 B/op	      51 allocs/op
BenchmarkPromiseAllFixedArityEndToEnd-14                        	  201642	      6212 ns/op	    2203 B/op	      51 allocs/op
BenchmarkPromisifyCompletionEndToEnd-14                         	  244158	      4979 ns/op	     492 B/op	       9 allocs/op
BenchmarkPromisifyCompletionEndToEnd-14                         	  245013	      5004 ns/op	     492 B/op	       9 allocs/op
BenchmarkPromisifyCompletionEndToEnd-14                         	  237373	      5068 ns/op	     496 B/op	       9 allocs/op
BenchmarkPromisifyCompletionEndToEnd-14                         	  253016	      5177 ns/op	     488 B/op	       9 allocs/op
BenchmarkPromisifyCompletionEndToEnd-14                         	  246044	      5104 ns/op	     491 B/op	       9 allocs/op
BenchmarkSchedulerPriorityLatency-14                            	   33556	     37829 ns/op	         0 externals_before_internal/op	      2683 priority_latency_ns/op	    2098 B/op	      71 allocs/op
BenchmarkSchedulerPriorityLatency-14                            	   32355	     37031 ns/op	         0 externals_before_internal/op	      2597 priority_latency_ns/op	    2098 B/op	      71 allocs/op
BenchmarkSchedulerPriorityLatency-14                            	   33322	     36409 ns/op	         0 externals_before_internal/op	      2572 priority_latency_ns/op	    2098 B/op	      71 allocs/op
BenchmarkSchedulerPriorityLatency-14                            	   32845	     35743 ns/op	         0 externals_before_internal/op	      2536 priority_latency_ns/op	    2098 B/op	      71 allocs/op
BenchmarkSchedulerPriorityLatency-14                            	   32892	     36302 ns/op	         0 externals_before_internal/op	      2581 priority_latency_ns/op	    2098 B/op	      71 allocs/op
BenchmarkSubmitInternalChainHandoff-14                          	   52689	     22418 ns/op	        32.00 handoffs/op	     785 B/op	      33 allocs/op
BenchmarkSubmitInternalChainHandoff-14                          	   53395	     22044 ns/op	        32.00 handoffs/op	     785 B/op	      33 allocs/op
BenchmarkSubmitInternalChainHandoff-14                          	   53552	     22250 ns/op	        32.00 handoffs/op	     785 B/op	      33 allocs/op
BenchmarkSubmitInternalChainHandoff-14                          	   52944	     22415 ns/op	        32.00 handoffs/op	     785 B/op	      33 allocs/op
BenchmarkSubmitInternalChainHandoff-14                          	   53250	     22590 ns/op	        32.00 handoffs/op	     785 B/op	      33 allocs/op
BenchmarkSchedulerInternalExternalBurst-14                      	  454981	      2602 ns/op	      32 B/op	       2 allocs/op
BenchmarkSchedulerInternalExternalBurst-14                      	  447960	      2642 ns/op	      32 B/op	       2 allocs/op
BenchmarkSchedulerInternalExternalBurst-14                      	  455227	      2631 ns/op	      32 B/op	       2 allocs/op
BenchmarkSchedulerInternalExternalBurst-14                      	  449175	      2589 ns/op	      32 B/op	       2 allocs/op
BenchmarkSchedulerInternalExternalBurst-14                      	  447115	      2596 ns/op	      32 B/op	       2 allocs/op
BenchmarkSubmitLatency-14                                       	  716976	      1585 ns/op	      16 B/op	       1 allocs/op
BenchmarkSubmitLatency-14                                       	  743697	      1579 ns/op	      16 B/op	       1 allocs/op
BenchmarkSubmitLatency-14                                       	  758410	      1566 ns/op	      16 B/op	       1 allocs/op
BenchmarkSubmitLatency-14                                       	  719805	      1580 ns/op	      16 B/op	       1 allocs/op
BenchmarkSubmitLatency-14                                       	  746536	      1562 ns/op	      16 B/op	       1 allocs/op
BenchmarkMicrotaskLatency-14                                    	  374860	      3168 ns/op	     319 B/op	      11 allocs/op
BenchmarkMicrotaskLatency-14                                    	  409200	      3083 ns/op	     309 B/op	      11 allocs/op
BenchmarkMicrotaskLatency-14                                    	  370112	      3226 ns/op	     321 B/op	      11 allocs/op
BenchmarkMicrotaskLatency-14                                    	  367321	      3223 ns/op	     321 B/op	      11 allocs/op
BenchmarkMicrotaskLatency-14                                    	  358198	      3259 ns/op	     318 B/op	      11 allocs/op
BenchmarkTimerLatency-14                                        	  437703	      2704 ns/op	     192 B/op	       3 allocs/op
BenchmarkTimerLatency-14                                        	  454251	      2673 ns/op	     192 B/op	       3 allocs/op
BenchmarkTimerLatency-14                                        	  444885	      2703 ns/op	     192 B/op	       3 allocs/op
BenchmarkTimerLatency-14                                        	  445038	      2668 ns/op	     192 B/op	       3 allocs/op
BenchmarkTimerLatency-14                                        	  439131	      2680 ns/op	     192 B/op	       3 allocs/op
BenchmarkMixedWorkload-14                                       	 2965089	       428.2 ns/op	     104 B/op	       1 allocs/op
BenchmarkMixedWorkload-14                                       	 2934205	       414.4 ns/op	      93 B/op	       1 allocs/op
BenchmarkMixedWorkload-14                                       	 3029796	       439.5 ns/op	     108 B/op	       1 allocs/op
BenchmarkMixedWorkload-14                                       	 2898826	       422.2 ns/op	      96 B/op	       1 allocs/op
BenchmarkMixedWorkload-14                                       	 2922576	       427.2 ns/op	     101 B/op	       1 allocs/op
BenchmarkLargeDeadlineList-14                                   	  575961	      2069 ns/op	     304 B/op	       4 allocs/op
BenchmarkLargeDeadlineList-14                                   	  568383	      2057 ns/op	     304 B/op	       4 allocs/op
BenchmarkLargeDeadlineList-14                                   	  548577	      2044 ns/op	     304 B/op	       4 allocs/op
BenchmarkLargeDeadlineList-14                                   	  619904	      2042 ns/op	     304 B/op	       4 allocs/op
BenchmarkLargeDeadlineList-14                                   	  572551	      2059 ns/op	     304 B/op	       4 allocs/op
BenchmarkMicrotaskScheduleExternal-14                           	13125572	        92.55 ns/op	       1 B/op	       0 allocs/op
BenchmarkMicrotaskScheduleExternal-14                           	12923536	        91.44 ns/op	       1 B/op	       0 allocs/op
BenchmarkMicrotaskScheduleExternal-14                           	12831559	        92.77 ns/op	       1 B/op	       0 allocs/op
BenchmarkMicrotaskScheduleExternal-14                           	13100566	        93.62 ns/op	       1 B/op	       0 allocs/op
BenchmarkMicrotaskScheduleExternal-14                           	13496692	        91.09 ns/op	       1 B/op	       0 allocs/op
BenchmarkMicrotaskScheduleLoopThread-14                         	216785998	         5.505 ns/op	       0 B/op	       0 allocs/op
BenchmarkMicrotaskScheduleLoopThread-14                         	219207459	         5.522 ns/op	       0 B/op	       0 allocs/op
BenchmarkMicrotaskScheduleLoopThread-14                         	220300536	         5.470 ns/op	       0 B/op	       0 allocs/op
BenchmarkMicrotaskScheduleLoopThread-14                         	220345897	         5.425 ns/op	       0 B/op	       0 allocs/op
BenchmarkMicrotaskScheduleLoopThread-14                         	221559682	         5.491 ns/op	       0 B/op	       0 allocs/op
BenchmarkNextTickScheduleExternal-14                            	13718890	        89.59 ns/op	       1 B/op	       0 allocs/op
BenchmarkNextTickScheduleExternal-14                            	13547992	        89.50 ns/op	       1 B/op	       0 allocs/op
BenchmarkNextTickScheduleExternal-14                            	13504844	        90.09 ns/op	       1 B/op	       0 allocs/op
BenchmarkNextTickScheduleExternal-14                            	13482544	        89.08 ns/op	       1 B/op	       0 allocs/op
BenchmarkNextTickScheduleExternal-14                            	13488481	        89.75 ns/op	       1 B/op	       0 allocs/op
BenchmarkNextTickScheduleLoopThread-14                          	219078774	         5.465 ns/op	       0 B/op	       0 allocs/op
BenchmarkNextTickScheduleLoopThread-14                          	219926925	         5.478 ns/op	       0 B/op	       0 allocs/op
BenchmarkNextTickScheduleLoopThread-14                          	218733970	         5.483 ns/op	       0 B/op	       0 allocs/op
BenchmarkNextTickScheduleLoopThread-14                          	219767328	         5.458 ns/op	       0 B/op	       0 allocs/op
BenchmarkNextTickScheduleLoopThread-14                          	215727530	         5.503 ns/op	       0 B/op	       0 allocs/op
BenchmarkNextTickRecursiveDrain-14                              	70730211	        17.09 ns/op	       0 B/op	       0 allocs/op
BenchmarkNextTickRecursiveDrain-14                              	69201158	        18.30 ns/op	       0 B/op	       0 allocs/op
BenchmarkNextTickRecursiveDrain-14                              	69539847	        17.84 ns/op	       0 B/op	       0 allocs/op
BenchmarkNextTickRecursiveDrain-14                              	68709668	        17.44 ns/op	       0 B/op	       0 allocs/op
BenchmarkNextTickRecursiveDrain-14                              	69365340	        17.38 ns/op	       0 B/op	       0 allocs/op
BenchmarkTimerScheduleSameDeadline100K-14                       	      94	  12220001 ns/op	    100000 timers/op	11258101 B/op	  100060 allocs/op
BenchmarkTimerScheduleSameDeadline100K-14                       	      93	  12076455 ns/op	    100000 timers/op	11295457 B/op	  100347 allocs/op
BenchmarkTimerScheduleSameDeadline100K-14                       	      96	  11911202 ns/op	    100000 timers/op	11271273 B/op	  100171 allocs/op
BenchmarkTimerScheduleSameDeadline100K-14                       	     100	  11792082 ns/op	    100000 timers/op	11255499 B/op	  100064 allocs/op
BenchmarkTimerScheduleSameDeadline100K-14                       	      87	  12530400 ns/op	    100000 timers/op	11293508 B/op	  100305 allocs/op
BenchmarkTimerScheduleRandomDeadlines-14                        	 3023355	       468.5 ns/op	     401 B/op	       2 allocs/op
BenchmarkTimerScheduleRandomDeadlines-14                        	 3149228	       464.3 ns/op	     394 B/op	       2 allocs/op
BenchmarkTimerScheduleRandomDeadlines-14                        	 3126578	       488.2 ns/op	     395 B/op	       2 allocs/op
BenchmarkTimerScheduleRandomDeadlines-14                        	 3024519	       504.8 ns/op	     399 B/op	       2 allocs/op
BenchmarkTimerScheduleRandomDeadlines-14                        	 3041886	       473.9 ns/op	     399 B/op	       2 allocs/op
BenchmarkTimerCancelScale-14                                    	 7522531	       214.0 ns/op	      50 B/op	       0 allocs/op
BenchmarkTimerCancelScale-14                                    	 8518042	       215.5 ns/op	      55 B/op	       0 allocs/op
BenchmarkTimerCancelScale-14                                    	 7503021	       203.3 ns/op	      41 B/op	       0 allocs/op
BenchmarkTimerCancelScale-14                                    	 7369882	       205.1 ns/op	      47 B/op	       0 allocs/op
BenchmarkTimerCancelScale-14                                    	 8797588	       191.7 ns/op	      46 B/op	       0 allocs/op
BenchmarkSetIntervalSteadyTicks-14                              	 1000000	      1120 ns/op	      64 B/op	       1 allocs/op
BenchmarkSetIntervalSteadyTicks-14                              	 1000000	      1124 ns/op	      64 B/op	       1 allocs/op
BenchmarkSetIntervalSteadyTicks-14                              	 1000000	      1105 ns/op	      64 B/op	       1 allocs/op
BenchmarkSetIntervalSteadyTicks-14                              	 1000000	      1100 ns/op	      64 B/op	       1 allocs/op
BenchmarkSetIntervalSteadyTicks-14                              	 1000000	      1105 ns/op	      64 B/op	       1 allocs/op
BenchmarkSetImmediateBurst-14                                   	 1547880	       796.9 ns/op	     348 B/op	       3 allocs/op
BenchmarkSetImmediateBurst-14                                   	 1635268	       786.0 ns/op	     333 B/op	       3 allocs/op
BenchmarkSetImmediateBurst-14                                   	 1563260	       822.7 ns/op	     348 B/op	       3 allocs/op
BenchmarkSetImmediateBurst-14                                   	 1575584	       789.4 ns/op	     331 B/op	       3 allocs/op
BenchmarkSetImmediateBurst-14                                   	 1572576	       818.0 ns/op	     354 B/op	       3 allocs/op
BenchmarkMetricsHotPath-14                                      	 9863918	       121.3 ns/op	       0 B/op	       0 allocs/op
BenchmarkMetricsHotPath-14                                      	 9377658	       124.4 ns/op	       0 B/op	       0 allocs/op
BenchmarkMetricsHotPath-14                                      	 9835346	       122.1 ns/op	       0 B/op	       0 allocs/op
BenchmarkMetricsHotPath-14                                      	 9886930	       121.1 ns/op	       0 B/op	       0 allocs/op
BenchmarkMetricsHotPath-14                                      	 9889246	       120.9 ns/op	       0 B/op	       0 allocs/op
BenchmarkMetricsHotPathSnapshot-14                              	 8778640	       135.0 ns/op	     144 B/op	       1 allocs/op
BenchmarkMetricsHotPathSnapshot-14                              	 8865446	       135.7 ns/op	     144 B/op	       1 allocs/op
BenchmarkMetricsHotPathSnapshot-14                              	 8878702	       136.0 ns/op	     144 B/op	       1 allocs/op
BenchmarkMetricsHotPathSnapshot-14                              	 8884200	       141.1 ns/op	     144 B/op	       1 allocs/op
BenchmarkMetricsHotPathSnapshot-14                              	 9049281	       134.3 ns/op	     144 B/op	       1 allocs/op
BenchmarkIdleWakeRecoveryTurnCost/empty-native-poll-turn-14     	   96744	     12152 ns/op	       0 B/op	       0 allocs/op
BenchmarkIdleWakeRecoveryTurnCost/empty-native-poll-turn-14     	  100372	     11773 ns/op	       0 B/op	       0 allocs/op
BenchmarkIdleWakeRecoveryTurnCost/empty-native-poll-turn-14     	  102806	     11814 ns/op	       0 B/op	       0 allocs/op
BenchmarkIdleWakeRecoveryTurnCost/empty-native-poll-turn-14     	  102087	     11843 ns/op	       0 B/op	       0 allocs/op
BenchmarkIdleWakeRecoveryTurnCost/empty-native-poll-turn-14     	  102726	     11905 ns/op	       0 B/op	       0 allocs/op
BenchmarkIdleWakeRecoveryTurnCost/empty-fast-channel-probe-14   	361965562	         3.309 ns/op	       0 B/op	       0 allocs/op
BenchmarkIdleWakeRecoveryTurnCost/empty-fast-channel-probe-14   	361991722	         3.305 ns/op	       0 B/op	       0 allocs/op
BenchmarkIdleWakeRecoveryTurnCost/empty-fast-channel-probe-14   	364572744	         3.274 ns/op	       0 B/op	       0 allocs/op
BenchmarkIdleWakeRecoveryTurnCost/empty-fast-channel-probe-14   	368391213	         3.273 ns/op	       0 B/op	       0 allocs/op
BenchmarkIdleWakeRecoveryTurnCost/empty-fast-channel-probe-14   	363600278	         3.332 ns/op	       0 B/op	       0 allocs/op
BenchmarkConcurrentSubmissionWakeIntegration-14                 	 6180024	       175.5 ns/op	      60 B/op	       1 allocs/op
BenchmarkConcurrentSubmissionWakeIntegration-14                 	 6486912	       183.4 ns/op	      57 B/op	       1 allocs/op
BenchmarkConcurrentSubmissionWakeIntegration-14                 	 6418081	       178.7 ns/op	      58 B/op	       1 allocs/op
BenchmarkConcurrentSubmissionWakeIntegration-14                 	 6442802	       187.0 ns/op	      58 B/op	       1 allocs/op
BenchmarkConcurrentSubmissionWakeIntegration-14                 	 6236232	       184.6 ns/op	      59 B/op	       1 allocs/op
PASS
ok  	github.com/joeycumines/go-eventloop	411.652s
tournament: lane=scheduler
go -C /opt/dev/go-utilpkg/eventloop/internal/tournament test -bench='^Benchmark(GCPressure|GCPressure_Allocations|MultiProducer|MultiProducerContention|PingPong|PingPongLatency|BurstSubmit|MicroBatchBudget_Throughput|MicroBatchBudget_Latency|MicroBatchBudget_Continuous|MicroBatchBudget_Mixed|MicroCASContention|MicroCASContention_Latency|MicrotaskRoundTrip|MicroWakeupSyscall_Running|MicroWakeupSyscall_Sleeping|MicroWakeupSyscall_Burst|MicroWakeupSyscall_RapidSubmit|PromisesV2|ReadinessRoundTrip|SchedulerPriorityLatency|SubmitInternalChainHandoff|SchedulerInternalExternalBurst)$' -benchmem -count=5 -run='^$' -benchtime=1s -timeout=30m .
goos: darwin
goarch: arm64
pkg: github.com/joeycumines/go-eventloop/internal/tournament
cpu: Apple M3 Max
BenchmarkGCPressure/Main-14                   	 1409632	       843.9 ns/op	      25 B/op	       1 allocs/op
BenchmarkGCPressure/Main-14                   	 1425900	       849.2 ns/op	      25 B/op	       1 allocs/op
BenchmarkGCPressure/Main-14                   	 1424356	       848.4 ns/op	      25 B/op	       1 allocs/op
BenchmarkGCPressure/Main-14                   	 1411600	       837.9 ns/op	      25 B/op	       1 allocs/op
BenchmarkGCPressure/Main-14                   	 1417976	       832.4 ns/op	      25 B/op	       1 allocs/op
BenchmarkGCPressure/MainFastPathForced-14     	 1423400	       841.8 ns/op	      25 B/op	       1 allocs/op
BenchmarkGCPressure/MainFastPathForced-14     	 1421689	       840.1 ns/op	      25 B/op	       1 allocs/op
BenchmarkGCPressure/MainFastPathForced-14     	 1443231	       844.7 ns/op	      25 B/op	       1 allocs/op
BenchmarkGCPressure/MainFastPathForced-14     	 1414660	       828.9 ns/op	      25 B/op	       1 allocs/op
BenchmarkGCPressure/MainFastPathForced-14     	 1457506	       841.4 ns/op	      25 B/op	       1 allocs/op
BenchmarkGCPressure/MainFastPathDisabled-14   	 1412498	       835.4 ns/op	      25 B/op	       1 allocs/op
BenchmarkGCPressure/MainFastPathDisabled-14   	 1391006	       811.0 ns/op	      25 B/op	       1 allocs/op
BenchmarkGCPressure/MainFastPathDisabled-14   	 1402849	       862.2 ns/op	      25 B/op	       1 allocs/op
BenchmarkGCPressure/MainFastPathDisabled-14   	 1420915	       844.1 ns/op	      25 B/op	       1 allocs/op
BenchmarkGCPressure/MainFastPathDisabled-14   	 1420035	       850.7 ns/op	      25 B/op	       1 allocs/op
BenchmarkGCPressure/AlternateOne-14           	 3781958	       320.4 ns/op	      30 B/op	       1 allocs/op
BenchmarkGCPressure/AlternateOne-14           	 3751113	       309.0 ns/op	      31 B/op	       1 allocs/op
BenchmarkGCPressure/AlternateOne-14           	 3668391	       302.7 ns/op	      31 B/op	       1 allocs/op
BenchmarkGCPressure/AlternateOne-14           	 3824562	       298.8 ns/op	      31 B/op	       1 allocs/op
BenchmarkGCPressure/AlternateOne-14           	 4224409	       287.6 ns/op	      31 B/op	       1 allocs/op
BenchmarkGCPressure/AlternateTwo-14           	 3386895	       357.7 ns/op	      29 B/op	       1 allocs/op
BenchmarkGCPressure/AlternateTwo-14           	 3124326	       397.3 ns/op	      29 B/op	       1 allocs/op
BenchmarkGCPressure/AlternateTwo-14           	 3119689	       394.8 ns/op	      29 B/op	       1 allocs/op
BenchmarkGCPressure/AlternateTwo-14           	 2995681	       391.1 ns/op	      29 B/op	       1 allocs/op
BenchmarkGCPressure/AlternateTwo-14           	 3149982	       393.6 ns/op	      29 B/op	       1 allocs/op
BenchmarkGCPressure/AlternateThree-14         	 4567893	       251.9 ns/op	      27 B/op	       1 allocs/op
BenchmarkGCPressure/AlternateThree-14         	 4759621	       258.2 ns/op	      27 B/op	       1 allocs/op
BenchmarkGCPressure/AlternateThree-14         	 4346234	       267.6 ns/op	      27 B/op	       1 allocs/op
BenchmarkGCPressure/AlternateThree-14         	 4868881	       251.9 ns/op	      26 B/op	       1 allocs/op
BenchmarkGCPressure/AlternateThree-14         	 1000000	      1953 ns/op	      27 B/op	       1 allocs/op
BenchmarkGCPressure/Baseline-14               	 4455998	       247.8 ns/op	      64 B/op	       3 allocs/op
BenchmarkGCPressure/Baseline-14               	 4697478	       274.6 ns/op	      64 B/op	       3 allocs/op
BenchmarkGCPressure/Baseline-14               	 4608487	       293.6 ns/op	      64 B/op	       3 allocs/op
BenchmarkGCPressure/Baseline-14               	 4123057	       300.9 ns/op	      64 B/op	       3 allocs/op
BenchmarkGCPressure/Baseline-14               	 4011667	       309.5 ns/op	      64 B/op	       3 allocs/op
BenchmarkGCPressure_Allocations/Main-14       	 1452027	       842.2 ns/op	      25 B/op	       1 allocs/op
BenchmarkGCPressure_Allocations/Main-14       	 1407944	       856.1 ns/op	      25 B/op	       1 allocs/op
BenchmarkGCPressure_Allocations/Main-14       	 1445918	       845.2 ns/op	      25 B/op	       1 allocs/op
BenchmarkGCPressure_Allocations/Main-14       	 1409848	       838.2 ns/op	      25 B/op	       1 allocs/op
BenchmarkGCPressure_Allocations/Main-14       	 1450969	       834.6 ns/op	      25 B/op	       1 allocs/op
BenchmarkGCPressure_Allocations/MainFastPathForced-14         	 1427940	       845.5 ns/op	      25 B/op	       1 allocs/op
BenchmarkGCPressure_Allocations/MainFastPathForced-14         	 1417280	       835.2 ns/op	      25 B/op	       1 allocs/op
BenchmarkGCPressure_Allocations/MainFastPathForced-14         	 1413817	       830.5 ns/op	      25 B/op	       1 allocs/op
BenchmarkGCPressure_Allocations/MainFastPathForced-14         	 1429904	       838.3 ns/op	      25 B/op	       1 allocs/op
BenchmarkGCPressure_Allocations/MainFastPathForced-14         	 1395046	       852.5 ns/op	      25 B/op	       1 allocs/op
BenchmarkGCPressure_Allocations/MainFastPathDisabled-14       	 1438586	       840.7 ns/op	      25 B/op	       1 allocs/op
BenchmarkGCPressure_Allocations/MainFastPathDisabled-14       	 1380538	       846.3 ns/op	      25 B/op	       1 allocs/op
BenchmarkGCPressure_Allocations/MainFastPathDisabled-14       	 1402795	       836.5 ns/op	      25 B/op	       1 allocs/op
BenchmarkGCPressure_Allocations/MainFastPathDisabled-14       	 1407474	       845.0 ns/op	      25 B/op	       1 allocs/op
BenchmarkGCPressure_Allocations/MainFastPathDisabled-14       	 1417681	       846.3 ns/op	      25 B/op	       1 allocs/op
BenchmarkGCPressure_Allocations/AlternateOne-14               	 3667443	       329.8 ns/op	      30 B/op	       1 allocs/op
BenchmarkGCPressure_Allocations/AlternateOne-14               	 3678580	       778.6 ns/op	      31 B/op	       1 allocs/op
BenchmarkGCPressure_Allocations/AlternateOne-14               	 3774133	       330.4 ns/op	      30 B/op	       1 allocs/op
BenchmarkGCPressure_Allocations/AlternateOne-14               	 3785644	       780.0 ns/op	      30 B/op	       1 allocs/op
BenchmarkGCPressure_Allocations/AlternateOne-14               	 3835778	       334.7 ns/op	      30 B/op	       1 allocs/op
BenchmarkGCPressure_Allocations/AlternateTwo-14               	 3324978	       374.6 ns/op	      30 B/op	       1 allocs/op
BenchmarkGCPressure_Allocations/AlternateTwo-14               	 3029095	       389.0 ns/op	      30 B/op	       1 allocs/op
BenchmarkGCPressure_Allocations/AlternateTwo-14               	 3094858	       379.7 ns/op	      29 B/op	       1 allocs/op
BenchmarkGCPressure_Allocations/AlternateTwo-14               	 3063883	       391.4 ns/op	      30 B/op	       1 allocs/op
BenchmarkGCPressure_Allocations/AlternateTwo-14               	 3118564	       389.5 ns/op	      30 B/op	       1 allocs/op
BenchmarkGCPressure_Allocations/AlternateThree-14             	 4562594	       276.0 ns/op	      27 B/op	       1 allocs/op
BenchmarkGCPressure_Allocations/AlternateThree-14             	 4255623	       279.9 ns/op	      27 B/op	       1 allocs/op
BenchmarkGCPressure_Allocations/AlternateThree-14             	 4262625	       281.7 ns/op	      27 B/op	       1 allocs/op
BenchmarkGCPressure_Allocations/AlternateThree-14             	 4285114	       285.5 ns/op	      27 B/op	       1 allocs/op
BenchmarkGCPressure_Allocations/AlternateThree-14             	 4244827	       294.5 ns/op	      27 B/op	       1 allocs/op
BenchmarkGCPressure_Allocations/Baseline-14                   	 4010233	       297.6 ns/op	      64 B/op	       3 allocs/op
BenchmarkGCPressure_Allocations/Baseline-14                   	 3847359	       295.4 ns/op	      64 B/op	       3 allocs/op
BenchmarkGCPressure_Allocations/Baseline-14                   	 3926760	       310.7 ns/op	      64 B/op	       3 allocs/op
BenchmarkGCPressure_Allocations/Baseline-14                   	 3866065	       309.7 ns/op	      64 B/op	       3 allocs/op
BenchmarkGCPressure_Allocations/Baseline-14                   	 4034880	       306.4 ns/op	      64 B/op	       3 allocs/op
BenchmarkMultiProducer/Main-14                                	 2443863	       481.5 ns/op	      61 B/op	       1 allocs/op
BenchmarkMultiProducer/Main-14                                	 2522649	       483.5 ns/op	      60 B/op	       1 allocs/op
BenchmarkMultiProducer/Main-14                                	 2529463	       471.4 ns/op	      60 B/op	       1 allocs/op
BenchmarkMultiProducer/Main-14                                	 2538348	       474.2 ns/op	      59 B/op	       1 allocs/op
BenchmarkMultiProducer/Main-14                                	 2554573	       477.5 ns/op	      59 B/op	       1 allocs/op
BenchmarkMultiProducer/MainFastPathForced-14                  	 2486756	       475.2 ns/op	      60 B/op	       1 allocs/op
BenchmarkMultiProducer/MainFastPathForced-14                  	 2520237	       477.1 ns/op	      60 B/op	       1 allocs/op
BenchmarkMultiProducer/MainFastPathForced-14                  	 2499949	       475.2 ns/op	      60 B/op	       1 allocs/op
BenchmarkMultiProducer/MainFastPathForced-14                  	 2486796	       476.3 ns/op	      60 B/op	       1 allocs/op
BenchmarkMultiProducer/MainFastPathForced-14                  	 2490284	       471.3 ns/op	      60 B/op	       1 allocs/op
BenchmarkMultiProducer/MainFastPathDisabled-14                	 2490855	       482.7 ns/op	      60 B/op	       1 allocs/op
BenchmarkMultiProducer/MainFastPathDisabled-14                	 2486191	       480.0 ns/op	      60 B/op	       1 allocs/op
BenchmarkMultiProducer/MainFastPathDisabled-14                	 2494179	       475.7 ns/op	      60 B/op	       1 allocs/op
BenchmarkMultiProducer/MainFastPathDisabled-14                	 2529891	       472.5 ns/op	      59 B/op	       1 allocs/op
BenchmarkMultiProducer/MainFastPathDisabled-14                	 2501358	       476.8 ns/op	      60 B/op	       1 allocs/op
BenchmarkMultiProducer/AlternateOne-14                        	 7245264	       164.0 ns/op	      35 B/op	       1 allocs/op
BenchmarkMultiProducer/AlternateOne-14                        	 7337564	       161.3 ns/op	      35 B/op	       1 allocs/op
BenchmarkMultiProducer/AlternateOne-14                        	 7410471	       163.1 ns/op	      35 B/op	       1 allocs/op
BenchmarkMultiProducer/AlternateOne-14                        	 7644382	       164.3 ns/op	      35 B/op	       1 allocs/op
BenchmarkMultiProducer/AlternateOne-14                        	 7385746	       161.3 ns/op	      35 B/op	       1 allocs/op
BenchmarkMultiProducer/AlternateTwo-14                        	 8265657	       194.1 ns/op	      33 B/op	       1 allocs/op
BenchmarkMultiProducer/AlternateTwo-14                        	 9053990	       227.2 ns/op	      33 B/op	       1 allocs/op
BenchmarkMultiProducer/AlternateTwo-14                        	 9731572	       212.0 ns/op	      33 B/op	       1 allocs/op
BenchmarkMultiProducer/AlternateTwo-14                        	 8034478	       198.2 ns/op	      32 B/op	       1 allocs/op
BenchmarkMultiProducer/AlternateTwo-14                        	 9581877	       206.1 ns/op	      32 B/op	       1 allocs/op
BenchmarkMultiProducer/AlternateThree-14                      	 7869320	       144.9 ns/op	      16 B/op	       1 allocs/op
BenchmarkMultiProducer/AlternateThree-14                      	 8178999	       145.9 ns/op	      16 B/op	       1 allocs/op
BenchmarkMultiProducer/AlternateThree-14                      	 7966507	       141.5 ns/op	      16 B/op	       1 allocs/op
BenchmarkMultiProducer/AlternateThree-14                      	 9056452	       130.2 ns/op	      16 B/op	       1 allocs/op
BenchmarkMultiProducer/AlternateThree-14                      	 8556525	       129.8 ns/op	      16 B/op	       1 allocs/op
BenchmarkMultiProducer/Baseline-14                            	 6182576	       197.8 ns/op	      56 B/op	       3 allocs/op
BenchmarkMultiProducer/Baseline-14                            	 5734623	       201.8 ns/op	      56 B/op	       3 allocs/op
BenchmarkMultiProducer/Baseline-14                            	 5818322	       199.3 ns/op	      56 B/op	       3 allocs/op
BenchmarkMultiProducer/Baseline-14                            	 5883349	       198.7 ns/op	      56 B/op	       3 allocs/op
BenchmarkMultiProducer/Baseline-14                            	 5782540	       197.7 ns/op	      56 B/op	       3 allocs/op
BenchmarkMultiProducerContention/Main-14                      	 2702652	       433.2 ns/op	      59 B/op	       1 allocs/op
BenchmarkMultiProducerContention/Main-14                      	 2750103	       437.1 ns/op	      59 B/op	       1 allocs/op
BenchmarkMultiProducerContention/Main-14                      	 2755994	       431.0 ns/op	      58 B/op	       1 allocs/op
BenchmarkMultiProducerContention/Main-14                      	 2764898	       433.6 ns/op	      58 B/op	       1 allocs/op
BenchmarkMultiProducerContention/Main-14                      	 2773926	       439.5 ns/op	      58 B/op	       1 allocs/op
BenchmarkMultiProducerContention/MainFastPathForced-14        	 2694403	       452.0 ns/op	      59 B/op	       1 allocs/op
BenchmarkMultiProducerContention/MainFastPathForced-14        	 2746329	       463.4 ns/op	      58 B/op	       1 allocs/op
BenchmarkMultiProducerContention/MainFastPathForced-14        	 2562264	       475.0 ns/op	      62 B/op	       1 allocs/op
BenchmarkMultiProducerContention/MainFastPathForced-14        	 2532122	       476.0 ns/op	      62 B/op	       1 allocs/op
BenchmarkMultiProducerContention/MainFastPathForced-14        	 2544656	       474.7 ns/op	      62 B/op	       1 allocs/op
BenchmarkMultiProducerContention/MainFastPathDisabled-14      	 2503209	       472.1 ns/op	      62 B/op	       1 allocs/op
BenchmarkMultiProducerContention/MainFastPathDisabled-14      	 2568153	       471.9 ns/op	      62 B/op	       1 allocs/op
BenchmarkMultiProducerContention/MainFastPathDisabled-14      	 2532757	       478.3 ns/op	      63 B/op	       1 allocs/op
BenchmarkMultiProducerContention/MainFastPathDisabled-14      	 2546484	       473.1 ns/op	      62 B/op	       1 allocs/op
BenchmarkMultiProducerContention/MainFastPathDisabled-14      	 2638598	       473.7 ns/op	      60 B/op	       1 allocs/op
BenchmarkMultiProducerContention/AlternateOne-14              	 8163988	       142.0 ns/op	      37 B/op	       1 allocs/op
BenchmarkMultiProducerContention/AlternateOne-14              	 8485094	       140.7 ns/op	      37 B/op	       1 allocs/op
BenchmarkMultiProducerContention/AlternateOne-14              	 8247752	       143.1 ns/op	      37 B/op	       1 allocs/op
BenchmarkMultiProducerContention/AlternateOne-14              	 8155148	       141.6 ns/op	      37 B/op	       1 allocs/op
BenchmarkMultiProducerContention/AlternateOne-14              	 8373328	       137.6 ns/op	      37 B/op	       1 allocs/op
BenchmarkMultiProducerContention/AlternateTwo-14              	 7788246	       185.4 ns/op	      45 B/op	       1 allocs/op
BenchmarkMultiProducerContention/AlternateTwo-14              	 9680072	       187.9 ns/op	      38 B/op	       1 allocs/op
BenchmarkMultiProducerContention/AlternateTwo-14              	 9953274	       183.3 ns/op	      43 B/op	       1 allocs/op
BenchmarkMultiProducerContention/AlternateTwo-14              	 9343272	       197.3 ns/op	      37 B/op	       1 allocs/op
BenchmarkMultiProducerContention/AlternateTwo-14              	 9639903	       181.0 ns/op	      46 B/op	       1 allocs/op
BenchmarkMultiProducerContention/AlternateThree-14            	 8930534	       135.3 ns/op	      16 B/op	       1 allocs/op
BenchmarkMultiProducerContention/AlternateThree-14            	 8810140	       135.5 ns/op	      16 B/op	       1 allocs/op
BenchmarkMultiProducerContention/AlternateThree-14            	 8758486	       133.6 ns/op	      16 B/op	       1 allocs/op
BenchmarkMultiProducerContention/AlternateThree-14            	 8695861	       135.2 ns/op	      16 B/op	       1 allocs/op
BenchmarkMultiProducerContention/AlternateThree-14            	 8769312	       136.9 ns/op	      16 B/op	       1 allocs/op
BenchmarkMultiProducerContention/Baseline-14                  	 6086462	       193.6 ns/op	      56 B/op	       3 allocs/op
BenchmarkMultiProducerContention/Baseline-14                  	 6863446	       192.4 ns/op	      56 B/op	       3 allocs/op
BenchmarkMultiProducerContention/Baseline-14                  	 6275001	       195.8 ns/op	      56 B/op	       3 allocs/op
BenchmarkMultiProducerContention/Baseline-14                  	 6138231	       197.3 ns/op	      56 B/op	       3 allocs/op
BenchmarkMultiProducerContention/Baseline-14                  	 6048882	       189.5 ns/op	      56 B/op	       3 allocs/op
BenchmarkPingPong/Main-14                                     	 2954965	       404.0 ns/op	      70 B/op	       1 allocs/op
BenchmarkPingPong/Main-14                                     	 3142197	       385.6 ns/op	      78 B/op	       1 allocs/op
BenchmarkPingPong/Main-14                                     	 3041448	       397.6 ns/op	      69 B/op	       1 allocs/op
BenchmarkPingPong/Main-14                                     	 3027999	       385.5 ns/op	      70 B/op	       1 allocs/op
BenchmarkPingPong/Main-14                                     	 3002268	       395.6 ns/op	      70 B/op	       1 allocs/op
BenchmarkPingPong/MainFastPathForced-14                       	 2935498	       402.5 ns/op	      71 B/op	       1 allocs/op
BenchmarkPingPong/MainFastPathForced-14                       	 2988097	       397.2 ns/op	      70 B/op	       1 allocs/op
BenchmarkPingPong/MainFastPathForced-14                       	 2959395	       397.3 ns/op	      70 B/op	       1 allocs/op
BenchmarkPingPong/MainFastPathForced-14                       	 3063110	       399.1 ns/op	      69 B/op	       1 allocs/op
BenchmarkPingPong/MainFastPathForced-14                       	 3028161	       396.8 ns/op	      69 B/op	       1 allocs/op
BenchmarkPingPong/MainFastPathDisabled-14                     	 2992614	       398.8 ns/op	      70 B/op	       1 allocs/op
BenchmarkPingPong/MainFastPathDisabled-14                     	 3028548	       395.7 ns/op	      69 B/op	       1 allocs/op
BenchmarkPingPong/MainFastPathDisabled-14                     	 3004986	       395.9 ns/op	      70 B/op	       1 allocs/op
BenchmarkPingPong/MainFastPathDisabled-14                     	 3041791	       400.3 ns/op	      71 B/op	       1 allocs/op
BenchmarkPingPong/MainFastPathDisabled-14                     	 3031078	       400.9 ns/op	      70 B/op	       1 allocs/op
BenchmarkPingPong/AlternateOne-14                             	10410355	       112.0 ns/op	      28 B/op	       1 allocs/op
BenchmarkPingPong/AlternateOne-14                             	 9221818	       110.5 ns/op	      28 B/op	       1 allocs/op
BenchmarkPingPong/AlternateOne-14                             	 9285568	       110.9 ns/op	      28 B/op	       1 allocs/op
BenchmarkPingPong/AlternateOne-14                             	10682337	       128.2 ns/op	      24 B/op	       1 allocs/op
BenchmarkPingPong/AlternateOne-14                             	10736188	       129.0 ns/op	      24 B/op	       1 allocs/op
BenchmarkPingPong/AlternateTwo-14                             	10082451	       138.3 ns/op	      24 B/op	       1 allocs/op
BenchmarkPingPong/AlternateTwo-14                             	 8728526	       132.3 ns/op	      24 B/op	       1 allocs/op
BenchmarkPingPong/AlternateTwo-14                             	 9003147	       142.0 ns/op	      24 B/op	       1 allocs/op
BenchmarkPingPong/AlternateTwo-14                             	 8813670	       137.4 ns/op	      24 B/op	       1 allocs/op
BenchmarkPingPong/AlternateTwo-14                             	 9435831	       127.3 ns/op	      24 B/op	       1 allocs/op
BenchmarkPingPong/AlternateThree-14                           	19854127	        61.88 ns/op	      24 B/op	       1 allocs/op
BenchmarkPingPong/AlternateThree-14                           	19212116	        62.10 ns/op	      24 B/op	       1 allocs/op
BenchmarkPingPong/AlternateThree-14                           	19511732	        62.30 ns/op	      24 B/op	       1 allocs/op
BenchmarkPingPong/AlternateThree-14                           	19277043	        63.06 ns/op	      24 B/op	       1 allocs/op
BenchmarkPingPong/AlternateThree-14                           	18589279	        63.27 ns/op	      24 B/op	       1 allocs/op
BenchmarkPingPong/Baseline-14                                 	10887666	       103.4 ns/op	      64 B/op	       3 allocs/op
BenchmarkPingPong/Baseline-14                                 	15251862	       110.9 ns/op	      64 B/op	       3 allocs/op
BenchmarkPingPong/Baseline-14                                 	12063943	        88.06 ns/op	      64 B/op	       3 allocs/op
BenchmarkPingPong/Baseline-14                                 	14099932	       104.7 ns/op	      64 B/op	       3 allocs/op
BenchmarkPingPong/Baseline-14                                 	11964549	       109.2 ns/op	      64 B/op	       3 allocs/op
BenchmarkPingPongLatency/Main-14                              	  708295	      1609 ns/op	     128 B/op	       2 allocs/op
BenchmarkPingPongLatency/Main-14                              	  732289	      1637 ns/op	     128 B/op	       2 allocs/op
BenchmarkPingPongLatency/Main-14                              	  717174	      1610 ns/op	     128 B/op	       2 allocs/op
BenchmarkPingPongLatency/Main-14                              	  732403	      1610 ns/op	     128 B/op	       2 allocs/op
BenchmarkPingPongLatency/Main-14                              	  743176	      1617 ns/op	     128 B/op	       2 allocs/op
BenchmarkPingPongLatency/MainFastPathForced-14                	  736035	      1623 ns/op	     128 B/op	       2 allocs/op
BenchmarkPingPongLatency/MainFastPathForced-14                	  727882	      1626 ns/op	     128 B/op	       2 allocs/op
BenchmarkPingPongLatency/MainFastPathForced-14                	  726542	      1647 ns/op	     128 B/op	       2 allocs/op
BenchmarkPingPongLatency/MainFastPathForced-14                	  735883	      1606 ns/op	     128 B/op	       2 allocs/op
BenchmarkPingPongLatency/MainFastPathForced-14                	  782746	      1601 ns/op	     128 B/op	       2 allocs/op
BenchmarkPingPongLatency/MainFastPathDisabled-14              	  115698	     10062 ns/op	     159 B/op	       3 allocs/op
BenchmarkPingPongLatency/MainFastPathDisabled-14              	  105500	     10143 ns/op	     159 B/op	       3 allocs/op
BenchmarkPingPongLatency/MainFastPathDisabled-14              	  120943	     10553 ns/op	     159 B/op	       3 allocs/op
BenchmarkPingPongLatency/MainFastPathDisabled-14              	  100275	     10240 ns/op	     159 B/op	       3 allocs/op
BenchmarkPingPongLatency/MainFastPathDisabled-14              	  124408	     10290 ns/op	     159 B/op	       3 allocs/op
BenchmarkPingPongLatency/AlternateOne-14                      	  112828	     10631 ns/op	     128 B/op	       2 allocs/op
BenchmarkPingPongLatency/AlternateOne-14                      	  113382	     10574 ns/op	     128 B/op	       2 allocs/op
BenchmarkPingPongLatency/AlternateOne-14                      	  115442	     11074 ns/op	     128 B/op	       2 allocs/op
BenchmarkPingPongLatency/AlternateOne-14                      	  112399	     10522 ns/op	     128 B/op	       2 allocs/op
BenchmarkPingPongLatency/AlternateOne-14                      	  119620	     10696 ns/op	     128 B/op	       2 allocs/op
BenchmarkPingPongLatency/AlternateTwo-14                      	  112956	     10501 ns/op	     128 B/op	       2 allocs/op
BenchmarkPingPongLatency/AlternateTwo-14                      	  113869	     10557 ns/op	     128 B/op	       2 allocs/op
BenchmarkPingPongLatency/AlternateTwo-14                      	  114388	     10519 ns/op	     128 B/op	       2 allocs/op
BenchmarkPingPongLatency/AlternateTwo-14                      	  115684	     10434 ns/op	     128 B/op	       2 allocs/op
BenchmarkPingPongLatency/AlternateTwo-14                      	  115620	     10374 ns/op	     128 B/op	       2 allocs/op
BenchmarkPingPongLatency/AlternateThree-14                    	  111484	     14914 ns/op	     128 B/op	       2 allocs/op
BenchmarkPingPongLatency/AlternateThree-14                    	   57307	     22105 ns/op	     128 B/op	       2 allocs/op
BenchmarkPingPongLatency/AlternateThree-14                    	   48760	     25907 ns/op	     128 B/op	       2 allocs/op
BenchmarkPingPongLatency/AlternateThree-14                    	  104006	     10025 ns/op	     128 B/op	       2 allocs/op
BenchmarkPingPongLatency/AlternateThree-14                    	  139009	      9301 ns/op	     128 B/op	       2 allocs/op
BenchmarkPingPongLatency/Baseline-14                          	 1807052	       640.7 ns/op	     168 B/op	       4 allocs/op
BenchmarkPingPongLatency/Baseline-14                          	 1865187	       651.5 ns/op	     168 B/op	       4 allocs/op
BenchmarkPingPongLatency/Baseline-14                          	 1849269	       642.7 ns/op	     168 B/op	       4 allocs/op
BenchmarkPingPongLatency/Baseline-14                          	 1882136	       668.5 ns/op	     168 B/op	       4 allocs/op
BenchmarkPingPongLatency/Baseline-14                          	 1785727	       677.9 ns/op	     168 B/op	       4 allocs/op
BenchmarkBurstSubmit/Main-14                                  	 3112879	       407.2 ns/op	      24 B/op	       1 allocs/op
BenchmarkBurstSubmit/Main-14                                  	 3122738	       401.9 ns/op	      24 B/op	       1 allocs/op
BenchmarkBurstSubmit/Main-14                                  	 3012196	       395.1 ns/op	      24 B/op	       1 allocs/op
BenchmarkBurstSubmit/Main-14                                  	 2962164	       401.7 ns/op	      24 B/op	       1 allocs/op
BenchmarkBurstSubmit/Main-14                                  	 2952153	       401.9 ns/op	      24 B/op	       1 allocs/op
BenchmarkBurstSubmit/MainFastPathForced-14                    	 2946279	       400.8 ns/op	      24 B/op	       1 allocs/op
BenchmarkBurstSubmit/MainFastPathForced-14                    	 3022084	       402.0 ns/op	      24 B/op	       1 allocs/op
BenchmarkBurstSubmit/MainFastPathForced-14                    	 2960925	       395.4 ns/op	      24 B/op	       1 allocs/op
BenchmarkBurstSubmit/MainFastPathForced-14                    	 2987701	       401.6 ns/op	      24 B/op	       1 allocs/op
BenchmarkBurstSubmit/MainFastPathForced-14                    	 2958709	       401.6 ns/op	      24 B/op	       1 allocs/op
BenchmarkBurstSubmit/MainFastPathDisabled-14                  	 2915643	       408.5 ns/op	      24 B/op	       1 allocs/op
BenchmarkBurstSubmit/MainFastPathDisabled-14                  	 2962994	       402.8 ns/op	      24 B/op	       1 allocs/op
BenchmarkBurstSubmit/MainFastPathDisabled-14                  	 2960511	       406.9 ns/op	      24 B/op	       1 allocs/op
BenchmarkBurstSubmit/MainFastPathDisabled-14                  	 2939797	       411.8 ns/op	      24 B/op	       1 allocs/op
BenchmarkBurstSubmit/MainFastPathDisabled-14                  	 2978619	       403.5 ns/op	      24 B/op	       1 allocs/op
BenchmarkBurstSubmit/AlternateOne-14                          	 9482367	       110.3 ns/op	      24 B/op	       1 allocs/op
BenchmarkBurstSubmit/AlternateOne-14                          	 9570286	       110.3 ns/op	      24 B/op	       1 allocs/op
BenchmarkBurstSubmit/AlternateOne-14                          	 9668436	       122.2 ns/op	      24 B/op	       1 allocs/op
BenchmarkBurstSubmit/AlternateOne-14                          	 9397731	       110.7 ns/op	      24 B/op	       1 allocs/op
BenchmarkBurstSubmit/AlternateOne-14                          	 9487531	       124.9 ns/op	      24 B/op	       1 allocs/op
BenchmarkBurstSubmit/AlternateTwo-14                          	 8838104	       135.0 ns/op	      24 B/op	       1 allocs/op
BenchmarkBurstSubmit/AlternateTwo-14                          	 9706339	       131.5 ns/op	      24 B/op	       1 allocs/op
BenchmarkBurstSubmit/AlternateTwo-14                          	 8710281	       138.8 ns/op	      24 B/op	       1 allocs/op
BenchmarkBurstSubmit/AlternateTwo-14                          	 9087678	       143.3 ns/op	      24 B/op	       1 allocs/op
BenchmarkBurstSubmit/AlternateTwo-14                          	 9214260	       133.3 ns/op	      24 B/op	       1 allocs/op
BenchmarkBurstSubmit/AlternateThree-14                        	17092768	        73.05 ns/op	      24 B/op	       1 allocs/op
BenchmarkBurstSubmit/AlternateThree-14                        	16467474	        71.09 ns/op	      24 B/op	       1 allocs/op
BenchmarkBurstSubmit/AlternateThree-14                        	16568835	        70.63 ns/op	      24 B/op	       1 allocs/op
BenchmarkBurstSubmit/AlternateThree-14                        	16669743	        72.30 ns/op	      24 B/op	       1 allocs/op
BenchmarkBurstSubmit/AlternateThree-14                        	16198912	        71.07 ns/op	      24 B/op	       1 allocs/op
BenchmarkBurstSubmit/Baseline-14                              	11235060	       106.8 ns/op	      64 B/op	       3 allocs/op
BenchmarkBurstSubmit/Baseline-14                              	12235320	       107.9 ns/op	      64 B/op	       3 allocs/op
BenchmarkBurstSubmit/Baseline-14                              	11763312	       103.0 ns/op	      64 B/op	       3 allocs/op
BenchmarkBurstSubmit/Baseline-14                              	12148858	       100.7 ns/op	      64 B/op	       3 allocs/op
BenchmarkBurstSubmit/Baseline-14                              	11751518	       108.2 ns/op	      64 B/op	       3 allocs/op
BenchmarkMicroBatchBudget_Throughput/Main/Burst=64-14         	  147787	      7804 ns/op	    3890 B/op	      64 allocs/op
BenchmarkMicroBatchBudget_Throughput/Main/Burst=64-14         	  187928	      7428 ns/op	    3841 B/op	      64 allocs/op
BenchmarkMicroBatchBudget_Throughput/Main/Burst=64-14         	  173566	      7449 ns/op	    4196 B/op	      64 allocs/op
BenchmarkMicroBatchBudget_Throughput/Main/Burst=64-14         	  172017	      7437 ns/op	    4101 B/op	      64 allocs/op
BenchmarkMicroBatchBudget_Throughput/Main/Burst=64-14         	  165122	      7470 ns/op	    3589 B/op	      64 allocs/op
BenchmarkMicroBatchBudget_Throughput/Main/Burst=128-14        	   81067	     15533 ns/op	    7395 B/op	     128 allocs/op
BenchmarkMicroBatchBudget_Throughput/Main/Burst=128-14        	   85239	     14918 ns/op	    8328 B/op	     128 allocs/op
BenchmarkMicroBatchBudget_Throughput/Main/Burst=128-14        	   86386	     14841 ns/op	    8185 B/op	     128 allocs/op
BenchmarkMicroBatchBudget_Throughput/Main/Burst=128-14        	   85768	     14900 ns/op	    8229 B/op	     128 allocs/op
BenchmarkMicroBatchBudget_Throughput/Main/Burst=128-14        	   86515	     14882 ns/op	    8172 B/op	     128 allocs/op
BenchmarkMicroBatchBudget_Throughput/Main/Burst=256-14        	   37536	     31744 ns/op	   15382 B/op	     256 allocs/op
BenchmarkMicroBatchBudget_Throughput/Main/Burst=256-14        	   40638	     30416 ns/op	   14705 B/op	     256 allocs/op
BenchmarkMicroBatchBudget_Throughput/Main/Burst=256-14        	   41209	     30295 ns/op	   14372 B/op	     256 allocs/op
BenchmarkMicroBatchBudget_Throughput/Main/Burst=256-14        	   41643	     30218 ns/op	   16814 B/op	     256 allocs/op
BenchmarkMicroBatchBudget_Throughput/Main/Burst=256-14        	   40770	     30027 ns/op	   14511 B/op	     256 allocs/op
BenchmarkMicroBatchBudget_Throughput/Main/Burst=512-14        	   19033	     61252 ns/op	   30463 B/op	     512 allocs/op
BenchmarkMicroBatchBudget_Throughput/Main/Burst=512-14        	   21872	     55864 ns/op	   32417 B/op	     512 allocs/op
BenchmarkMicroBatchBudget_Throughput/Main/Burst=512-14        	   21957	     55205 ns/op	   32506 B/op	     512 allocs/op
BenchmarkMicroBatchBudget_Throughput/Main/Burst=512-14        	   22944	     55258 ns/op	   31299 B/op	     512 allocs/op
BenchmarkMicroBatchBudget_Throughput/Main/Burst=512-14        	   22899	     53778 ns/op	   31387 B/op	     512 allocs/op
BenchmarkMicroBatchBudget_Throughput/Main/Burst=1024-14       	    9535	    119341 ns/op	   60840 B/op	    1024 allocs/op
BenchmarkMicroBatchBudget_Throughput/Main/Burst=1024-14       	   10000	    121076 ns/op	   58970 B/op	    1024 allocs/op
BenchmarkMicroBatchBudget_Throughput/Main/Burst=1024-14       	   10000	    119864 ns/op	   58773 B/op	    1024 allocs/op
BenchmarkMicroBatchBudget_Throughput/Main/Burst=1024-14       	   10000	    120101 ns/op	   58805 B/op	    1024 allocs/op
BenchmarkMicroBatchBudget_Throughput/Main/Burst=1024-14       	   10000	    119711 ns/op	   59318 B/op	    1024 allocs/op
BenchmarkMicroBatchBudget_Throughput/Main/Burst=2048-14       	    4459	    259396 ns/op	  127779 B/op	    2048 allocs/op
BenchmarkMicroBatchBudget_Throughput/Main/Burst=2048-14       	    5282	    238901 ns/op	  133083 B/op	    2048 allocs/op
BenchmarkMicroBatchBudget_Throughput/Main/Burst=2048-14       	    5506	    240727 ns/op	  129002 B/op	    2048 allocs/op
BenchmarkMicroBatchBudget_Throughput/Main/Burst=2048-14       	    5469	    239006 ns/op	  129711 B/op	    2048 allocs/op
BenchmarkMicroBatchBudget_Throughput/Main/Burst=2048-14       	    5785	    242326 ns/op	  124290 B/op	    2048 allocs/op
BenchmarkMicroBatchBudget_Throughput/Main/Burst=4096-14       	    2532	    504596 ns/op	  234532 B/op	    4096 allocs/op
BenchmarkMicroBatchBudget_Throughput/Main/Burst=4096-14       	    2734	    479320 ns/op	  260390 B/op	    4096 allocs/op
BenchmarkMicroBatchBudget_Throughput/Main/Burst=4096-14       	    2728	    478968 ns/op	  259618 B/op	    4096 allocs/op
BenchmarkMicroBatchBudget_Throughput/Main/Burst=4096-14       	    2683	    479913 ns/op	  262937 B/op	    4096 allocs/op
BenchmarkMicroBatchBudget_Throughput/Main/Burst=4096-14       	    2715	    480192 ns/op	  260610 B/op	    4096 allocs/op
BenchmarkMicroBatchBudget_Throughput/MainFastPathForced/Burst=64-14         	  154269	      7788 ns/op	    3771 B/op	      64 allocs/op
BenchmarkMicroBatchBudget_Throughput/MainFastPathForced/Burst=64-14         	  174558	      7438 ns/op	    4057 B/op	      64 allocs/op
BenchmarkMicroBatchBudget_Throughput/MainFastPathForced/Burst=64-14         	  178068	      7420 ns/op	    4069 B/op	      64 allocs/op
BenchmarkMicroBatchBudget_Throughput/MainFastPathForced/Burst=64-14         	  176258	      7479 ns/op	    4028 B/op	      64 allocs/op
BenchmarkMicroBatchBudget_Throughput/MainFastPathForced/Burst=64-14         	  173558	      7469 ns/op	    4076 B/op	      64 allocs/op
BenchmarkMicroBatchBudget_Throughput/MainFastPathForced/Burst=128-14        	   75042	     15553 ns/op	    7701 B/op	     128 allocs/op
BenchmarkMicroBatchBudget_Throughput/MainFastPathForced/Burst=128-14        	   87117	     14916 ns/op	    8138 B/op	     128 allocs/op
BenchmarkMicroBatchBudget_Throughput/MainFastPathForced/Burst=128-14        	   86850	     14930 ns/op	    8152 B/op	     128 allocs/op
BenchmarkMicroBatchBudget_Throughput/MainFastPathForced/Burst=128-14        	   85660	     14882 ns/op	    8237 B/op	     128 allocs/op
BenchmarkMicroBatchBudget_Throughput/MainFastPathForced/Burst=128-14        	   86491	     14817 ns/op	    8169 B/op	     128 allocs/op
BenchmarkMicroBatchBudget_Throughput/MainFastPathForced/Burst=256-14        	   37407	     31801 ns/op	   15573 B/op	     256 allocs/op
BenchmarkMicroBatchBudget_Throughput/MainFastPathForced/Burst=256-14        	   40974	     29869 ns/op	   14459 B/op	     256 allocs/op
BenchmarkMicroBatchBudget_Throughput/MainFastPathForced/Burst=256-14        	   41412	     30239 ns/op	   17022 B/op	     256 allocs/op
BenchmarkMicroBatchBudget_Throughput/MainFastPathForced/Burst=256-14        	   41436	     30632 ns/op	   16901 B/op	     256 allocs/op
BenchmarkMicroBatchBudget_Throughput/MainFastPathForced/Burst=256-14        	   43082	     30045 ns/op	   16461 B/op	     256 allocs/op
BenchmarkMicroBatchBudget_Throughput/MainFastPathForced/Burst=512-14        	   19428	     61613 ns/op	   29998 B/op	     512 allocs/op
BenchmarkMicroBatchBudget_Throughput/MainFastPathForced/Burst=512-14        	   20384	     60082 ns/op	   29254 B/op	     512 allocs/op
BenchmarkMicroBatchBudget_Throughput/MainFastPathForced/Burst=512-14        	   21202	     58579 ns/op	   33172 B/op	     512 allocs/op
BenchmarkMicroBatchBudget_Throughput/MainFastPathForced/Burst=512-14        	   20643	     59791 ns/op	   28788 B/op	     512 allocs/op
BenchmarkMicroBatchBudget_Throughput/MainFastPathForced/Burst=512-14        	   20496	     58766 ns/op	   28889 B/op	     512 allocs/op
BenchmarkMicroBatchBudget_Throughput/MainFastPathForced/Burst=1024-14       	    9260	    126841 ns/op	   62160 B/op	    1024 allocs/op
BenchmarkMicroBatchBudget_Throughput/MainFastPathForced/Burst=1024-14       	   10000	    111722 ns/op	   58749 B/op	    1024 allocs/op
BenchmarkMicroBatchBudget_Throughput/MainFastPathForced/Burst=1024-14       	   10000	    119794 ns/op	   58773 B/op	    1024 allocs/op
BenchmarkMicroBatchBudget_Throughput/MainFastPathForced/Burst=1024-14       	   10000	    118141 ns/op	   58749 B/op	    1024 allocs/op
BenchmarkMicroBatchBudget_Throughput/MainFastPathForced/Burst=1024-14       	   10000	    119578 ns/op	   58901 B/op	    1024 allocs/op
BenchmarkMicroBatchBudget_Throughput/MainFastPathForced/Burst=2048-14       	    4810	    249909 ns/op	  121306 B/op	    2048 allocs/op
BenchmarkMicroBatchBudget_Throughput/MainFastPathForced/Burst=2048-14       	    5215	    242711 ns/op	  134326 B/op	    2048 allocs/op
BenchmarkMicroBatchBudget_Throughput/MainFastPathForced/Burst=2048-14       	    5998	    232831 ns/op	  121040 B/op	    2048 allocs/op
BenchmarkMicroBatchBudget_Throughput/MainFastPathForced/Burst=2048-14       	    5299	    240073 ns/op	  132761 B/op	    2048 allocs/op
BenchmarkMicroBatchBudget_Throughput/MainFastPathForced/Burst=2048-14       	    5773	    237152 ns/op	  124772 B/op	    2048 allocs/op
BenchmarkMicroBatchBudget_Throughput/MainFastPathForced/Burst=4096-14       	    2406	    509233 ns/op	  242024 B/op	    4096 allocs/op
BenchmarkMicroBatchBudget_Throughput/MainFastPathForced/Burst=4096-14       	    2688	    483950 ns/op	  263134 B/op	    4096 allocs/op
BenchmarkMicroBatchBudget_Throughput/MainFastPathForced/Burst=4096-14       	    2678	    481991 ns/op	  263305 B/op	    4096 allocs/op
BenchmarkMicroBatchBudget_Throughput/MainFastPathForced/Burst=4096-14       	    2686	    476845 ns/op	  262805 B/op	    4096 allocs/op
BenchmarkMicroBatchBudget_Throughput/MainFastPathForced/Burst=4096-14       	    2684	    482321 ns/op	  262952 B/op	    4096 allocs/op
BenchmarkMicroBatchBudget_Throughput/MainFastPathDisabled/Burst=64-14       	  158476	      7852 ns/op	    3716 B/op	      64 allocs/op
BenchmarkMicroBatchBudget_Throughput/MainFastPathDisabled/Burst=64-14       	  171050	      7449 ns/op	    4121 B/op	      64 allocs/op
BenchmarkMicroBatchBudget_Throughput/MainFastPathDisabled/Burst=64-14       	  171156	      7509 ns/op	    4124 B/op	      64 allocs/op
BenchmarkMicroBatchBudget_Throughput/MainFastPathDisabled/Burst=64-14       	  173618	      7463 ns/op	    4074 B/op	      64 allocs/op
BenchmarkMicroBatchBudget_Throughput/MainFastPathDisabled/Burst=64-14       	  169786	      7548 ns/op	    4146 B/op	      64 allocs/op
BenchmarkMicroBatchBudget_Throughput/MainFastPathDisabled/Burst=128-14      	   77023	     15524 ns/op	    7568 B/op	     128 allocs/op
BenchmarkMicroBatchBudget_Throughput/MainFastPathDisabled/Burst=128-14      	   86412	     14781 ns/op	    8177 B/op	     128 allocs/op
BenchmarkMicroBatchBudget_Throughput/MainFastPathDisabled/Burst=128-14      	   87304	     15045 ns/op	    8131 B/op	     128 allocs/op
BenchmarkMicroBatchBudget_Throughput/MainFastPathDisabled/Burst=128-14      	   86612	     14831 ns/op	    8160 B/op	     128 allocs/op
BenchmarkMicroBatchBudget_Throughput/MainFastPathDisabled/Burst=128-14      	   86289	     14810 ns/op	    8211 B/op	     128 allocs/op
BenchmarkMicroBatchBudget_Throughput/MainFastPathDisabled/Burst=256-14      	   37760	     31499 ns/op	   15315 B/op	     256 allocs/op
BenchmarkMicroBatchBudget_Throughput/MainFastPathDisabled/Burst=256-14      	   42564	     30399 ns/op	   16591 B/op	     256 allocs/op
BenchmarkMicroBatchBudget_Throughput/MainFastPathDisabled/Burst=256-14      	   42595	     30204 ns/op	   16565 B/op	     256 allocs/op
BenchmarkMicroBatchBudget_Throughput/MainFastPathDisabled/Burst=256-14      	   41882	     30335 ns/op	   16921 B/op	     256 allocs/op
BenchmarkMicroBatchBudget_Throughput/MainFastPathDisabled/Burst=256-14      	   42247	     30209 ns/op	   16645 B/op	     256 allocs/op
BenchmarkMicroBatchBudget_Throughput/MainFastPathDisabled/Burst=512-14      	   18957	     60333 ns/op	   30620 B/op	     512 allocs/op
BenchmarkMicroBatchBudget_Throughput/MainFastPathDisabled/Burst=512-14      	   20642	     58925 ns/op	   28789 B/op	     512 allocs/op
BenchmarkMicroBatchBudget_Throughput/MainFastPathDisabled/Burst=512-14      	   20020	     59275 ns/op	   29728 B/op	     512 allocs/op
BenchmarkMicroBatchBudget_Throughput/MainFastPathDisabled/Burst=512-14      	   20698	     60444 ns/op	   33807 B/op	     512 allocs/op
BenchmarkMicroBatchBudget_Throughput/MainFastPathDisabled/Burst=512-14      	   20380	     59795 ns/op	   29461 B/op	     512 allocs/op
BenchmarkMicroBatchBudget_Throughput/MainFastPathDisabled/Burst=1024-14     	    9144	    124893 ns/op	   62741 B/op	    1024 allocs/op
BenchmarkMicroBatchBudget_Throughput/MainFastPathDisabled/Burst=1024-14     	   10000	    121225 ns/op	   59500 B/op	    1024 allocs/op
BenchmarkMicroBatchBudget_Throughput/MainFastPathDisabled/Burst=1024-14     	   10000	    119058 ns/op	   58749 B/op	    1024 allocs/op
BenchmarkMicroBatchBudget_Throughput/MainFastPathDisabled/Burst=1024-14     	   10000	    119455 ns/op	   58749 B/op	    1024 allocs/op
BenchmarkMicroBatchBudget_Throughput/MainFastPathDisabled/Burst=1024-14     	   10000	    120235 ns/op	   58847 B/op	    1024 allocs/op
BenchmarkMicroBatchBudget_Throughput/MainFastPathDisabled/Burst=2048-14     	    4682	    254224 ns/op	  123254 B/op	    2048 allocs/op
BenchmarkMicroBatchBudget_Throughput/MainFastPathDisabled/Burst=2048-14     	    5428	    239504 ns/op	  130341 B/op	    2048 allocs/op
BenchmarkMicroBatchBudget_Throughput/MainFastPathDisabled/Burst=2048-14     	    5262	    239339 ns/op	  135284 B/op	    2048 allocs/op
BenchmarkMicroBatchBudget_Throughput/MainFastPathDisabled/Burst=2048-14     	    5318	    239732 ns/op	  132775 B/op	    2048 allocs/op
BenchmarkMicroBatchBudget_Throughput/MainFastPathDisabled/Burst=2048-14     	    5402	    239430 ns/op	  130810 B/op	    2048 allocs/op
BenchmarkMicroBatchBudget_Throughput/MainFastPathDisabled/Burst=4096-14     	    2319	    499113 ns/op	  248098 B/op	    4096 allocs/op
BenchmarkMicroBatchBudget_Throughput/MainFastPathDisabled/Burst=4096-14     	    2696	    477443 ns/op	  261921 B/op	    4096 allocs/op
BenchmarkMicroBatchBudget_Throughput/MainFastPathDisabled/Burst=4096-14     	    2643	    483109 ns/op	  265859 B/op	    4096 allocs/op
BenchmarkMicroBatchBudget_Throughput/MainFastPathDisabled/Burst=4096-14     	    2652	    485766 ns/op	  265334 B/op	    4096 allocs/op
BenchmarkMicroBatchBudget_Throughput/MainFastPathDisabled/Burst=4096-14     	    2761	    485084 ns/op	  260081 B/op	    4096 allocs/op
BenchmarkMicroBatchBudget_Throughput/AlternateOne/Burst=64-14               	  171489	      8152 ns/op	    1039 B/op	      64 allocs/op
BenchmarkMicroBatchBudget_Throughput/AlternateOne/Burst=64-14               	  174111	      6889 ns/op	    1283 B/op	      64 allocs/op
BenchmarkMicroBatchBudget_Throughput/AlternateOne/Burst=64-14               	  177836	      8202 ns/op	    1033 B/op	      64 allocs/op
BenchmarkMicroBatchBudget_Throughput/AlternateOne/Burst=64-14               	  176176	      8099 ns/op	    1041 B/op	      64 allocs/op
BenchmarkMicroBatchBudget_Throughput/AlternateOne/Burst=64-14               	  146948	      7090 ns/op	    1181 B/op	      64 allocs/op
BenchmarkMicroBatchBudget_Throughput/AlternateOne/Burst=128-14              	   87114	     13585 ns/op	    2572 B/op	     128 allocs/op
BenchmarkMicroBatchBudget_Throughput/AlternateOne/Burst=128-14              	   74044	     16134 ns/op	    2094 B/op	     128 allocs/op
BenchmarkMicroBatchBudget_Throughput/AlternateOne/Burst=128-14              	   74109	     14333 ns/op	    2316 B/op	     128 allocs/op
BenchmarkMicroBatchBudget_Throughput/AlternateOne/Burst=128-14              	   83835	     16393 ns/op	    2077 B/op	     128 allocs/op
BenchmarkMicroBatchBudget_Throughput/AlternateOne/Burst=128-14              	   73148	     16328 ns/op	    2073 B/op	     128 allocs/op
BenchmarkMicroBatchBudget_Throughput/AlternateOne/Burst=256-14              	   36531	     28744 ns/op	    4477 B/op	     256 allocs/op
BenchmarkMicroBatchBudget_Throughput/AlternateOne/Burst=256-14              	   44863	     31963 ns/op	    4150 B/op	     256 allocs/op
BenchmarkMicroBatchBudget_Throughput/AlternateOne/Burst=256-14              	   38731	     26984 ns/op	    5336 B/op	     256 allocs/op
BenchmarkMicroBatchBudget_Throughput/AlternateOne/Burst=256-14              	   43106	     27045 ns/op	    5209 B/op	     256 allocs/op
BenchmarkMicroBatchBudget_Throughput/AlternateOne/Burst=256-14              	   43964	     32262 ns/op	    4170 B/op	     256 allocs/op
BenchmarkMicroBatchBudget_Throughput/AlternateOne/Burst=512-14              	   22728	     64419 ns/op	    8347 B/op	     512 allocs/op
BenchmarkMicroBatchBudget_Throughput/AlternateOne/Burst=512-14              	   18590	     54795 ns/op	    9663 B/op	     512 allocs/op
BenchmarkMicroBatchBudget_Throughput/AlternateOne/Burst=512-14              	   22754	     64184 ns/op	    8319 B/op	     512 allocs/op
BenchmarkMicroBatchBudget_Throughput/AlternateOne/Burst=512-14              	   18730	     56358 ns/op	    9614 B/op	     512 allocs/op
BenchmarkMicroBatchBudget_Throughput/AlternateOne/Burst=512-14              	   22549	     54008 ns/op	    9638 B/op	     512 allocs/op
BenchmarkMicroBatchBudget_Throughput/AlternateOne/Burst=1024-14             	   10000	    106960 ns/op	   21256 B/op	    1025 allocs/op
BenchmarkMicroBatchBudget_Throughput/AlternateOne/Burst=1024-14             	   10000	    127826 ns/op	   16776 B/op	    1024 allocs/op
BenchmarkMicroBatchBudget_Throughput/AlternateOne/Burst=1024-14             	   10000	    127398 ns/op	   16646 B/op	    1024 allocs/op
BenchmarkMicroBatchBudget_Throughput/AlternateOne/Burst=1024-14             	    9098	    110187 ns/op	   19751 B/op	    1025 allocs/op
BenchmarkMicroBatchBudget_Throughput/AlternateOne/Burst=1024-14             	    9657	    111452 ns/op	   19618 B/op	    1025 allocs/op
BenchmarkMicroBatchBudget_Throughput/AlternateOne/Burst=2048-14             	    4603	    222095 ns/op	   39249 B/op	    2050 allocs/op
BenchmarkMicroBatchBudget_Throughput/AlternateOne/Burst=2048-14             	    4716	    221937 ns/op	   40381 B/op	    2050 allocs/op
BenchmarkMicroBatchBudget_Throughput/AlternateOne/Burst=2048-14             	    4664	    220769 ns/op	   41115 B/op	    2050 allocs/op
BenchmarkMicroBatchBudget_Throughput/AlternateOne/Burst=2048-14             	    5526	    211747 ns/op	   40358 B/op	    2050 allocs/op
BenchmarkMicroBatchBudget_Throughput/AlternateOne/Burst=2048-14             	    5354	    216834 ns/op	   41315 B/op	    2050 allocs/op
BenchmarkMicroBatchBudget_Throughput/AlternateOne/Burst=4096-14             	    2685	    429860 ns/op	   81330 B/op	    4101 allocs/op
BenchmarkMicroBatchBudget_Throughput/AlternateOne/Burst=4096-14             	    2659	    510225 ns/op	   66655 B/op	    4097 allocs/op
BenchmarkMicroBatchBudget_Throughput/AlternateOne/Burst=4096-14             	    2631	    512138 ns/op	   66386 B/op	    4096 allocs/op
BenchmarkMicroBatchBudget_Throughput/AlternateOne/Burst=4096-14             	    2794	    519947 ns/op	   66913 B/op	    4097 allocs/op
BenchmarkMicroBatchBudget_Throughput/AlternateOne/Burst=4096-14             	    2324	    431306 ns/op	   87291 B/op	    4103 allocs/op
BenchmarkMicroBatchBudget_Throughput/AlternateTwo/Burst=64-14               	  135400	      8036 ns/op	    1060 B/op	      64 allocs/op
BenchmarkMicroBatchBudget_Throughput/AlternateTwo/Burst=64-14               	  144552	      8502 ns/op	    1070 B/op	      64 allocs/op
BenchmarkMicroBatchBudget_Throughput/AlternateTwo/Burst=64-14               	  162648	      8305 ns/op	    1062 B/op	      64 allocs/op
BenchmarkMicroBatchBudget_Throughput/AlternateTwo/Burst=64-14               	  152113	      8301 ns/op	    1074 B/op	      64 allocs/op
BenchmarkMicroBatchBudget_Throughput/AlternateTwo/Burst=64-14               	  144855	      7964 ns/op	    1056 B/op	      64 allocs/op
BenchmarkMicroBatchBudget_Throughput/AlternateTwo/Burst=128-14              	   82702	     16602 ns/op	    2108 B/op	     128 allocs/op
BenchmarkMicroBatchBudget_Throughput/AlternateTwo/Burst=128-14              	   72763	     18984 ns/op	    2137 B/op	     128 allocs/op
BenchmarkMicroBatchBudget_Throughput/AlternateTwo/Burst=128-14              	   84463	     17751 ns/op	    2123 B/op	     128 allocs/op
BenchmarkMicroBatchBudget_Throughput/AlternateTwo/Burst=128-14              	   69292	     18422 ns/op	    2145 B/op	     128 allocs/op
BenchmarkMicroBatchBudget_Throughput/AlternateTwo/Burst=128-14              	   77482	     18650 ns/op	    2233 B/op	     129 allocs/op
BenchmarkMicroBatchBudget_Throughput/AlternateTwo/Burst=256-14              	   33043	     35068 ns/op	    4242 B/op	     256 allocs/op
BenchmarkMicroBatchBudget_Throughput/AlternateTwo/Burst=256-14              	   37570	     31931 ns/op	    4232 B/op	     256 allocs/op
BenchmarkMicroBatchBudget_Throughput/AlternateTwo/Burst=256-14              	   37276	     31079 ns/op	    4218 B/op	     256 allocs/op
BenchmarkMicroBatchBudget_Throughput/AlternateTwo/Burst=256-14              	   38046	     32350 ns/op	    4227 B/op	     256 allocs/op
BenchmarkMicroBatchBudget_Throughput/AlternateTwo/Burst=256-14              	   34828	     33253 ns/op	    4221 B/op	     256 allocs/op
BenchmarkMicroBatchBudget_Throughput/AlternateTwo/Burst=512-14              	   16862	     64727 ns/op	    8490 B/op	     512 allocs/op
BenchmarkMicroBatchBudget_Throughput/AlternateTwo/Burst=512-14              	   17012	     66074 ns/op	    8470 B/op	     513 allocs/op
BenchmarkMicroBatchBudget_Throughput/AlternateTwo/Burst=512-14              	   18606	     62638 ns/op	    8523 B/op	     513 allocs/op
BenchmarkMicroBatchBudget_Throughput/AlternateTwo/Burst=512-14              	   18744	     68702 ns/op	    8477 B/op	     513 allocs/op
BenchmarkMicroBatchBudget_Throughput/AlternateTwo/Burst=512-14              	   18248	     72122 ns/op	    8517 B/op	     513 allocs/op
BenchmarkMicroBatchBudget_Throughput/AlternateTwo/Burst=1024-14             	    9852	    132875 ns/op	   17147 B/op	    1029 allocs/op
BenchmarkMicroBatchBudget_Throughput/AlternateTwo/Burst=1024-14             	   10000	    133205 ns/op	   16841 B/op	    1025 allocs/op
BenchmarkMicroBatchBudget_Throughput/AlternateTwo/Burst=1024-14             	   10000	    125031 ns/op	   16782 B/op	    1025 allocs/op
BenchmarkMicroBatchBudget_Throughput/AlternateTwo/Burst=1024-14             	   10000	    130866 ns/op	   16820 B/op	    1025 allocs/op
BenchmarkMicroBatchBudget_Throughput/AlternateTwo/Burst=1024-14             	    8852	    124444 ns/op	   16749 B/op	    1024 allocs/op
BenchmarkMicroBatchBudget_Throughput/AlternateTwo/Burst=2048-14             	    4430	    264275 ns/op	   34106 B/op	    2056 allocs/op
BenchmarkMicroBatchBudget_Throughput/AlternateTwo/Burst=2048-14             	    5496	    254060 ns/op	   33616 B/op	    2051 allocs/op
BenchmarkMicroBatchBudget_Throughput/AlternateTwo/Burst=2048-14             	    7094	    255580 ns/op	   33616 B/op	    2050 allocs/op
BenchmarkMicroBatchBudget_Throughput/AlternateTwo/Burst=2048-14             	    5253	    246483 ns/op	   33598 B/op	    2051 allocs/op
BenchmarkMicroBatchBudget_Throughput/AlternateTwo/Burst=2048-14             	    5626	    265514 ns/op	   33510 B/op	    2051 allocs/op
BenchmarkMicroBatchBudget_Throughput/AlternateTwo/Burst=4096-14             	    2882	    525753 ns/op	   68563 B/op	    4116 allocs/op
BenchmarkMicroBatchBudget_Throughput/AlternateTwo/Burst=4096-14             	    2066	    495149 ns/op	   67261 B/op	    4100 allocs/op
BenchmarkMicroBatchBudget_Throughput/AlternateTwo/Burst=4096-14             	    2096	    483018 ns/op	   67342 B/op	    4103 allocs/op
BenchmarkMicroBatchBudget_Throughput/AlternateTwo/Burst=4096-14             	    2186	    498375 ns/op	   67215 B/op	    4101 allocs/op
BenchmarkMicroBatchBudget_Throughput/AlternateTwo/Burst=4096-14             	    2037	    506863 ns/op	   67484 B/op	    4103 allocs/op
BenchmarkMicroBatchBudget_Throughput/AlternateThree/Burst=64-14             	  357822	      3384 ns/op	    1027 B/op	      64 allocs/op
BenchmarkMicroBatchBudget_Throughput/AlternateThree/Burst=64-14             	  352896	      3417 ns/op	    1027 B/op	      64 allocs/op
BenchmarkMicroBatchBudget_Throughput/AlternateThree/Burst=64-14             	  347941	      3393 ns/op	    1027 B/op	      64 allocs/op
BenchmarkMicroBatchBudget_Throughput/AlternateThree/Burst=64-14             	  350790	      3463 ns/op	    1028 B/op	      64 allocs/op
BenchmarkMicroBatchBudget_Throughput/AlternateThree/Burst=64-14             	  350066	      3499 ns/op	    1028 B/op	      64 allocs/op
BenchmarkMicroBatchBudget_Throughput/AlternateThree/Burst=128-14            	  174403	      6853 ns/op	    2054 B/op	     128 allocs/op
BenchmarkMicroBatchBudget_Throughput/AlternateThree/Burst=128-14            	  167503	      6934 ns/op	    2054 B/op	     128 allocs/op
BenchmarkMicroBatchBudget_Throughput/AlternateThree/Burst=128-14            	  169339	      6908 ns/op	    2054 B/op	     128 allocs/op
BenchmarkMicroBatchBudget_Throughput/AlternateThree/Burst=128-14            	  177073	      6952 ns/op	    2055 B/op	     128 allocs/op
BenchmarkMicroBatchBudget_Throughput/AlternateThree/Burst=128-14            	  173164	      6927 ns/op	    2056 B/op	     128 allocs/op
BenchmarkMicroBatchBudget_Throughput/AlternateThree/Burst=256-14            	   85197	     13869 ns/op	    4112 B/op	     256 allocs/op
BenchmarkMicroBatchBudget_Throughput/AlternateThree/Burst=256-14            	   86815	     13867 ns/op	    4108 B/op	     256 allocs/op
BenchmarkMicroBatchBudget_Throughput/AlternateThree/Burst=256-14            	   85407	     13949 ns/op	    4114 B/op	     256 allocs/op
BenchmarkMicroBatchBudget_Throughput/AlternateThree/Burst=256-14            	   85996	     13865 ns/op	    4120 B/op	     256 allocs/op
BenchmarkMicroBatchBudget_Throughput/AlternateThree/Burst=256-14            	   85274	     13918 ns/op	    4112 B/op	     256 allocs/op
BenchmarkMicroBatchBudget_Throughput/AlternateThree/Burst=512-14            	   44170	     27868 ns/op	    8220 B/op	     512 allocs/op
BenchmarkMicroBatchBudget_Throughput/AlternateThree/Burst=512-14            	   43447	     28158 ns/op	    8220 B/op	     512 allocs/op
BenchmarkMicroBatchBudget_Throughput/AlternateThree/Burst=512-14            	   43204	     27643 ns/op	    8220 B/op	     512 allocs/op
BenchmarkMicroBatchBudget_Throughput/AlternateThree/Burst=512-14            	   44013	     27901 ns/op	    8220 B/op	     512 allocs/op
BenchmarkMicroBatchBudget_Throughput/AlternateThree/Burst=512-14            	   44772	     27469 ns/op	    8219 B/op	     512 allocs/op
BenchmarkMicroBatchBudget_Throughput/AlternateThree/Burst=1024-14           	   22146	     54801 ns/op	   16431 B/op	    1024 allocs/op
BenchmarkMicroBatchBudget_Throughput/AlternateThree/Burst=1024-14           	   21951	     54999 ns/op	   16427 B/op	    1024 allocs/op
BenchmarkMicroBatchBudget_Throughput/AlternateThree/Burst=1024-14           	   21692	     55449 ns/op	   16442 B/op	    1024 allocs/op
BenchmarkMicroBatchBudget_Throughput/AlternateThree/Burst=1024-14           	   22124	     55566 ns/op	   16434 B/op	    1024 allocs/op
BenchmarkMicroBatchBudget_Throughput/AlternateThree/Burst=1024-14           	   21757	     54937 ns/op	   16444 B/op	    1024 allocs/op
BenchmarkMicroBatchBudget_Throughput/AlternateThree/Burst=2048-14           	   10000	    110497 ns/op	   32891 B/op	    2048 allocs/op
BenchmarkMicroBatchBudget_Throughput/AlternateThree/Burst=2048-14           	   10000	    111225 ns/op	   32886 B/op	    2048 allocs/op
BenchmarkMicroBatchBudget_Throughput/AlternateThree/Burst=2048-14           	   10000	    108781 ns/op	   32881 B/op	    2048 allocs/op
BenchmarkMicroBatchBudget_Throughput/AlternateThree/Burst=2048-14           	   10000	    108693 ns/op	   32866 B/op	    2048 allocs/op
BenchmarkMicroBatchBudget_Throughput/AlternateThree/Burst=2048-14           	   10000	    110876 ns/op	   32870 B/op	    2048 allocs/op
BenchmarkMicroBatchBudget_Throughput/AlternateThree/Burst=4096-14           	    5455	    217971 ns/op	   65736 B/op	    4096 allocs/op
BenchmarkMicroBatchBudget_Throughput/AlternateThree/Burst=4096-14           	    5305	    218962 ns/op	   65762 B/op	    4096 allocs/op
BenchmarkMicroBatchBudget_Throughput/AlternateThree/Burst=4096-14           	    5445	    219455 ns/op	   65843 B/op	    4096 allocs/op
BenchmarkMicroBatchBudget_Throughput/AlternateThree/Burst=4096-14           	    5508	    220778 ns/op	   65754 B/op	    4096 allocs/op
BenchmarkMicroBatchBudget_Throughput/AlternateThree/Burst=4096-14           	    5176	    223643 ns/op	   65782 B/op	    4096 allocs/op
BenchmarkMicroBatchBudget_Throughput/Baseline/Burst=64-14                   	  177025	      7133 ns/op	    3586 B/op	     192 allocs/op
BenchmarkMicroBatchBudget_Throughput/Baseline/Burst=64-14                   	  185854	      6533 ns/op	    3585 B/op	     192 allocs/op
BenchmarkMicroBatchBudget_Throughput/Baseline/Burst=64-14                   	  175776	      6941 ns/op	    3592 B/op	     192 allocs/op
BenchmarkMicroBatchBudget_Throughput/Baseline/Burst=64-14                   	  215018	      6781 ns/op	    3585 B/op	     192 allocs/op
BenchmarkMicroBatchBudget_Throughput/Baseline/Burst=64-14                   	  220429	      6880 ns/op	    3586 B/op	     192 allocs/op
BenchmarkMicroBatchBudget_Throughput/Baseline/Burst=128-14                  	   88728	     14294 ns/op	    7172 B/op	     384 allocs/op
BenchmarkMicroBatchBudget_Throughput/Baseline/Burst=128-14                  	   91141	     13112 ns/op	    7177 B/op	     384 allocs/op
BenchmarkMicroBatchBudget_Throughput/Baseline/Burst=128-14                  	   86714	     13212 ns/op	    7174 B/op	     384 allocs/op
BenchmarkMicroBatchBudget_Throughput/Baseline/Burst=128-14                  	   89426	     13037 ns/op	    7175 B/op	     384 allocs/op
BenchmarkMicroBatchBudget_Throughput/Baseline/Burst=128-14                  	   86920	     13023 ns/op	    7174 B/op	     384 allocs/op
BenchmarkMicroBatchBudget_Throughput/Baseline/Burst=256-14                  	   45138	     27730 ns/op	   14361 B/op	     768 allocs/op
BenchmarkMicroBatchBudget_Throughput/Baseline/Burst=256-14                  	   41654	     28226 ns/op	   14347 B/op	     768 allocs/op
BenchmarkMicroBatchBudget_Throughput/Baseline/Burst=256-14                  	   52302	     27879 ns/op	   14348 B/op	     768 allocs/op
BenchmarkMicroBatchBudget_Throughput/Baseline/Burst=256-14                  	   44502	     27841 ns/op	   14343 B/op	     768 allocs/op
BenchmarkMicroBatchBudget_Throughput/Baseline/Burst=256-14                  	   43530	     29393 ns/op	   14346 B/op	     768 allocs/op
BenchmarkMicroBatchBudget_Throughput/Baseline/Burst=512-14                  	   28177	     56579 ns/op	   28703 B/op	    1536 allocs/op
BenchmarkMicroBatchBudget_Throughput/Baseline/Burst=512-14                  	   22354	     53231 ns/op	   28684 B/op	    1536 allocs/op
BenchmarkMicroBatchBudget_Throughput/Baseline/Burst=512-14                  	   22466	     55885 ns/op	   28682 B/op	    1536 allocs/op
BenchmarkMicroBatchBudget_Throughput/Baseline/Burst=512-14                  	   22138	     54616 ns/op	   28767 B/op	    1536 allocs/op
BenchmarkMicroBatchBudget_Throughput/Baseline/Burst=512-14                  	   27301	     52668 ns/op	   28708 B/op	    1536 allocs/op
BenchmarkMicroBatchBudget_Throughput/Baseline/Burst=1024-14                 	   10000	    111958 ns/op	   57365 B/op	    3072 allocs/op
BenchmarkMicroBatchBudget_Throughput/Baseline/Burst=1024-14                 	   13596	     99737 ns/op	   57392 B/op	    3072 allocs/op
BenchmarkMicroBatchBudget_Throughput/Baseline/Burst=1024-14                 	   10000	    108257 ns/op	   57380 B/op	    3072 allocs/op
BenchmarkMicroBatchBudget_Throughput/Baseline/Burst=1024-14                 	   10000	    104017 ns/op	   57386 B/op	    3072 allocs/op
BenchmarkMicroBatchBudget_Throughput/Baseline/Burst=1024-14                 	   12721	     93067 ns/op	   57361 B/op	    3072 allocs/op
BenchmarkMicroBatchBudget_Throughput/Baseline/Burst=2048-14                 	    6158	    223213 ns/op	  114726 B/op	    6144 allocs/op
BenchmarkMicroBatchBudget_Throughput/Baseline/Burst=2048-14                 	    5972	    224210 ns/op	  114797 B/op	    6144 allocs/op
BenchmarkMicroBatchBudget_Throughput/Baseline/Burst=2048-14                 	    5613	    214892 ns/op	  114864 B/op	    6144 allocs/op
BenchmarkMicroBatchBudget_Throughput/Baseline/Burst=2048-14                 	    6090	    220765 ns/op	  114851 B/op	    6144 allocs/op
BenchmarkMicroBatchBudget_Throughput/Baseline/Burst=2048-14                 	    6558	    215110 ns/op	  114819 B/op	    6144 allocs/op
BenchmarkMicroBatchBudget_Throughput/Baseline/Burst=4096-14                 	    2596	    438811 ns/op	  229538 B/op	   12288 allocs/op
BenchmarkMicroBatchBudget_Throughput/Baseline/Burst=4096-14                 	    3588	    351885 ns/op	  230019 B/op	   12288 allocs/op
BenchmarkMicroBatchBudget_Throughput/Baseline/Burst=4096-14                 	    2704	    387877 ns/op	  229550 B/op	   12288 allocs/op
BenchmarkMicroBatchBudget_Throughput/Baseline/Burst=4096-14                 	    3422	    362123 ns/op	  229532 B/op	   12288 allocs/op
BenchmarkMicroBatchBudget_Throughput/Baseline/Burst=4096-14                 	    2880	    444670 ns/op	  229537 B/op	   12288 allocs/op
BenchmarkMicroBatchBudget_Latency/Main/Burst=64-14                          	   47242	     25277 ns/op	    1152 B/op	      66 allocs/op
BenchmarkMicroBatchBudget_Latency/Main/Burst=64-14                          	   47524	     25446 ns/op	    1152 B/op	      66 allocs/op
BenchmarkMicroBatchBudget_Latency/Main/Burst=64-14                          	   47659	     25329 ns/op	    1152 B/op	      66 allocs/op
BenchmarkMicroBatchBudget_Latency/Main/Burst=64-14                          	   47611	     25129 ns/op	    1152 B/op	      66 allocs/op
BenchmarkMicroBatchBudget_Latency/Main/Burst=64-14                          	   47602	     24983 ns/op	    1152 B/op	      66 allocs/op
BenchmarkMicroBatchBudget_Latency/Main/Burst=128-14                         	   24450	     49675 ns/op	    2178 B/op	     130 allocs/op
BenchmarkMicroBatchBudget_Latency/Main/Burst=128-14                         	   24446	     49340 ns/op	    2178 B/op	     130 allocs/op
BenchmarkMicroBatchBudget_Latency/Main/Burst=128-14                         	   24867	     49804 ns/op	    2178 B/op	     130 allocs/op
BenchmarkMicroBatchBudget_Latency/Main/Burst=128-14                         	   24242	     48909 ns/op	    2178 B/op	     130 allocs/op
BenchmarkMicroBatchBudget_Latency/Main/Burst=128-14                         	   23949	     49850 ns/op	    2178 B/op	     130 allocs/op
BenchmarkMicroBatchBudget_Latency/Main/Burst=256-14                         	   10000	    103584 ns/op	    4232 B/op	     258 allocs/op
BenchmarkMicroBatchBudget_Latency/Main/Burst=256-14                         	   10000	    103587 ns/op	    4232 B/op	     258 allocs/op
BenchmarkMicroBatchBudget_Latency/Main/Burst=256-14                         	   10000	    102472 ns/op	    4232 B/op	     258 allocs/op
BenchmarkMicroBatchBudget_Latency/Main/Burst=256-14                         	   12168	     96459 ns/op	    4231 B/op	     258 allocs/op
BenchmarkMicroBatchBudget_Latency/Main/Burst=256-14                         	   12426	     96915 ns/op	    4231 B/op	     258 allocs/op
BenchmarkMicroBatchBudget_Latency/Main/Burst=512-14                         	    6272	    195906 ns/op	    8345 B/op	     514 allocs/op
BenchmarkMicroBatchBudget_Latency/Main/Burst=512-14                         	    6110	    201267 ns/op	    8341 B/op	     514 allocs/op
BenchmarkMicroBatchBudget_Latency/Main/Burst=512-14                         	    6109	    192172 ns/op	    8341 B/op	     514 allocs/op
BenchmarkMicroBatchBudget_Latency/Main/Burst=512-14                         	    6505	    192883 ns/op	    8340 B/op	     514 allocs/op
BenchmarkMicroBatchBudget_Latency/Main/Burst=512-14                         	    6205	    193788 ns/op	    8341 B/op	     514 allocs/op
BenchmarkMicroBatchBudget_Latency/Main/Burst=1024-14                        	    3144	    383032 ns/op	   16625 B/op	    1026 allocs/op
BenchmarkMicroBatchBudget_Latency/Main/Burst=1024-14                        	    3182	    388456 ns/op	   16623 B/op	    1026 allocs/op
BenchmarkMicroBatchBudget_Latency/Main/Burst=1024-14                        	    2934	    397663 ns/op	   16631 B/op	    1026 allocs/op
BenchmarkMicroBatchBudget_Latency/Main/Burst=1024-14                        	    2896	    412923 ns/op	   16634 B/op	    1026 allocs/op
BenchmarkMicroBatchBudget_Latency/Main/Burst=1024-14                        	    2893	    405247 ns/op	   16634 B/op	    1026 allocs/op
BenchmarkMicroBatchBudget_Latency/Main/Burst=2048-14                        	    1491	    818535 ns/op	   33446 B/op	    2050 allocs/op
BenchmarkMicroBatchBudget_Latency/Main/Burst=2048-14                        	    1484	    816201 ns/op	   33428 B/op	    2050 allocs/op
BenchmarkMicroBatchBudget_Latency/Main/Burst=2048-14                        	    1477	    815851 ns/op	   33428 B/op	    2050 allocs/op
BenchmarkMicroBatchBudget_Latency/Main/Burst=2048-14                        	    1486	    812210 ns/op	   33447 B/op	    2050 allocs/op
BenchmarkMicroBatchBudget_Latency/Main/Burst=2048-14                        	    1467	    815416 ns/op	   33434 B/op	    2050 allocs/op
BenchmarkMicroBatchBudget_Latency/Main/Burst=4096-14                        	     736	   1629523 ns/op	   67279 B/op	    4098 allocs/op
BenchmarkMicroBatchBudget_Latency/Main/Burst=4096-14                        	     741	   1631637 ns/op	   67267 B/op	    4098 allocs/op
BenchmarkMicroBatchBudget_Latency/Main/Burst=4096-14                        	     734	   1622936 ns/op	   67286 B/op	    4098 allocs/op
BenchmarkMicroBatchBudget_Latency/Main/Burst=4096-14                        	     746	   1626454 ns/op	   67818 B/op	    4098 allocs/op
BenchmarkMicroBatchBudget_Latency/Main/Burst=4096-14                        	     736	   1622740 ns/op	   67848 B/op	    4098 allocs/op
BenchmarkMicroBatchBudget_Latency/MainFastPathForced/Burst=64-14            	   47697	     25408 ns/op	    1152 B/op	      66 allocs/op
BenchmarkMicroBatchBudget_Latency/MainFastPathForced/Burst=64-14            	   47328	     25429 ns/op	    1152 B/op	      66 allocs/op
BenchmarkMicroBatchBudget_Latency/MainFastPathForced/Burst=64-14            	   47120	     25288 ns/op	    1153 B/op	      66 allocs/op
BenchmarkMicroBatchBudget_Latency/MainFastPathForced/Burst=64-14            	   46688	     25273 ns/op	    1152 B/op	      66 allocs/op
BenchmarkMicroBatchBudget_Latency/MainFastPathForced/Burst=64-14            	   47065	     25431 ns/op	    1152 B/op	      66 allocs/op
BenchmarkMicroBatchBudget_Latency/MainFastPathForced/Burst=128-14           	   24268	     49614 ns/op	    2178 B/op	     130 allocs/op
BenchmarkMicroBatchBudget_Latency/MainFastPathForced/Burst=128-14           	   24236	     49348 ns/op	    2178 B/op	     130 allocs/op
BenchmarkMicroBatchBudget_Latency/MainFastPathForced/Burst=128-14           	   24210	     49745 ns/op	    2178 B/op	     130 allocs/op
BenchmarkMicroBatchBudget_Latency/MainFastPathForced/Burst=128-14           	   24248	     49815 ns/op	    2178 B/op	     130 allocs/op
BenchmarkMicroBatchBudget_Latency/MainFastPathForced/Burst=128-14           	   24223	     49775 ns/op	    2178 B/op	     130 allocs/op
BenchmarkMicroBatchBudget_Latency/MainFastPathForced/Burst=256-14           	   12229	     98392 ns/op	    4230 B/op	     258 allocs/op
BenchmarkMicroBatchBudget_Latency/MainFastPathForced/Burst=256-14           	   12234	     99944 ns/op	    4231 B/op	     258 allocs/op
BenchmarkMicroBatchBudget_Latency/MainFastPathForced/Burst=256-14           	   12184	     98725 ns/op	    4231 B/op	     258 allocs/op
BenchmarkMicroBatchBudget_Latency/MainFastPathForced/Burst=256-14           	   12211	     98391 ns/op	    4230 B/op	     258 allocs/op
BenchmarkMicroBatchBudget_Latency/MainFastPathForced/Burst=256-14           	   12196	     98464 ns/op	    4230 B/op	     258 allocs/op
BenchmarkMicroBatchBudget_Latency/MainFastPathForced/Burst=512-14           	    6012	    198868 ns/op	    8341 B/op	     514 allocs/op
BenchmarkMicroBatchBudget_Latency/MainFastPathForced/Burst=512-14           	    5974	    198116 ns/op	    8345 B/op	     514 allocs/op
BenchmarkMicroBatchBudget_Latency/MainFastPathForced/Burst=512-14           	    6399	    195835 ns/op	    8343 B/op	     514 allocs/op
BenchmarkMicroBatchBudget_Latency/MainFastPathForced/Burst=512-14           	    5672	    201226 ns/op	    8343 B/op	     514 allocs/op
BenchmarkMicroBatchBudget_Latency/MainFastPathForced/Burst=512-14           	    6140	    198367 ns/op	    8341 B/op	     514 allocs/op
BenchmarkMicroBatchBudget_Latency/MainFastPathForced/Burst=1024-14          	    2906	    403287 ns/op	   16634 B/op	    1026 allocs/op
BenchmarkMicroBatchBudget_Latency/MainFastPathForced/Burst=1024-14          	    2923	    403896 ns/op	   16633 B/op	    1026 allocs/op
BenchmarkMicroBatchBudget_Latency/MainFastPathForced/Burst=1024-14          	    2965	    402358 ns/op	   16631 B/op	    1026 allocs/op
BenchmarkMicroBatchBudget_Latency/MainFastPathForced/Burst=1024-14          	    3034	    405016 ns/op	   16628 B/op	    1026 allocs/op
BenchmarkMicroBatchBudget_Latency/MainFastPathForced/Burst=1024-14          	    2971	    403880 ns/op	   16630 B/op	    1026 allocs/op
BenchmarkMicroBatchBudget_Latency/MainFastPathForced/Burst=2048-14          	    1464	    812053 ns/op	   33456 B/op	    2050 allocs/op
BenchmarkMicroBatchBudget_Latency/MainFastPathForced/Burst=2048-14          	    1472	    820070 ns/op	   33430 B/op	    2050 allocs/op
BenchmarkMicroBatchBudget_Latency/MainFastPathForced/Burst=2048-14          	    1462	    815836 ns/op	   33274 B/op	    2050 allocs/op
BenchmarkMicroBatchBudget_Latency/MainFastPathForced/Burst=2048-14          	    1458	    820706 ns/op	   33273 B/op	    2050 allocs/op
BenchmarkMicroBatchBudget_Latency/MainFastPathForced/Burst=2048-14          	    1471	    784084 ns/op	   33430 B/op	    2050 allocs/op
BenchmarkMicroBatchBudget_Latency/MainFastPathForced/Burst=4096-14          	     783	   1535672 ns/op	   67714 B/op	    4098 allocs/op
BenchmarkMicroBatchBudget_Latency/MainFastPathForced/Burst=4096-14          	     718	   1639895 ns/op	   67900 B/op	    4098 allocs/op
BenchmarkMicroBatchBudget_Latency/MainFastPathForced/Burst=4096-14          	     714	   1622243 ns/op	   67912 B/op	    4098 allocs/op
BenchmarkMicroBatchBudget_Latency/MainFastPathForced/Burst=4096-14          	     740	   1632931 ns/op	   67833 B/op	    4098 allocs/op
BenchmarkMicroBatchBudget_Latency/MainFastPathForced/Burst=4096-14          	     712	   1641804 ns/op	   67927 B/op	    4098 allocs/op
BenchmarkMicroBatchBudget_Latency/MainFastPathDisabled/Burst=64-14          	   34000	     33483 ns/op	    1179 B/op	      67 allocs/op
BenchmarkMicroBatchBudget_Latency/MainFastPathDisabled/Burst=64-14          	   39127	     34224 ns/op	    1178 B/op	      67 allocs/op
BenchmarkMicroBatchBudget_Latency/MainFastPathDisabled/Burst=64-14          	   33162	     31730 ns/op	    1180 B/op	      67 allocs/op
BenchmarkMicroBatchBudget_Latency/MainFastPathDisabled/Burst=64-14          	   38912	     31972 ns/op	    1180 B/op	      67 allocs/op
BenchmarkMicroBatchBudget_Latency/MainFastPathDisabled/Burst=64-14          	   36372	     36035 ns/op	    1182 B/op	      67 allocs/op
BenchmarkMicroBatchBudget_Latency/MainFastPathDisabled/Burst=128-14         	   20440	     59708 ns/op	    2207 B/op	     131 allocs/op
BenchmarkMicroBatchBudget_Latency/MainFastPathDisabled/Burst=128-14         	   20301	     58649 ns/op	    2208 B/op	     131 allocs/op
BenchmarkMicroBatchBudget_Latency/MainFastPathDisabled/Burst=128-14         	   20498	     58890 ns/op	    2207 B/op	     131 allocs/op
BenchmarkMicroBatchBudget_Latency/MainFastPathDisabled/Burst=128-14         	   19779	     63285 ns/op	    2206 B/op	     131 allocs/op
BenchmarkMicroBatchBudget_Latency/MainFastPathDisabled/Burst=128-14         	   19555	     66458 ns/op	    2207 B/op	     131 allocs/op
BenchmarkMicroBatchBudget_Latency/MainFastPathDisabled/Burst=256-14         	   10000	    111145 ns/op	    4261 B/op	     259 allocs/op
BenchmarkMicroBatchBudget_Latency/MainFastPathDisabled/Burst=256-14         	   10000	    112760 ns/op	    4258 B/op	     259 allocs/op
BenchmarkMicroBatchBudget_Latency/MainFastPathDisabled/Burst=256-14         	   10000	    106447 ns/op	    4258 B/op	     259 allocs/op
BenchmarkMicroBatchBudget_Latency/MainFastPathDisabled/Burst=256-14         	   10000	    110039 ns/op	    4260 B/op	     259 allocs/op
BenchmarkMicroBatchBudget_Latency/MainFastPathDisabled/Burst=256-14         	   10000	    111688 ns/op	    4260 B/op	     259 allocs/op
BenchmarkMicroBatchBudget_Latency/MainFastPathDisabled/Burst=512-14         	    5779	    214075 ns/op	    8372 B/op	     515 allocs/op
BenchmarkMicroBatchBudget_Latency/MainFastPathDisabled/Burst=512-14         	    5702	    209551 ns/op	    8371 B/op	     515 allocs/op
BenchmarkMicroBatchBudget_Latency/MainFastPathDisabled/Burst=512-14         	    5780	    210180 ns/op	    8370 B/op	     515 allocs/op
BenchmarkMicroBatchBudget_Latency/MainFastPathDisabled/Burst=512-14         	    5906	    213345 ns/op	    8369 B/op	     515 allocs/op
BenchmarkMicroBatchBudget_Latency/MainFastPathDisabled/Burst=512-14         	    5708	    213331 ns/op	    8369 B/op	     515 allocs/op
BenchmarkMicroBatchBudget_Latency/MainFastPathDisabled/Burst=1024-14        	    2884	    416002 ns/op	   16660 B/op	    1027 allocs/op
BenchmarkMicroBatchBudget_Latency/MainFastPathDisabled/Burst=1024-14        	    2935	    411763 ns/op	   16658 B/op	    1027 allocs/op
BenchmarkMicroBatchBudget_Latency/MainFastPathDisabled/Burst=1024-14        	    2881	    410762 ns/op	   16660 B/op	    1027 allocs/op
BenchmarkMicroBatchBudget_Latency/MainFastPathDisabled/Burst=1024-14        	    2898	    389117 ns/op	   16658 B/op	    1027 allocs/op
BenchmarkMicroBatchBudget_Latency/MainFastPathDisabled/Burst=1024-14        	    3162	    410721 ns/op	   16648 B/op	    1027 allocs/op
BenchmarkMicroBatchBudget_Latency/MainFastPathDisabled/Burst=2048-14        	    1424	    822933 ns/op	   33469 B/op	    2051 allocs/op
BenchmarkMicroBatchBudget_Latency/MainFastPathDisabled/Burst=2048-14        	    1405	    830300 ns/op	   33480 B/op	    2051 allocs/op
BenchmarkMicroBatchBudget_Latency/MainFastPathDisabled/Burst=2048-14        	    1414	    829803 ns/op	   33476 B/op	    2051 allocs/op
BenchmarkMicroBatchBudget_Latency/MainFastPathDisabled/Burst=2048-14        	    1461	    829328 ns/op	   33459 B/op	    2051 allocs/op
BenchmarkMicroBatchBudget_Latency/MainFastPathDisabled/Burst=2048-14        	    1428	    823921 ns/op	   33472 B/op	    2051 allocs/op
BenchmarkMicroBatchBudget_Latency/MainFastPathDisabled/Burst=4096-14        	     730	   1658460 ns/op	   67312 B/op	    4099 allocs/op
BenchmarkMicroBatchBudget_Latency/MainFastPathDisabled/Burst=4096-14        	     733	   1656025 ns/op	   67874 B/op	    4099 allocs/op
BenchmarkMicroBatchBudget_Latency/MainFastPathDisabled/Burst=4096-14        	     734	   1647669 ns/op	   67872 B/op	    4099 allocs/op
BenchmarkMicroBatchBudget_Latency/MainFastPathDisabled/Burst=4096-14        	     711	   1633340 ns/op	   67942 B/op	    4099 allocs/op
BenchmarkMicroBatchBudget_Latency/MainFastPathDisabled/Burst=4096-14        	     716	   1554421 ns/op	   66898 B/op	    4099 allocs/op
BenchmarkMicroBatchBudget_Latency/AlternateOne/Burst=64-14                  	   88135	     13555 ns/op	    1152 B/op	      66 allocs/op
BenchmarkMicroBatchBudget_Latency/AlternateOne/Burst=64-14                  	   95478	     13930 ns/op	    1152 B/op	      66 allocs/op
BenchmarkMicroBatchBudget_Latency/AlternateOne/Burst=64-14                  	  100086	     18590 ns/op	    1152 B/op	      66 allocs/op
BenchmarkMicroBatchBudget_Latency/AlternateOne/Burst=64-14                  	   95528	     13649 ns/op	    1152 B/op	      66 allocs/op
BenchmarkMicroBatchBudget_Latency/AlternateOne/Burst=64-14                  	   88705	     13703 ns/op	    1152 B/op	      66 allocs/op
BenchmarkMicroBatchBudget_Latency/AlternateOne/Burst=128-14                 	   79401	     15521 ns/op	    2176 B/op	     130 allocs/op
BenchmarkMicroBatchBudget_Latency/AlternateOne/Burst=128-14                 	   74506	     16434 ns/op	    2176 B/op	     130 allocs/op
BenchmarkMicroBatchBudget_Latency/AlternateOne/Burst=128-14                 	   81414	     14752 ns/op	    2176 B/op	     130 allocs/op
BenchmarkMicroBatchBudget_Latency/AlternateOne/Burst=128-14                 	   80598	     14711 ns/op	    2176 B/op	     130 allocs/op
BenchmarkMicroBatchBudget_Latency/AlternateOne/Burst=128-14                 	   81319	     14779 ns/op	    2176 B/op	     130 allocs/op
BenchmarkMicroBatchBudget_Latency/AlternateOne/Burst=256-14                 	   42132	     28445 ns/op	    4238 B/op	     258 allocs/op
BenchmarkMicroBatchBudget_Latency/AlternateOne/Burst=256-14                 	   43016	     29071 ns/op	    4237 B/op	     258 allocs/op
BenchmarkMicroBatchBudget_Latency/AlternateOne/Burst=256-14                 	   43225	     28901 ns/op	    4236 B/op	     258 allocs/op
BenchmarkMicroBatchBudget_Latency/AlternateOne/Burst=256-14                 	   42355	     27894 ns/op	    4239 B/op	     258 allocs/op
BenchmarkMicroBatchBudget_Latency/AlternateOne/Burst=256-14                 	   42555	     28080 ns/op	    4240 B/op	     258 allocs/op
BenchmarkMicroBatchBudget_Latency/AlternateOne/Burst=512-14                 	   19656	     54806 ns/op	    8353 B/op	     514 allocs/op
BenchmarkMicroBatchBudget_Latency/AlternateOne/Burst=512-14                 	   22065	     60705 ns/op	    8348 B/op	     514 allocs/op
BenchmarkMicroBatchBudget_Latency/AlternateOne/Burst=512-14                 	   19743	     54383 ns/op	    8353 B/op	     514 allocs/op
BenchmarkMicroBatchBudget_Latency/AlternateOne/Burst=512-14                 	   21814	     61485 ns/op	    8347 B/op	     514 allocs/op
BenchmarkMicroBatchBudget_Latency/AlternateOne/Burst=512-14                 	   22190	     53842 ns/op	    8351 B/op	     514 allocs/op
BenchmarkMicroBatchBudget_Latency/AlternateOne/Burst=1024-14                	   10000	    108227 ns/op	   16580 B/op	    1026 allocs/op
BenchmarkMicroBatchBudget_Latency/AlternateOne/Burst=1024-14                	   10000	    123817 ns/op	   16566 B/op	    1026 allocs/op
BenchmarkMicroBatchBudget_Latency/AlternateOne/Burst=1024-14                	   10000	    126294 ns/op	   16575 B/op	    1026 allocs/op
BenchmarkMicroBatchBudget_Latency/AlternateOne/Burst=1024-14                	    9748	    126361 ns/op	   16572 B/op	    1026 allocs/op
BenchmarkMicroBatchBudget_Latency/AlternateOne/Burst=1024-14                	    9580	    124786 ns/op	   16574 B/op	    1026 allocs/op
BenchmarkMicroBatchBudget_Latency/AlternateOne/Burst=2048-14                	    5589	    249805 ns/op	   33036 B/op	    2050 allocs/op
BenchmarkMicroBatchBudget_Latency/AlternateOne/Burst=2048-14                	    5626	    251676 ns/op	   33048 B/op	    2050 allocs/op
BenchmarkMicroBatchBudget_Latency/AlternateOne/Burst=2048-14                	    5649	    255570 ns/op	   33048 B/op	    2050 allocs/op
BenchmarkMicroBatchBudget_Latency/AlternateOne/Burst=2048-14                	    5583	    255702 ns/op	   33053 B/op	    2050 allocs/op
BenchmarkMicroBatchBudget_Latency/AlternateOne/Burst=2048-14                	    4804	    216487 ns/op	   33051 B/op	    2050 allocs/op
BenchmarkMicroBatchBudget_Latency/AlternateOne/Burst=4096-14                	    2382	    441574 ns/op	   66103 B/op	    4098 allocs/op
BenchmarkMicroBatchBudget_Latency/AlternateOne/Burst=4096-14                	    2761	    435019 ns/op	   66071 B/op	    4098 allocs/op
BenchmarkMicroBatchBudget_Latency/AlternateOne/Burst=4096-14                	    2811	    434246 ns/op	   66064 B/op	    4098 allocs/op
BenchmarkMicroBatchBudget_Latency/AlternateOne/Burst=4096-14                	    2770	    506626 ns/op	   66087 B/op	    4098 allocs/op
BenchmarkMicroBatchBudget_Latency/AlternateOne/Burst=4096-14                	    2686	    502174 ns/op	   66135 B/op	    4098 allocs/op
BenchmarkMicroBatchBudget_Latency/AlternateTwo/Burst=64-14                  	   88441	     13741 ns/op	    1158 B/op	      66 allocs/op
BenchmarkMicroBatchBudget_Latency/AlternateTwo/Burst=64-14                  	   86174	     14412 ns/op	    1157 B/op	      66 allocs/op
BenchmarkMicroBatchBudget_Latency/AlternateTwo/Burst=64-14                  	   87795	     13883 ns/op	    1157 B/op	      66 allocs/op
BenchmarkMicroBatchBudget_Latency/AlternateTwo/Burst=64-14                  	   87510	     14209 ns/op	    1156 B/op	      66 allocs/op
BenchmarkMicroBatchBudget_Latency/AlternateTwo/Burst=64-14                  	   83835	     13915 ns/op	    1156 B/op	      66 allocs/op
BenchmarkMicroBatchBudget_Latency/AlternateTwo/Burst=128-14                 	   58975	     19762 ns/op	    2194 B/op	     130 allocs/op
BenchmarkMicroBatchBudget_Latency/AlternateTwo/Burst=128-14                 	   61652	     19598 ns/op	    2190 B/op	     130 allocs/op
BenchmarkMicroBatchBudget_Latency/AlternateTwo/Burst=128-14                 	   64808	     19419 ns/op	    2190 B/op	     130 allocs/op
BenchmarkMicroBatchBudget_Latency/AlternateTwo/Burst=128-14                 	   61675	     19417 ns/op	    2190 B/op	     130 allocs/op
BenchmarkMicroBatchBudget_Latency/AlternateTwo/Burst=128-14                 	   65124	     19683 ns/op	    2190 B/op	     130 allocs/op
BenchmarkMicroBatchBudget_Latency/AlternateTwo/Burst=256-14                 	   36295	     34748 ns/op	    4274 B/op	     258 allocs/op
BenchmarkMicroBatchBudget_Latency/AlternateTwo/Burst=256-14                 	   36110	     34233 ns/op	    4266 B/op	     258 allocs/op
BenchmarkMicroBatchBudget_Latency/AlternateTwo/Burst=256-14                 	   35594	     34151 ns/op	    4265 B/op	     258 allocs/op
BenchmarkMicroBatchBudget_Latency/AlternateTwo/Burst=256-14                 	   36438	     34317 ns/op	    4264 B/op	     258 allocs/op
BenchmarkMicroBatchBudget_Latency/AlternateTwo/Burst=256-14                 	   35505	     35581 ns/op	    4266 B/op	     258 allocs/op
BenchmarkMicroBatchBudget_Latency/AlternateTwo/Burst=512-14                 	   16610	     70416 ns/op	    8475 B/op	     514 allocs/op
BenchmarkMicroBatchBudget_Latency/AlternateTwo/Burst=512-14                 	   18837	     68789 ns/op	    8463 B/op	     514 allocs/op
BenchmarkMicroBatchBudget_Latency/AlternateTwo/Burst=512-14                 	   20196	     64591 ns/op	    8452 B/op	     514 allocs/op
BenchmarkMicroBatchBudget_Latency/AlternateTwo/Burst=512-14                 	   17840	     63492 ns/op	    8439 B/op	     514 allocs/op
BenchmarkMicroBatchBudget_Latency/AlternateTwo/Burst=512-14                 	   18469	     63809 ns/op	    8464 B/op	     514 allocs/op
BenchmarkMicroBatchBudget_Latency/AlternateTwo/Burst=1024-14                	   10000	    133341 ns/op	   16937 B/op	    1027 allocs/op
BenchmarkMicroBatchBudget_Latency/AlternateTwo/Burst=1024-14                	   10000	    129853 ns/op	   16812 B/op	    1026 allocs/op
BenchmarkMicroBatchBudget_Latency/AlternateTwo/Burst=1024-14                	    8432	    133052 ns/op	   16899 B/op	    1026 allocs/op
BenchmarkMicroBatchBudget_Latency/AlternateTwo/Burst=1024-14                	   10000	    128158 ns/op	   16833 B/op	    1026 allocs/op
BenchmarkMicroBatchBudget_Latency/AlternateTwo/Burst=1024-14                	    8334	    120505 ns/op	   16841 B/op	    1026 allocs/op
BenchmarkMicroBatchBudget_Latency/AlternateTwo/Burst=2048-14                	    5722	    247592 ns/op	   33860 B/op	    2052 allocs/op
BenchmarkMicroBatchBudget_Latency/AlternateTwo/Burst=2048-14                	    4792	    239390 ns/op	   33600 B/op	    2051 allocs/op
BenchmarkMicroBatchBudget_Latency/AlternateTwo/Burst=2048-14                	    6146	    243139 ns/op	   33496 B/op	    2051 allocs/op
BenchmarkMicroBatchBudget_Latency/AlternateTwo/Burst=2048-14                	    4195	    240446 ns/op	   33652 B/op	    2052 allocs/op
BenchmarkMicroBatchBudget_Latency/AlternateTwo/Burst=2048-14                	    4651	    247228 ns/op	   33495 B/op	    2051 allocs/op
BenchmarkMicroBatchBudget_Latency/AlternateTwo/Burst=4096-14                	    2372	    511507 ns/op	   67641 B/op	    4105 allocs/op
BenchmarkMicroBatchBudget_Latency/AlternateTwo/Burst=4096-14                	    2308	    494771 ns/op	   67121 B/op	    4102 allocs/op
BenchmarkMicroBatchBudget_Latency/AlternateTwo/Burst=4096-14                	    2570	    523515 ns/op	   67531 B/op	    4104 allocs/op
BenchmarkMicroBatchBudget_Latency/AlternateTwo/Burst=4096-14                	    2366	    516662 ns/op	   67269 B/op	    4102 allocs/op
BenchmarkMicroBatchBudget_Latency/AlternateTwo/Burst=4096-14                	    2428	    497277 ns/op	   67073 B/op	    4102 allocs/op
BenchmarkMicroBatchBudget_Latency/AlternateThree/Burst=64-14                	   98584	     12220 ns/op	    1152 B/op	      66 allocs/op
BenchmarkMicroBatchBudget_Latency/AlternateThree/Burst=64-14                	   98576	     12260 ns/op	    1152 B/op	      66 allocs/op
BenchmarkMicroBatchBudget_Latency/AlternateThree/Burst=64-14                	   98726	     12215 ns/op	    1152 B/op	      66 allocs/op
BenchmarkMicroBatchBudget_Latency/AlternateThree/Burst=64-14                	   97604	     12289 ns/op	    1152 B/op	      66 allocs/op
BenchmarkMicroBatchBudget_Latency/AlternateThree/Burst=64-14                	   97485	     12327 ns/op	    1152 B/op	      66 allocs/op
BenchmarkMicroBatchBudget_Latency/AlternateThree/Burst=128-14               	   89757	     13677 ns/op	    2176 B/op	     130 allocs/op
BenchmarkMicroBatchBudget_Latency/AlternateThree/Burst=128-14               	   89282	     13448 ns/op	    2176 B/op	     130 allocs/op
BenchmarkMicroBatchBudget_Latency/AlternateThree/Burst=128-14               	   90414	     13298 ns/op	    2176 B/op	     130 allocs/op
BenchmarkMicroBatchBudget_Latency/AlternateThree/Burst=128-14               	   90171	     13398 ns/op	    2176 B/op	     130 allocs/op
BenchmarkMicroBatchBudget_Latency/AlternateThree/Burst=128-14               	   86439	     13453 ns/op	    2176 B/op	     130 allocs/op
BenchmarkMicroBatchBudget_Latency/AlternateThree/Burst=256-14               	   65046	     18525 ns/op	    4230 B/op	     258 allocs/op
BenchmarkMicroBatchBudget_Latency/AlternateThree/Burst=256-14               	   61262	     20752 ns/op	    4230 B/op	     258 allocs/op
BenchmarkMicroBatchBudget_Latency/AlternateThree/Burst=256-14               	   54360	     20367 ns/op	    4230 B/op	     258 allocs/op
BenchmarkMicroBatchBudget_Latency/AlternateThree/Burst=256-14               	   55716	     18488 ns/op	    4230 B/op	     258 allocs/op
BenchmarkMicroBatchBudget_Latency/AlternateThree/Burst=256-14               	   67002	     18992 ns/op	    4230 B/op	     258 allocs/op
BenchmarkMicroBatchBudget_Latency/AlternateThree/Burst=512-14               	   32958	     35759 ns/op	    8333 B/op	     514 allocs/op
BenchmarkMicroBatchBudget_Latency/AlternateThree/Burst=512-14               	   33873	     35904 ns/op	    8333 B/op	     514 allocs/op
BenchmarkMicroBatchBudget_Latency/AlternateThree/Burst=512-14               	   33920	     35881 ns/op	    8333 B/op	     514 allocs/op
BenchmarkMicroBatchBudget_Latency/AlternateThree/Burst=512-14               	   33061	     35941 ns/op	    8333 B/op	     514 allocs/op
BenchmarkMicroBatchBudget_Latency/AlternateThree/Burst=512-14               	   33865	     36437 ns/op	    8334 B/op	     514 allocs/op
BenchmarkMicroBatchBudget_Latency/AlternateThree/Burst=1024-14              	   18310	     66478 ns/op	   16542 B/op	    1026 allocs/op
BenchmarkMicroBatchBudget_Latency/AlternateThree/Burst=1024-14              	   18223	     67266 ns/op	   16542 B/op	    1026 allocs/op
BenchmarkMicroBatchBudget_Latency/AlternateThree/Burst=1024-14              	   18092	     66494 ns/op	   16543 B/op	    1026 allocs/op
BenchmarkMicroBatchBudget_Latency/AlternateThree/Burst=1024-14              	   18064	     66669 ns/op	   16542 B/op	    1026 allocs/op
BenchmarkMicroBatchBudget_Latency/AlternateThree/Burst=1024-14              	   17868	     69593 ns/op	   16541 B/op	    1026 allocs/op
BenchmarkMicroBatchBudget_Latency/AlternateThree/Burst=2048-14              	    9508	    124354 ns/op	   32966 B/op	    2050 allocs/op
BenchmarkMicroBatchBudget_Latency/AlternateThree/Burst=2048-14              	    9711	    125383 ns/op	   32971 B/op	    2050 allocs/op
BenchmarkMicroBatchBudget_Latency/AlternateThree/Burst=2048-14              	    9278	    124328 ns/op	   32972 B/op	    2050 allocs/op
BenchmarkMicroBatchBudget_Latency/AlternateThree/Burst=2048-14              	    9774	    125120 ns/op	   32970 B/op	    2050 allocs/op
BenchmarkMicroBatchBudget_Latency/AlternateThree/Burst=2048-14              	    9648	    125625 ns/op	   32972 B/op	    2050 allocs/op
BenchmarkMicroBatchBudget_Latency/AlternateThree/Burst=4096-14              	    5017	    237225 ns/op	   65830 B/op	    4098 allocs/op
BenchmarkMicroBatchBudget_Latency/AlternateThree/Burst=4096-14              	    4927	    240660 ns/op	   65849 B/op	    4098 allocs/op
BenchmarkMicroBatchBudget_Latency/AlternateThree/Burst=4096-14              	    5079	    241494 ns/op	   65847 B/op	    4098 allocs/op
BenchmarkMicroBatchBudget_Latency/AlternateThree/Burst=4096-14              	    4848	    239381 ns/op	   65849 B/op	    4098 allocs/op
BenchmarkMicroBatchBudget_Latency/AlternateThree/Burst=4096-14              	    4898	    238591 ns/op	   65850 B/op	    4098 allocs/op
BenchmarkMicroBatchBudget_Latency/Baseline/Burst=64-14                      	  211801	      5631 ns/op	    3712 B/op	     194 allocs/op
BenchmarkMicroBatchBudget_Latency/Baseline/Burst=64-14                      	  205710	      5665 ns/op	    3712 B/op	     194 allocs/op
BenchmarkMicroBatchBudget_Latency/Baseline/Burst=64-14                      	  206316	      5812 ns/op	    3712 B/op	     194 allocs/op
BenchmarkMicroBatchBudget_Latency/Baseline/Burst=64-14                      	  210146	      5698 ns/op	    3712 B/op	     194 allocs/op
BenchmarkMicroBatchBudget_Latency/Baseline/Burst=64-14                      	  221452	      5672 ns/op	    3712 B/op	     194 allocs/op
BenchmarkMicroBatchBudget_Latency/Baseline/Burst=128-14                     	  102315	     11714 ns/op	    7296 B/op	     386 allocs/op
BenchmarkMicroBatchBudget_Latency/Baseline/Burst=128-14                     	  102733	     11660 ns/op	    7296 B/op	     386 allocs/op
BenchmarkMicroBatchBudget_Latency/Baseline/Burst=128-14                     	  104918	     11841 ns/op	    7296 B/op	     386 allocs/op
BenchmarkMicroBatchBudget_Latency/Baseline/Burst=128-14                     	   95046	     11565 ns/op	    7296 B/op	     386 allocs/op
BenchmarkMicroBatchBudget_Latency/Baseline/Burst=128-14                     	  103959	     13741 ns/op	    7296 B/op	     386 allocs/op
BenchmarkMicroBatchBudget_Latency/Baseline/Burst=256-14                     	   42650	     29413 ns/op	   14464 B/op	     770 allocs/op
BenchmarkMicroBatchBudget_Latency/Baseline/Burst=256-14                     	   43665	     25827 ns/op	   14464 B/op	     770 allocs/op
BenchmarkMicroBatchBudget_Latency/Baseline/Burst=256-14                     	   43011	     25543 ns/op	   14464 B/op	     770 allocs/op
BenchmarkMicroBatchBudget_Latency/Baseline/Burst=256-14                     	   45196	     26753 ns/op	   14464 B/op	     770 allocs/op
BenchmarkMicroBatchBudget_Latency/Baseline/Burst=256-14                     	   56161	     25525 ns/op	   14464 B/op	     770 allocs/op
BenchmarkMicroBatchBudget_Latency/Baseline/Burst=512-14                     	   22692	     53697 ns/op	   28801 B/op	    1538 allocs/op
BenchmarkMicroBatchBudget_Latency/Baseline/Burst=512-14                     	   25123	     51058 ns/op	   28801 B/op	    1538 allocs/op
BenchmarkMicroBatchBudget_Latency/Baseline/Burst=512-14                     	   22996	     51061 ns/op	   28801 B/op	    1538 allocs/op
BenchmarkMicroBatchBudget_Latency/Baseline/Burst=512-14                     	   24112	     50616 ns/op	   28801 B/op	    1538 allocs/op
BenchmarkMicroBatchBudget_Latency/Baseline/Burst=512-14                     	   22094	     54668 ns/op	   28801 B/op	    1538 allocs/op
BenchmarkMicroBatchBudget_Latency/Baseline/Burst=1024-14                    	   10000	    115772 ns/op	   57478 B/op	    3074 allocs/op
BenchmarkMicroBatchBudget_Latency/Baseline/Burst=1024-14                    	   10000	    115641 ns/op	   57479 B/op	    3074 allocs/op
BenchmarkMicroBatchBudget_Latency/Baseline/Burst=1024-14                    	   10000	    117106 ns/op	   57479 B/op	    3074 allocs/op
BenchmarkMicroBatchBudget_Latency/Baseline/Burst=1024-14                    	   10000	    110881 ns/op	   57479 B/op	    3074 allocs/op
BenchmarkMicroBatchBudget_Latency/Baseline/Burst=1024-14                    	   10000	    112390 ns/op	   57479 B/op	    3074 allocs/op
BenchmarkMicroBatchBudget_Latency/Baseline/Burst=2048-14                    	    5466	    237059 ns/op	  114837 B/op	    6146 allocs/op
BenchmarkMicroBatchBudget_Latency/Baseline/Burst=2048-14                    	    5570	    229766 ns/op	  114835 B/op	    6146 allocs/op
BenchmarkMicroBatchBudget_Latency/Baseline/Burst=2048-14                    	    5362	    224463 ns/op	  114837 B/op	    6146 allocs/op
BenchmarkMicroBatchBudget_Latency/Baseline/Burst=2048-14                    	    5562	    223679 ns/op	  114835 B/op	    6146 allocs/op
BenchmarkMicroBatchBudget_Latency/Baseline/Burst=2048-14                    	    5533	    232870 ns/op	  114836 B/op	    6146 allocs/op
BenchmarkMicroBatchBudget_Latency/Baseline/Burst=4096-14                    	    2566	    473661 ns/op	  229628 B/op	   12290 allocs/op
BenchmarkMicroBatchBudget_Latency/Baseline/Burst=4096-14                    	    2535	    467844 ns/op	  229612 B/op	   12290 allocs/op
BenchmarkMicroBatchBudget_Latency/Baseline/Burst=4096-14                    	    2881	    433264 ns/op	  229615 B/op	   12290 allocs/op
BenchmarkMicroBatchBudget_Latency/Baseline/Burst=4096-14                    	    2658	    449184 ns/op	  229593 B/op	   12290 allocs/op
BenchmarkMicroBatchBudget_Latency/Baseline/Burst=4096-14                    	    2763	    447247 ns/op	  229585 B/op	   12290 allocs/op
BenchmarkMicroBatchBudget_Continuous/Main-14                                	 2775912	       468.7 ns/op	      55 B/op	       1 allocs/op
BenchmarkMicroBatchBudget_Continuous/Main-14                                	 2609586	       474.1 ns/op	      58 B/op	       1 allocs/op
BenchmarkMicroBatchBudget_Continuous/Main-14                                	 2560976	       466.4 ns/op	      59 B/op	       1 allocs/op
BenchmarkMicroBatchBudget_Continuous/Main-14                                	 2535463	       466.1 ns/op	      59 B/op	       1 allocs/op
BenchmarkMicroBatchBudget_Continuous/Main-14                                	 2550342	       465.3 ns/op	      59 B/op	       1 allocs/op
BenchmarkMicroBatchBudget_Continuous/MainFastPathForced-14                  	 2503264	       471.7 ns/op	      60 B/op	       1 allocs/op
BenchmarkMicroBatchBudget_Continuous/MainFastPathForced-14                  	 2552872	       464.2 ns/op	      60 B/op	       1 allocs/op
BenchmarkMicroBatchBudget_Continuous/MainFastPathForced-14                  	 2544026	       470.6 ns/op	      59 B/op	       1 allocs/op
BenchmarkMicroBatchBudget_Continuous/MainFastPathForced-14                  	 2646936	       439.4 ns/op	      58 B/op	       1 allocs/op
BenchmarkMicroBatchBudget_Continuous/MainFastPathForced-14                  	 2653414	       444.7 ns/op	      65 B/op	       1 allocs/op
BenchmarkMicroBatchBudget_Continuous/MainFastPathDisabled-14                	 2589690	       548.4 ns/op	      61 B/op	       1 allocs/op
BenchmarkMicroBatchBudget_Continuous/MainFastPathDisabled-14                	 2461153	       447.5 ns/op	      61 B/op	       1 allocs/op
BenchmarkMicroBatchBudget_Continuous/MainFastPathDisabled-14                	 2591655	       454.0 ns/op	      58 B/op	       1 allocs/op
BenchmarkMicroBatchBudget_Continuous/MainFastPathDisabled-14                	 2591215	       461.7 ns/op	      58 B/op	       1 allocs/op
BenchmarkMicroBatchBudget_Continuous/MainFastPathDisabled-14                	 2571074	       457.2 ns/op	      61 B/op	       1 allocs/op
BenchmarkMicroBatchBudget_Continuous/AlternateOne-14                        	 7623586	       155.1 ns/op	      34 B/op	       1 allocs/op
BenchmarkMicroBatchBudget_Continuous/AlternateOne-14                        	 7597939	       160.1 ns/op	      33 B/op	       1 allocs/op
BenchmarkMicroBatchBudget_Continuous/AlternateOne-14                        	 7659439	       158.7 ns/op	      33 B/op	       1 allocs/op
BenchmarkMicroBatchBudget_Continuous/AlternateOne-14                        	 7466541	       155.8 ns/op	      34 B/op	       1 allocs/op
BenchmarkMicroBatchBudget_Continuous/AlternateOne-14                        	 7735563	       160.2 ns/op	      34 B/op	       1 allocs/op
BenchmarkMicroBatchBudget_Continuous/AlternateTwo-14                        	 7332650	       173.6 ns/op	      24 B/op	       1 allocs/op
BenchmarkMicroBatchBudget_Continuous/AlternateTwo-14                        	 7143607	       161.5 ns/op	      30 B/op	       1 allocs/op
BenchmarkMicroBatchBudget_Continuous/AlternateTwo-14                        	 6713379	       162.9 ns/op	      29 B/op	       1 allocs/op
BenchmarkMicroBatchBudget_Continuous/AlternateTwo-14                        	 7054094	       165.3 ns/op	      29 B/op	       1 allocs/op
BenchmarkMicroBatchBudget_Continuous/AlternateTwo-14                        	 7084936	       156.6 ns/op	      32 B/op	       1 allocs/op
BenchmarkMicroBatchBudget_Continuous/AlternateThree-14                      	 7641829	       159.3 ns/op	      16 B/op	       1 allocs/op
BenchmarkMicroBatchBudget_Continuous/AlternateThree-14                      	 7389018	       160.6 ns/op	      16 B/op	       1 allocs/op
BenchmarkMicroBatchBudget_Continuous/AlternateThree-14                      	 7384497	       161.8 ns/op	      16 B/op	       1 allocs/op
BenchmarkMicroBatchBudget_Continuous/AlternateThree-14                      	 7795431	       156.6 ns/op	      16 B/op	       1 allocs/op
BenchmarkMicroBatchBudget_Continuous/AlternateThree-14                      	 7513183	       157.7 ns/op	      16 B/op	       1 allocs/op
BenchmarkMicroBatchBudget_Continuous/Baseline-14                            	 5929381	       191.3 ns/op	      56 B/op	       3 allocs/op
BenchmarkMicroBatchBudget_Continuous/Baseline-14                            	 5777335	       199.1 ns/op	      56 B/op	       3 allocs/op
BenchmarkMicroBatchBudget_Continuous/Baseline-14                            	 5681188	       205.0 ns/op	      56 B/op	       3 allocs/op
BenchmarkMicroBatchBudget_Continuous/Baseline-14                            	 5748306	       205.8 ns/op	      56 B/op	       3 allocs/op
BenchmarkMicroBatchBudget_Continuous/Baseline-14                            	 5717139	       200.0 ns/op	      56 B/op	       3 allocs/op
BenchmarkMicroBatchBudget_Mixed/Main/Burst=100-14                           	   10000	    102352 ns/op	    7332 B/op	     152 allocs/op
BenchmarkMicroBatchBudget_Mixed/Main/Burst=100-14                           	   10000	    102510 ns/op	    7332 B/op	     152 allocs/op
BenchmarkMicroBatchBudget_Mixed/Main/Burst=100-14                           	   10000	    101943 ns/op	    7332 B/op	     152 allocs/op
BenchmarkMicroBatchBudget_Mixed/Main/Burst=100-14                           	   10000	    102083 ns/op	    7332 B/op	     152 allocs/op
BenchmarkMicroBatchBudget_Mixed/Main/Burst=100-14                           	   10000	    102591 ns/op	    7332 B/op	     152 allocs/op
BenchmarkMicroBatchBudget_Mixed/Main/Burst=500-14                           	    2316	    505141 ns/op	   36163 B/op	     752 allocs/op
BenchmarkMicroBatchBudget_Mixed/Main/Burst=500-14                           	    2305	    503006 ns/op	   36162 B/op	     752 allocs/op
BenchmarkMicroBatchBudget_Mixed/Main/Burst=500-14                           	    2338	    505175 ns/op	   36162 B/op	     752 allocs/op
BenchmarkMicroBatchBudget_Mixed/Main/Burst=500-14                           	    2337	    509741 ns/op	   36162 B/op	     752 allocs/op
BenchmarkMicroBatchBudget_Mixed/Main/Burst=500-14                           	    2328	    502597 ns/op	   36163 B/op	     752 allocs/op
BenchmarkMicroBatchBudget_Mixed/Main/Burst=1000-14                          	    1182	   1007606 ns/op	   72237 B/op	    1502 allocs/op
BenchmarkMicroBatchBudget_Mixed/Main/Burst=1000-14                          	    1183	   1007662 ns/op	   72237 B/op	    1502 allocs/op
BenchmarkMicroBatchBudget_Mixed/Main/Burst=1000-14                          	    1173	   1006415 ns/op	   72238 B/op	    1502 allocs/op
BenchmarkMicroBatchBudget_Mixed/Main/Burst=1000-14                          	    1166	   1014914 ns/op	   72238 B/op	    1502 allocs/op
BenchmarkMicroBatchBudget_Mixed/Main/Burst=1000-14                          	    1198	    998763 ns/op	   72235 B/op	    1502 allocs/op
BenchmarkMicroBatchBudget_Mixed/Main/Burst=2000-14                          	     622	   1892519 ns/op	  144694 B/op	    3002 allocs/op
BenchmarkMicroBatchBudget_Mixed/Main/Burst=2000-14                          	     622	   1890833 ns/op	  144694 B/op	    3002 allocs/op
BenchmarkMicroBatchBudget_Mixed/Main/Burst=2000-14                          	     634	   2036340 ns/op	  144684 B/op	    3002 allocs/op
BenchmarkMicroBatchBudget_Mixed/Main/Burst=2000-14                          	     592	   2044818 ns/op	  144725 B/op	    3002 allocs/op
BenchmarkMicroBatchBudget_Mixed/Main/Burst=2000-14                          	     589	   2032001 ns/op	  144726 B/op	    3002 allocs/op
BenchmarkMicroBatchBudget_Mixed/Main/Burst=5000-14                          	     236	   5103143 ns/op	  363605 B/op	    7502 allocs/op
BenchmarkMicroBatchBudget_Mixed/Main/Burst=5000-14                          	     236	   5112297 ns/op	  363599 B/op	    7502 allocs/op
BenchmarkMicroBatchBudget_Mixed/Main/Burst=5000-14                          	     232	   5060870 ns/op	  363663 B/op	    7502 allocs/op
BenchmarkMicroBatchBudget_Mixed/Main/Burst=5000-14                          	     234	   5152665 ns/op	  363632 B/op	    7502 allocs/op
BenchmarkMicroBatchBudget_Mixed/Main/Burst=5000-14                          	     235	   5092869 ns/op	  363615 B/op	    7502 allocs/op
BenchmarkMicroBatchBudget_Mixed/MainFastPathForced/Burst=100-14             	   10000	    101563 ns/op	    7332 B/op	     152 allocs/op
BenchmarkMicroBatchBudget_Mixed/MainFastPathForced/Burst=100-14             	   10000	    102523 ns/op	    7332 B/op	     152 allocs/op
BenchmarkMicroBatchBudget_Mixed/MainFastPathForced/Burst=100-14             	   10000	    102858 ns/op	    7332 B/op	     152 allocs/op
BenchmarkMicroBatchBudget_Mixed/MainFastPathForced/Burst=100-14             	   10000	    102239 ns/op	    7332 B/op	     152 allocs/op
BenchmarkMicroBatchBudget_Mixed/MainFastPathForced/Burst=100-14             	   10000	    101906 ns/op	    7332 B/op	     152 allocs/op
BenchmarkMicroBatchBudget_Mixed/MainFastPathForced/Burst=500-14             	    2336	    505201 ns/op	   36162 B/op	     752 allocs/op
BenchmarkMicroBatchBudget_Mixed/MainFastPathForced/Burst=500-14             	    2323	    505044 ns/op	   36163 B/op	     752 allocs/op
BenchmarkMicroBatchBudget_Mixed/MainFastPathForced/Burst=500-14             	    2390	    505513 ns/op	   36161 B/op	     752 allocs/op
BenchmarkMicroBatchBudget_Mixed/MainFastPathForced/Burst=500-14             	    2307	    508534 ns/op	   36162 B/op	     752 allocs/op
BenchmarkMicroBatchBudget_Mixed/MainFastPathForced/Burst=500-14             	    2342	    505213 ns/op	   36162 B/op	     752 allocs/op
BenchmarkMicroBatchBudget_Mixed/MainFastPathForced/Burst=1000-14            	    1198	   1007004 ns/op	   72235 B/op	    1502 allocs/op
BenchmarkMicroBatchBudget_Mixed/MainFastPathForced/Burst=1000-14            	    1164	   1010356 ns/op	   72238 B/op	    1502 allocs/op
BenchmarkMicroBatchBudget_Mixed/MainFastPathForced/Burst=1000-14            	    1200	   1016119 ns/op	   72235 B/op	    1502 allocs/op
BenchmarkMicroBatchBudget_Mixed/MainFastPathForced/Burst=1000-14            	    1174	   1021708 ns/op	   72237 B/op	    1502 allocs/op
BenchmarkMicroBatchBudget_Mixed/MainFastPathForced/Burst=1000-14            	    1195	   1013778 ns/op	   72236 B/op	    1502 allocs/op
BenchmarkMicroBatchBudget_Mixed/MainFastPathForced/Burst=2000-14            	     586	   2040380 ns/op	  144732 B/op	    3002 allocs/op
BenchmarkMicroBatchBudget_Mixed/MainFastPathForced/Burst=2000-14            	     580	   2032429 ns/op	  144736 B/op	    3002 allocs/op
BenchmarkMicroBatchBudget_Mixed/MainFastPathForced/Burst=2000-14            	     588	   2043974 ns/op	  144727 B/op	    3002 allocs/op
BenchmarkMicroBatchBudget_Mixed/MainFastPathForced/Burst=2000-14            	     584	   2035689 ns/op	  144730 B/op	    3002 allocs/op
BenchmarkMicroBatchBudget_Mixed/MainFastPathForced/Burst=2000-14            	     582	   2030993 ns/op	  144732 B/op	    3002 allocs/op
BenchmarkMicroBatchBudget_Mixed/MainFastPathForced/Burst=5000-14            	     235	   5108673 ns/op	  363613 B/op	    7502 allocs/op
BenchmarkMicroBatchBudget_Mixed/MainFastPathForced/Burst=5000-14            	     235	   5139602 ns/op	  363613 B/op	    7502 allocs/op
BenchmarkMicroBatchBudget_Mixed/MainFastPathForced/Burst=5000-14            	     231	   5108288 ns/op	  363674 B/op	    7502 allocs/op
BenchmarkMicroBatchBudget_Mixed/MainFastPathForced/Burst=5000-14            	     232	   5080785 ns/op	  363659 B/op	    7502 allocs/op
BenchmarkMicroBatchBudget_Mixed/MainFastPathForced/Burst=5000-14            	     232	   5133003 ns/op	  363658 B/op	    7502 allocs/op
BenchmarkMicroBatchBudget_Mixed/MainFastPathDisabled/Burst=100-14           	    2100	    565772 ns/op	    8954 B/op	     252 allocs/op
BenchmarkMicroBatchBudget_Mixed/MainFastPathDisabled/Burst=100-14           	    2030	    554849 ns/op	    8959 B/op	     252 allocs/op
BenchmarkMicroBatchBudget_Mixed/MainFastPathDisabled/Burst=100-14           	    2217	    554377 ns/op	    8950 B/op	     252 allocs/op
BenchmarkMicroBatchBudget_Mixed/MainFastPathDisabled/Burst=100-14           	    2176	    595809 ns/op	    8936 B/op	     251 allocs/op
BenchmarkMicroBatchBudget_Mixed/MainFastPathDisabled/Burst=100-14           	    2155	    535677 ns/op	    8888 B/op	     248 allocs/op
BenchmarkMicroBatchBudget_Mixed/MainFastPathDisabled/Burst=500-14           	     454	   2733517 ns/op	   44104 B/op	    1239 allocs/op
BenchmarkMicroBatchBudget_Mixed/MainFastPathDisabled/Burst=500-14           	     447	   2631842 ns/op	   44221 B/op	    1246 allocs/op
BenchmarkMicroBatchBudget_Mixed/MainFastPathDisabled/Burst=500-14           	     439	   2632418 ns/op	   44262 B/op	    1249 allocs/op
BenchmarkMicroBatchBudget_Mixed/MainFastPathDisabled/Burst=500-14           	     451	   2652816 ns/op	   44200 B/op	    1245 allocs/op
BenchmarkMicroBatchBudget_Mixed/MainFastPathDisabled/Burst=500-14           	     453	   2605416 ns/op	   44223 B/op	    1246 allocs/op
BenchmarkMicroBatchBudget_Mixed/MainFastPathDisabled/Burst=1000-14          	     226	   5285238 ns/op	   88632 B/op	    2497 allocs/op
BenchmarkMicroBatchBudget_Mixed/MainFastPathDisabled/Burst=1000-14          	     226	   5251924 ns/op	   88575 B/op	    2494 allocs/op
BenchmarkMicroBatchBudget_Mixed/MainFastPathDisabled/Burst=1000-14          	     224	   5462303 ns/op	   88443 B/op	    2485 allocs/op
BenchmarkMicroBatchBudget_Mixed/MainFastPathDisabled/Burst=1000-14          	     229	   5390793 ns/op	   88326 B/op	    2479 allocs/op
BenchmarkMicroBatchBudget_Mixed/MainFastPathDisabled/Burst=1000-14          	     224	   5298388 ns/op	   88427 B/op	    2484 allocs/op
BenchmarkMicroBatchBudget_Mixed/MainFastPathDisabled/Burst=2000-14          	     100	  10571606 ns/op	  178059 B/op	    4979 allocs/op
BenchmarkMicroBatchBudget_Mixed/MainFastPathDisabled/Burst=2000-14          	     100	  10653082 ns/op	  178066 B/op	    4979 allocs/op
BenchmarkMicroBatchBudget_Mixed/MainFastPathDisabled/Burst=2000-14          	     100	  10610181 ns/op	  178085 B/op	    4981 allocs/op
BenchmarkMicroBatchBudget_Mixed/MainFastPathDisabled/Burst=2000-14          	     100	  10731908 ns/op	  177296 B/op	    4983 allocs/op
BenchmarkMicroBatchBudget_Mixed/MainFastPathDisabled/Burst=2000-14          	     100	  10866430 ns/op	  177887 B/op	    4968 allocs/op
BenchmarkMicroBatchBudget_Mixed/MainFastPathDisabled/Burst=5000-14          	      38	  26940751 ns/op	  444439 B/op	   12435 allocs/op
BenchmarkMicroBatchBudget_Mixed/MainFastPathDisabled/Burst=5000-14          	      45	  26925156 ns/op	  443909 B/op	   12454 allocs/op
BenchmarkMicroBatchBudget_Mixed/MainFastPathDisabled/Burst=5000-14          	      44	  26056850 ns/op	  448147 B/op	   12420 allocs/op
BenchmarkMicroBatchBudget_Mixed/MainFastPathDisabled/Burst=5000-14          	      42	  26704311 ns/op	  444159 B/op	   12448 allocs/op
BenchmarkMicroBatchBudget_Mixed/MainFastPathDisabled/Burst=5000-14          	      43	  26470197 ns/op	  445517 B/op	   12422 allocs/op
BenchmarkMicroBatchBudget_Mixed/AlternateOne/Burst=100-14                   	    2208	    542472 ns/op	    7328 B/op	     152 allocs/op
BenchmarkMicroBatchBudget_Mixed/AlternateOne/Burst=100-14                   	    2192	    547615 ns/op	    7328 B/op	     152 allocs/op
BenchmarkMicroBatchBudget_Mixed/AlternateOne/Burst=100-14                   	    2178	    544694 ns/op	    7328 B/op	     152 allocs/op
BenchmarkMicroBatchBudget_Mixed/AlternateOne/Burst=100-14                   	    2194	    562966 ns/op	    7328 B/op	     152 allocs/op
BenchmarkMicroBatchBudget_Mixed/AlternateOne/Burst=100-14                   	    2245	    547292 ns/op	    7328 B/op	     152 allocs/op
BenchmarkMicroBatchBudget_Mixed/AlternateOne/Burst=500-14                   	     444	   2694763 ns/op	   36234 B/op	     752 allocs/op
BenchmarkMicroBatchBudget_Mixed/AlternateOne/Burst=500-14                   	     445	   2714700 ns/op	   36241 B/op	     752 allocs/op
BenchmarkMicroBatchBudget_Mixed/AlternateOne/Burst=500-14                   	     444	   2784608 ns/op	   36219 B/op	     752 allocs/op
BenchmarkMicroBatchBudget_Mixed/AlternateOne/Burst=500-14                   	     442	   2689628 ns/op	   36235 B/op	     752 allocs/op
BenchmarkMicroBatchBudget_Mixed/AlternateOne/Burst=500-14                   	     444	   2696909 ns/op	   36191 B/op	     752 allocs/op
BenchmarkMicroBatchBudget_Mixed/AlternateOne/Burst=1000-14                  	     223	   5396668 ns/op	   72367 B/op	    1502 allocs/op
BenchmarkMicroBatchBudget_Mixed/AlternateOne/Burst=1000-14                  	     222	   5490896 ns/op	   72311 B/op	    1502 allocs/op
BenchmarkMicroBatchBudget_Mixed/AlternateOne/Burst=1000-14                  	     222	   5605626 ns/op	   72267 B/op	    1502 allocs/op
BenchmarkMicroBatchBudget_Mixed/AlternateOne/Burst=1000-14                  	     237	   5475827 ns/op	   72308 B/op	    1502 allocs/op
BenchmarkMicroBatchBudget_Mixed/AlternateOne/Burst=1000-14                  	     220	   5368859 ns/op	   72325 B/op	    1502 allocs/op
BenchmarkMicroBatchBudget_Mixed/AlternateOne/Burst=2000-14                  	     100	  10775052 ns/op	  144721 B/op	    3002 allocs/op
BenchmarkMicroBatchBudget_Mixed/AlternateOne/Burst=2000-14                  	     100	  10771719 ns/op	  144685 B/op	    3002 allocs/op
BenchmarkMicroBatchBudget_Mixed/AlternateOne/Burst=2000-14                  	     100	  10797165 ns/op	  144531 B/op	    3002 allocs/op
BenchmarkMicroBatchBudget_Mixed/AlternateOne/Burst=2000-14                  	     100	  10932298 ns/op	  144789 B/op	    3002 allocs/op
BenchmarkMicroBatchBudget_Mixed/AlternateOne/Burst=2000-14                  	     100	  10785756 ns/op	  144753 B/op	    3002 allocs/op
BenchmarkMicroBatchBudget_Mixed/AlternateOne/Burst=5000-14                  	      43	  27026971 ns/op	  362270 B/op	    7504 allocs/op
BenchmarkMicroBatchBudget_Mixed/AlternateOne/Burst=5000-14                  	      43	  26996616 ns/op	  361773 B/op	    7504 allocs/op
BenchmarkMicroBatchBudget_Mixed/AlternateOne/Burst=5000-14                  	      44	  26922374 ns/op	  362123 B/op	    7504 allocs/op
BenchmarkMicroBatchBudget_Mixed/AlternateOne/Burst=5000-14                  	      43	  27194302 ns/op	  361089 B/op	    7503 allocs/op
BenchmarkMicroBatchBudget_Mixed/AlternateOne/Burst=5000-14                  	      44	  27060623 ns/op	  362182 B/op	    7504 allocs/op
BenchmarkMicroBatchBudget_Mixed/AlternateTwo/Burst=100-14                   	    2184	    538201 ns/op	    7362 B/op	     152 allocs/op
BenchmarkMicroBatchBudget_Mixed/AlternateTwo/Burst=100-14                   	    2220	    546781 ns/op	    7353 B/op	     152 allocs/op
BenchmarkMicroBatchBudget_Mixed/AlternateTwo/Burst=100-14                   	    2181	    544009 ns/op	    7355 B/op	     152 allocs/op
BenchmarkMicroBatchBudget_Mixed/AlternateTwo/Burst=100-14                   	    2211	    544956 ns/op	    7353 B/op	     152 allocs/op
BenchmarkMicroBatchBudget_Mixed/AlternateTwo/Burst=100-14                   	    2197	    544432 ns/op	    7353 B/op	     152 allocs/op
BenchmarkMicroBatchBudget_Mixed/AlternateTwo/Burst=500-14                   	     450	   2690469 ns/op	   36742 B/op	     753 allocs/op
BenchmarkMicroBatchBudget_Mixed/AlternateTwo/Burst=500-14                   	     444	   2699855 ns/op	   36564 B/op	     752 allocs/op
BenchmarkMicroBatchBudget_Mixed/AlternateTwo/Burst=500-14                   	     445	   2692856 ns/op	   36585 B/op	     752 allocs/op
BenchmarkMicroBatchBudget_Mixed/AlternateTwo/Burst=500-14                   	     444	   2706130 ns/op	   36565 B/op	     752 allocs/op
BenchmarkMicroBatchBudget_Mixed/AlternateTwo/Burst=500-14                   	     426	   2682872 ns/op	   36576 B/op	     753 allocs/op
BenchmarkMicroBatchBudget_Mixed/AlternateTwo/Burst=1000-14                  	     207	   6024560 ns/op	   73567 B/op	    1505 allocs/op
BenchmarkMicroBatchBudget_Mixed/AlternateTwo/Burst=1000-14                  	     196	   7134386 ns/op	   74072 B/op	    1506 allocs/op
BenchmarkMicroBatchBudget_Mixed/AlternateTwo/Burst=1000-14                  	     157	   7080460 ns/op	   73728 B/op	    1507 allocs/op
BenchmarkMicroBatchBudget_Mixed/AlternateTwo/Burst=1000-14                  	     208	   5727676 ns/op	   73226 B/op	    1504 allocs/op
BenchmarkMicroBatchBudget_Mixed/AlternateTwo/Burst=1000-14                  	     228	   5971750 ns/op	   73328 B/op	    1505 allocs/op
BenchmarkMicroBatchBudget_Mixed/AlternateTwo/Burst=2000-14                  	     100	  12154778 ns/op	  147327 B/op	    3009 allocs/op
BenchmarkMicroBatchBudget_Mixed/AlternateTwo/Burst=2000-14                  	     100	  11604930 ns/op	  147185 B/op	    3009 allocs/op
BenchmarkMicroBatchBudget_Mixed/AlternateTwo/Burst=2000-14                  	      97	  11485614 ns/op	  148040 B/op	    3014 allocs/op
BenchmarkMicroBatchBudget_Mixed/AlternateTwo/Burst=2000-14                  	     100	  11019015 ns/op	  146117 B/op	    3006 allocs/op
BenchmarkMicroBatchBudget_Mixed/AlternateTwo/Burst=2000-14                  	     100	  11198946 ns/op	  145961 B/op	    3005 allocs/op
BenchmarkMicroBatchBudget_Mixed/AlternateTwo/Burst=5000-14                  	      42	  28255585 ns/op	  367933 B/op	    7522 allocs/op
BenchmarkMicroBatchBudget_Mixed/AlternateTwo/Burst=5000-14                  	      40	  27541785 ns/op	  364239 B/op	    7510 allocs/op
BenchmarkMicroBatchBudget_Mixed/AlternateTwo/Burst=5000-14                  	      45	  27526456 ns/op	  364498 B/op	    7513 allocs/op
BenchmarkMicroBatchBudget_Mixed/AlternateTwo/Burst=5000-14                  	      42	  28145465 ns/op	  367580 B/op	    7521 allocs/op
BenchmarkMicroBatchBudget_Mixed/AlternateTwo/Burst=5000-14                  	      40	  29048810 ns/op	  372466 B/op	    7549 allocs/op
BenchmarkMicroBatchBudget_Mixed/AlternateThree/Burst=100-14                 	    1681	    611225 ns/op	    7328 B/op	     152 allocs/op
BenchmarkMicroBatchBudget_Mixed/AlternateThree/Burst=100-14                 	    1982	    627557 ns/op	    7328 B/op	     152 allocs/op
BenchmarkMicroBatchBudget_Mixed/AlternateThree/Burst=100-14                 	    1886	    597505 ns/op	    7328 B/op	     152 allocs/op
BenchmarkMicroBatchBudget_Mixed/AlternateThree/Burst=100-14                 	    2174	    612754 ns/op	    7328 B/op	     152 allocs/op
BenchmarkMicroBatchBudget_Mixed/AlternateThree/Burst=100-14                 	    1939	    584754 ns/op	    7328 B/op	     152 allocs/op
BenchmarkMicroBatchBudget_Mixed/AlternateThree/Burst=500-14                 	     457	   2899208 ns/op	   36175 B/op	     752 allocs/op
BenchmarkMicroBatchBudget_Mixed/AlternateThree/Burst=500-14                 	     408	   2990142 ns/op	   36179 B/op	     752 allocs/op
BenchmarkMicroBatchBudget_Mixed/AlternateThree/Burst=500-14                 	     424	   2861858 ns/op	   36178 B/op	     752 allocs/op
BenchmarkMicroBatchBudget_Mixed/AlternateThree/Burst=500-14                 	     410	   2810869 ns/op	   36181 B/op	     752 allocs/op
BenchmarkMicroBatchBudget_Mixed/AlternateThree/Burst=500-14                 	     434	   2911251 ns/op	   36187 B/op	     752 allocs/op
BenchmarkMicroBatchBudget_Mixed/AlternateThree/Burst=1000-14                	     196	   5866647 ns/op	   72248 B/op	    1502 allocs/op
BenchmarkMicroBatchBudget_Mixed/AlternateThree/Burst=1000-14                	     211	   5531608 ns/op	   72274 B/op	    1502 allocs/op
BenchmarkMicroBatchBudget_Mixed/AlternateThree/Burst=1000-14                	     223	   5408556 ns/op	   72278 B/op	    1502 allocs/op
BenchmarkMicroBatchBudget_Mixed/AlternateThree/Burst=1000-14                	     213	   4702823 ns/op	   72261 B/op	    1502 allocs/op
BenchmarkMicroBatchBudget_Mixed/AlternateThree/Burst=1000-14                	     255	   5834116 ns/op	   72272 B/op	    1502 allocs/op
BenchmarkMicroBatchBudget_Mixed/AlternateThree/Burst=2000-14                	      90	  11670365 ns/op	  144613 B/op	    3002 allocs/op
BenchmarkMicroBatchBudget_Mixed/AlternateThree/Burst=2000-14                	     100	  11501028 ns/op	  144565 B/op	    3002 allocs/op
BenchmarkMicroBatchBudget_Mixed/AlternateThree/Burst=2000-14                	     100	  11673062 ns/op	  144503 B/op	    3002 allocs/op
BenchmarkMicroBatchBudget_Mixed/AlternateThree/Burst=2000-14                	     100	  11487207 ns/op	  144550 B/op	    3002 allocs/op
BenchmarkMicroBatchBudget_Mixed/AlternateThree/Burst=2000-14                	     100	  11531385 ns/op	  144563 B/op	    3002 allocs/op
BenchmarkMicroBatchBudget_Mixed/AlternateThree/Burst=5000-14                	      40	  28378656 ns/op	  361178 B/op	    7503 allocs/op
BenchmarkMicroBatchBudget_Mixed/AlternateThree/Burst=5000-14                	      38	  29082179 ns/op	  361650 B/op	    7503 allocs/op
BenchmarkMicroBatchBudget_Mixed/AlternateThree/Burst=5000-14                	      42	  28871812 ns/op	  361252 B/op	    7503 allocs/op
BenchmarkMicroBatchBudget_Mixed/AlternateThree/Burst=5000-14                	      44	  29328739 ns/op	  361463 B/op	    7503 allocs/op
BenchmarkMicroBatchBudget_Mixed/AlternateThree/Burst=5000-14                	      39	  29058100 ns/op	  361150 B/op	    7503 allocs/op
BenchmarkMicroBatchBudget_Mixed/Baseline/Burst=100-14                       	   29688	     37807 ns/op	   11328 B/op	     352 allocs/op
BenchmarkMicroBatchBudget_Mixed/Baseline/Burst=100-14                       	   29866	     39105 ns/op	   11328 B/op	     352 allocs/op
BenchmarkMicroBatchBudget_Mixed/Baseline/Burst=100-14                       	   30651	     40941 ns/op	   11328 B/op	     352 allocs/op
BenchmarkMicroBatchBudget_Mixed/Baseline/Burst=100-14                       	   27643	     39623 ns/op	   11328 B/op	     352 allocs/op
BenchmarkMicroBatchBudget_Mixed/Baseline/Burst=100-14                       	   30673	     39181 ns/op	   11328 B/op	     352 allocs/op
BenchmarkMicroBatchBudget_Mixed/Baseline/Burst=500-14                       	    6013	    195431 ns/op	   56130 B/op	    1752 allocs/op
BenchmarkMicroBatchBudget_Mixed/Baseline/Burst=500-14                       	    6519	    200206 ns/op	   56130 B/op	    1752 allocs/op
BenchmarkMicroBatchBudget_Mixed/Baseline/Burst=500-14                       	    6036	    193534 ns/op	   56130 B/op	    1752 allocs/op
BenchmarkMicroBatchBudget_Mixed/Baseline/Burst=500-14                       	    6289	    197284 ns/op	   56129 B/op	    1752 allocs/op
BenchmarkMicroBatchBudget_Mixed/Baseline/Burst=500-14                       	    6064	    198974 ns/op	   56130 B/op	    1752 allocs/op
BenchmarkMicroBatchBudget_Mixed/Baseline/Burst=1000-14                      	    3006	    398433 ns/op	  112136 B/op	    3502 allocs/op
BenchmarkMicroBatchBudget_Mixed/Baseline/Burst=1000-14                      	    3064	    382166 ns/op	  112136 B/op	    3502 allocs/op
BenchmarkMicroBatchBudget_Mixed/Baseline/Burst=1000-14                      	    3130	    398091 ns/op	  112136 B/op	    3502 allocs/op
BenchmarkMicroBatchBudget_Mixed/Baseline/Burst=1000-14                      	    3187	    381551 ns/op	  112134 B/op	    3502 allocs/op
BenchmarkMicroBatchBudget_Mixed/Baseline/Burst=1000-14                      	    3183	    385183 ns/op	  112135 B/op	    3502 allocs/op
BenchmarkMicroBatchBudget_Mixed/Baseline/Burst=2000-14                      	    1596	    746358 ns/op	  224150 B/op	    7002 allocs/op
BenchmarkMicroBatchBudget_Mixed/Baseline/Burst=2000-14                      	    1593	    790781 ns/op	  224152 B/op	    7002 allocs/op
BenchmarkMicroBatchBudget_Mixed/Baseline/Burst=2000-14                      	    1510	    783039 ns/op	  224153 B/op	    7002 allocs/op
BenchmarkMicroBatchBudget_Mixed/Baseline/Burst=2000-14                      	    1554	    778739 ns/op	  224153 B/op	    7002 allocs/op
BenchmarkMicroBatchBudget_Mixed/Baseline/Burst=2000-14                      	    1560	    786095 ns/op	  224153 B/op	    7002 allocs/op
BenchmarkMicroBatchBudget_Mixed/Baseline/Burst=5000-14                      	     607	   1963376 ns/op	  560265 B/op	   17502 allocs/op
BenchmarkMicroBatchBudget_Mixed/Baseline/Burst=5000-14                      	     609	   1925001 ns/op	  560374 B/op	   17502 allocs/op
BenchmarkMicroBatchBudget_Mixed/Baseline/Burst=5000-14                      	     609	   1960989 ns/op	  560303 B/op	   17502 allocs/op
BenchmarkMicroBatchBudget_Mixed/Baseline/Burst=5000-14                      	     606	   1935740 ns/op	  560373 B/op	   17502 allocs/op
BenchmarkMicroBatchBudget_Mixed/Baseline/Burst=5000-14                      	     606	   1961062 ns/op	  560230 B/op	   17502 allocs/op
BenchmarkMicroCASContention/Main/N=01-14                                    	 9289507	       125.0 ns/op	      61 B/op	       1 allocs/op
BenchmarkMicroCASContention/Main/N=01-14                                    	11060794	       117.5 ns/op	      63 B/op	       1 allocs/op
BenchmarkMicroCASContention/Main/N=01-14                                    	10987786	       116.1 ns/op	      64 B/op	       1 allocs/op
BenchmarkMicroCASContention/Main/N=01-14                                    	10936551	       115.7 ns/op	      64 B/op	       1 allocs/op
BenchmarkMicroCASContention/Main/N=01-14                                    	11592139	       117.0 ns/op	      61 B/op	       1 allocs/op
BenchmarkMicroCASContention/Main/N=02-14                                    	 5864756	       196.3 ns/op	      62 B/op	       1 allocs/op
BenchmarkMicroCASContention/Main/N=02-14                                    	 6118216	       196.4 ns/op	      60 B/op	       1 allocs/op
BenchmarkMicroCASContention/Main/N=02-14                                    	 6135636	       197.3 ns/op	      60 B/op	       1 allocs/op
BenchmarkMicroCASContention/Main/N=02-14                                    	 6144859	       206.7 ns/op	      62 B/op	       1 allocs/op
BenchmarkMicroCASContention/Main/N=02-14                                    	 6088135	       198.4 ns/op	      60 B/op	       1 allocs/op
BenchmarkMicroCASContention/Main/N=04-14                                    	 5922776	       195.4 ns/op	      61 B/op	       1 allocs/op
BenchmarkMicroCASContention/Main/N=04-14                                    	 6201405	       192.2 ns/op	      59 B/op	       1 allocs/op
BenchmarkMicroCASContention/Main/N=04-14                                    	 6201320	       185.5 ns/op	      59 B/op	       1 allocs/op
BenchmarkMicroCASContention/Main/N=04-14                                    	 6235924	       192.7 ns/op	      59 B/op	       1 allocs/op
BenchmarkMicroCASContention/Main/N=04-14                                    	 6330230	       192.8 ns/op	      59 B/op	       1 allocs/op
BenchmarkMicroCASContention/Main/N=08-14                                    	 6006444	       191.8 ns/op	      61 B/op	       1 allocs/op
BenchmarkMicroCASContention/Main/N=08-14                                    	 6266625	       189.5 ns/op	      59 B/op	       1 allocs/op
BenchmarkMicroCASContention/Main/N=08-14                                    	 6341762	       188.4 ns/op	      58 B/op	       1 allocs/op
BenchmarkMicroCASContention/Main/N=08-14                                    	 6326506	       187.5 ns/op	      58 B/op	       1 allocs/op
BenchmarkMicroCASContention/Main/N=08-14                                    	 6322554	       186.2 ns/op	      58 B/op	       1 allocs/op
BenchmarkMicroCASContention/Main/N=16-14                                    	 6465400	       181.1 ns/op	      58 B/op	       1 allocs/op
BenchmarkMicroCASContention/Main/N=16-14                                    	 6663129	       174.2 ns/op	      56 B/op	       1 allocs/op
BenchmarkMicroCASContention/Main/N=16-14                                    	 6761059	       179.0 ns/op	      56 B/op	       1 allocs/op
BenchmarkMicroCASContention/Main/N=16-14                                    	 6777171	       175.4 ns/op	      56 B/op	       1 allocs/op
BenchmarkMicroCASContention/Main/N=16-14                                    	 6653047	       174.3 ns/op	      57 B/op	       1 allocs/op
BenchmarkMicroCASContention/Main/N=32-14                                    	 6427209	       181.2 ns/op	      58 B/op	       1 allocs/op
BenchmarkMicroCASContention/Main/N=32-14                                    	 6737114	       175.3 ns/op	      56 B/op	       1 allocs/op
BenchmarkMicroCASContention/Main/N=32-14                                    	 7074471	       178.1 ns/op	      73 B/op	       1 allocs/op
BenchmarkMicroCASContention/Main/N=32-14                                    	 6886498	       171.0 ns/op	      65 B/op	       1 allocs/op
BenchmarkMicroCASContention/Main/N=32-14                                    	 6749920	       172.8 ns/op	      56 B/op	       1 allocs/op
BenchmarkMicroCASContention/MainFastPathForced/N=01-14                      	 9298138	       124.5 ns/op	      61 B/op	       1 allocs/op
BenchmarkMicroCASContention/MainFastPathForced/N=01-14                      	11054434	       116.3 ns/op	      64 B/op	       1 allocs/op
BenchmarkMicroCASContention/MainFastPathForced/N=01-14                      	11352831	       115.6 ns/op	      63 B/op	       1 allocs/op
BenchmarkMicroCASContention/MainFastPathForced/N=01-14                      	11072004	       114.2 ns/op	      64 B/op	       1 allocs/op
BenchmarkMicroCASContention/MainFastPathForced/N=01-14                      	11021737	       114.9 ns/op	      64 B/op	       1 allocs/op
BenchmarkMicroCASContention/MainFastPathForced/N=02-14                      	 5889135	       203.6 ns/op	      62 B/op	       1 allocs/op
BenchmarkMicroCASContention/MainFastPathForced/N=02-14                      	 6120157	       198.2 ns/op	      60 B/op	       1 allocs/op
BenchmarkMicroCASContention/MainFastPathForced/N=02-14                      	 6137689	       199.6 ns/op	      60 B/op	       1 allocs/op
BenchmarkMicroCASContention/MainFastPathForced/N=02-14                      	 6129730	       188.8 ns/op	      60 B/op	       1 allocs/op
BenchmarkMicroCASContention/MainFastPathForced/N=02-14                      	 7145560	       174.3 ns/op	      63 B/op	       1 allocs/op
BenchmarkMicroCASContention/MainFastPathForced/N=04-14                      	 6639902	       180.4 ns/op	      56 B/op	       1 allocs/op
BenchmarkMicroCASContention/MainFastPathForced/N=04-14                      	 7112536	       171.0 ns/op	      63 B/op	       1 allocs/op
BenchmarkMicroCASContention/MainFastPathForced/N=04-14                      	 6819676	       172.9 ns/op	      65 B/op	       1 allocs/op
BenchmarkMicroCASContention/MainFastPathForced/N=04-14                      	 6892034	       170.7 ns/op	      65 B/op	       1 allocs/op
BenchmarkMicroCASContention/MainFastPathForced/N=04-14                      	 7064637	       178.7 ns/op	      64 B/op	       1 allocs/op
BenchmarkMicroCASContention/MainFastPathForced/N=08-14                      	 6018418	       198.5 ns/op	      61 B/op	       1 allocs/op
BenchmarkMicroCASContention/MainFastPathForced/N=08-14                      	 6225472	       180.0 ns/op	      59 B/op	       1 allocs/op
BenchmarkMicroCASContention/MainFastPathForced/N=08-14                      	 6269032	       183.3 ns/op	      59 B/op	       1 allocs/op
BenchmarkMicroCASContention/MainFastPathForced/N=08-14                      	 6746385	       175.7 ns/op	      56 B/op	       1 allocs/op
BenchmarkMicroCASContention/MainFastPathForced/N=08-14                      	 7122242	       184.7 ns/op	      64 B/op	       1 allocs/op
BenchmarkMicroCASContention/MainFastPathForced/N=16-14                      	 6606036	       182.3 ns/op	      57 B/op	       1 allocs/op
BenchmarkMicroCASContention/MainFastPathForced/N=16-14                      	 6963490	       176.6 ns/op	      64 B/op	       1 allocs/op
BenchmarkMicroCASContention/MainFastPathForced/N=16-14                      	 6814778	       176.3 ns/op	      65 B/op	       1 allocs/op
BenchmarkMicroCASContention/MainFastPathForced/N=16-14                      	 6811587	       177.1 ns/op	      66 B/op	       1 allocs/op
BenchmarkMicroCASContention/MainFastPathForced/N=16-14                      	 6836916	       176.3 ns/op	      65 B/op	       1 allocs/op
BenchmarkMicroCASContention/MainFastPathForced/N=32-14                      	 6476444	       181.5 ns/op	      58 B/op	       1 allocs/op
BenchmarkMicroCASContention/MainFastPathForced/N=32-14                      	 7224861	       172.5 ns/op	      63 B/op	       1 allocs/op
BenchmarkMicroCASContention/MainFastPathForced/N=32-14                      	 7099484	       172.8 ns/op	      64 B/op	       1 allocs/op
BenchmarkMicroCASContention/MainFastPathForced/N=32-14                      	 6930267	       172.0 ns/op	      65 B/op	       1 allocs/op
BenchmarkMicroCASContention/MainFastPathForced/N=32-14                      	 6881448	       172.3 ns/op	      65 B/op	       1 allocs/op
BenchmarkMicroCASContention/MainFastPathDisabled/N=01-14                    	 9359704	       125.8 ns/op	      61 B/op	       1 allocs/op
BenchmarkMicroCASContention/MainFastPathDisabled/N=01-14                    	11206324	       118.5 ns/op	      64 B/op	       1 allocs/op
BenchmarkMicroCASContention/MainFastPathDisabled/N=01-14                    	10833615	       117.2 ns/op	      64 B/op	       1 allocs/op
BenchmarkMicroCASContention/MainFastPathDisabled/N=01-14                    	11027430	       115.7 ns/op	      64 B/op	       1 allocs/op
BenchmarkMicroCASContention/MainFastPathDisabled/N=01-14                    	10975420	       115.9 ns/op	      64 B/op	       1 allocs/op
BenchmarkMicroCASContention/MainFastPathDisabled/N=02-14                    	 5908221	       204.3 ns/op	      64 B/op	       1 allocs/op
BenchmarkMicroCASContention/MainFastPathDisabled/N=02-14                    	 6310068	       193.3 ns/op	      60 B/op	       1 allocs/op
BenchmarkMicroCASContention/MainFastPathDisabled/N=02-14                    	 6093446	       198.2 ns/op	      60 B/op	       1 allocs/op
BenchmarkMicroCASContention/MainFastPathDisabled/N=02-14                    	 6221052	       200.8 ns/op	      59 B/op	       1 allocs/op
BenchmarkMicroCASContention/MainFastPathDisabled/N=02-14                    	 6150481	       201.4 ns/op	      60 B/op	       1 allocs/op
BenchmarkMicroCASContention/MainFastPathDisabled/N=04-14                    	 5977900	       198.8 ns/op	      61 B/op	       1 allocs/op
BenchmarkMicroCASContention/MainFastPathDisabled/N=04-14                    	 6215581	       192.1 ns/op	      59 B/op	       1 allocs/op
BenchmarkMicroCASContention/MainFastPathDisabled/N=04-14                    	 6407110	       190.3 ns/op	      58 B/op	       1 allocs/op
BenchmarkMicroCASContention/MainFastPathDisabled/N=04-14                    	 6218425	       191.7 ns/op	      59 B/op	       1 allocs/op
BenchmarkMicroCASContention/MainFastPathDisabled/N=04-14                    	 6383989	       191.1 ns/op	      58 B/op	       1 allocs/op
BenchmarkMicroCASContention/MainFastPathDisabled/N=08-14                    	 6009283	       196.3 ns/op	      61 B/op	       1 allocs/op
BenchmarkMicroCASContention/MainFastPathDisabled/N=08-14                    	 6327174	       189.7 ns/op	      59 B/op	       1 allocs/op
BenchmarkMicroCASContention/MainFastPathDisabled/N=08-14                    	 6576831	       188.1 ns/op	      57 B/op	       1 allocs/op
BenchmarkMicroCASContention/MainFastPathDisabled/N=08-14                    	 6311494	       172.6 ns/op	      58 B/op	       1 allocs/op
BenchmarkMicroCASContention/MainFastPathDisabled/N=08-14                    	 6564625	       184.9 ns/op	      57 B/op	       1 allocs/op
BenchmarkMicroCASContention/MainFastPathDisabled/N=16-14                    	 6998841	       172.8 ns/op	      64 B/op	       1 allocs/op
BenchmarkMicroCASContention/MainFastPathDisabled/N=16-14                    	 7290954	       173.0 ns/op	      62 B/op	       1 allocs/op
BenchmarkMicroCASContention/MainFastPathDisabled/N=16-14                    	 7276587	       171.3 ns/op	      62 B/op	       1 allocs/op
BenchmarkMicroCASContention/MainFastPathDisabled/N=16-14                    	 7946199	       159.6 ns/op	      58 B/op	       1 allocs/op
BenchmarkMicroCASContention/MainFastPathDisabled/N=16-14                    	 6955693	       179.7 ns/op	      65 B/op	       1 allocs/op
BenchmarkMicroCASContention/MainFastPathDisabled/N=32-14                    	 6494436	       177.7 ns/op	      58 B/op	       1 allocs/op
BenchmarkMicroCASContention/MainFastPathDisabled/N=32-14                    	 7343821	       166.0 ns/op	      62 B/op	       1 allocs/op
BenchmarkMicroCASContention/MainFastPathDisabled/N=32-14                    	 6836128	       172.3 ns/op	      66 B/op	       1 allocs/op
BenchmarkMicroCASContention/MainFastPathDisabled/N=32-14                    	 7073082	       168.5 ns/op	      64 B/op	       1 allocs/op
BenchmarkMicroCASContention/MainFastPathDisabled/N=32-14                    	 6922910	       172.8 ns/op	      65 B/op	       1 allocs/op
BenchmarkMicroCASContention/AlternateOne/N=01-14                            	11787350	       126.1 ns/op	      16 B/op	       1 allocs/op
BenchmarkMicroCASContention/AlternateOne/N=01-14                            	11042283	       127.8 ns/op	      16 B/op	       1 allocs/op
BenchmarkMicroCASContention/AlternateOne/N=01-14                            	11193834	       106.3 ns/op	      19 B/op	       1 allocs/op
BenchmarkMicroCASContention/AlternateOne/N=01-14                            	 9588483	       105.4 ns/op	      21 B/op	       1 allocs/op
BenchmarkMicroCASContention/AlternateOne/N=01-14                            	11374722	       127.8 ns/op	      16 B/op	       1 allocs/op
BenchmarkMicroCASContention/AlternateOne/N=02-14                            	 8491088	       219.2 ns/op	      16 B/op	       1 allocs/op
BenchmarkMicroCASContention/AlternateOne/N=02-14                            	 8393748	       222.5 ns/op	      16 B/op	       1 allocs/op
BenchmarkMicroCASContention/AlternateOne/N=02-14                            	 8433652	       220.2 ns/op	      16 B/op	       1 allocs/op
BenchmarkMicroCASContention/AlternateOne/N=02-14                            	 8226262	       140.5 ns/op	      30 B/op	       1 allocs/op
BenchmarkMicroCASContention/AlternateOne/N=02-14                            	 8554806	       221.6 ns/op	      16 B/op	       1 allocs/op
BenchmarkMicroCASContention/AlternateOne/N=04-14                            	 8133332	       148.9 ns/op	      34 B/op	       1 allocs/op
BenchmarkMicroCASContention/AlternateOne/N=04-14                            	 8535728	       146.3 ns/op	      33 B/op	       1 allocs/op
BenchmarkMicroCASContention/AlternateOne/N=04-14                            	 7941958	       147.5 ns/op	      33 B/op	       1 allocs/op
BenchmarkMicroCASContention/AlternateOne/N=04-14                            	 8172711	       148.2 ns/op	      33 B/op	       1 allocs/op
BenchmarkMicroCASContention/AlternateOne/N=04-14                            	 7940272	       147.4 ns/op	      33 B/op	       1 allocs/op
BenchmarkMicroCASContention/AlternateOne/N=08-14                            	 7863909	       148.8 ns/op	      35 B/op	       1 allocs/op
BenchmarkMicroCASContention/AlternateOne/N=08-14                            	 7947573	       154.1 ns/op	      35 B/op	       1 allocs/op
BenchmarkMicroCASContention/AlternateOne/N=08-14                            	 7892704	       151.4 ns/op	      35 B/op	       1 allocs/op
BenchmarkMicroCASContention/AlternateOne/N=08-14                            	 8281921	       152.1 ns/op	      35 B/op	       1 allocs/op
BenchmarkMicroCASContention/AlternateOne/N=08-14                            	 7961584	       149.3 ns/op	      35 B/op	       1 allocs/op
BenchmarkMicroCASContention/AlternateOne/N=16-14                            	 8337026	       140.0 ns/op	      36 B/op	       1 allocs/op
BenchmarkMicroCASContention/AlternateOne/N=16-14                            	 8251606	       144.6 ns/op	      36 B/op	       1 allocs/op
BenchmarkMicroCASContention/AlternateOne/N=16-14                            	 8137012	       145.0 ns/op	      36 B/op	       1 allocs/op
BenchmarkMicroCASContention/AlternateOne/N=16-14                            	 8218303	       145.1 ns/op	      36 B/op	       1 allocs/op
BenchmarkMicroCASContention/AlternateOne/N=16-14                            	 8179521	       144.8 ns/op	      36 B/op	       1 allocs/op
BenchmarkMicroCASContention/AlternateOne/N=32-14                            	 8689983	       140.2 ns/op	      37 B/op	       1 allocs/op
BenchmarkMicroCASContention/AlternateOne/N=32-14                            	 8563101	       136.4 ns/op	      37 B/op	       1 allocs/op
BenchmarkMicroCASContention/AlternateOne/N=32-14                            	 8670572	       136.2 ns/op	      37 B/op	       1 allocs/op
BenchmarkMicroCASContention/AlternateOne/N=32-14                            	 8752945	       136.3 ns/op	      37 B/op	       1 allocs/op
BenchmarkMicroCASContention/AlternateOne/N=32-14                            	 8619184	       137.3 ns/op	      37 B/op	       1 allocs/op
BenchmarkMicroCASContention/AlternateTwo/N=01-14                            	11151595	       134.1 ns/op	      16 B/op	       1 allocs/op
BenchmarkMicroCASContention/AlternateTwo/N=01-14                            	11474652	       115.5 ns/op	      16 B/op	       1 allocs/op
BenchmarkMicroCASContention/AlternateTwo/N=01-14                            	 9701365	       119.8 ns/op	      16 B/op	       1 allocs/op
BenchmarkMicroCASContention/AlternateTwo/N=01-14                            	10059300	       125.4 ns/op	      16 B/op	       1 allocs/op
BenchmarkMicroCASContention/AlternateTwo/N=01-14                            	10164160	       122.8 ns/op	      16 B/op	       1 allocs/op
BenchmarkMicroCASContention/AlternateTwo/N=02-14                            	 6845773	       147.4 ns/op	      23 B/op	       1 allocs/op
BenchmarkMicroCASContention/AlternateTwo/N=02-14                            	 8707404	       140.5 ns/op	      20 B/op	       1 allocs/op
BenchmarkMicroCASContention/AlternateTwo/N=02-14                            	 9562653	       147.0 ns/op	      20 B/op	       1 allocs/op
BenchmarkMicroCASContention/AlternateTwo/N=02-14                            	 9086175	       142.6 ns/op	      21 B/op	       1 allocs/op
BenchmarkMicroCASContention/AlternateTwo/N=02-14                            	 8393520	       139.0 ns/op	      20 B/op	       1 allocs/op
BenchmarkMicroCASContention/AlternateTwo/N=04-14                            	 7525959	       173.5 ns/op	      26 B/op	       1 allocs/op
BenchmarkMicroCASContention/AlternateTwo/N=04-14                            	 6589939	       165.1 ns/op	      30 B/op	       1 allocs/op
BenchmarkMicroCASContention/AlternateTwo/N=04-14                            	 6841317	       167.9 ns/op	      28 B/op	       1 allocs/op
BenchmarkMicroCASContention/AlternateTwo/N=04-14                            	 6756226	       164.4 ns/op	      30 B/op	       1 allocs/op
BenchmarkMicroCASContention/AlternateTwo/N=04-14                            	 6646774	       161.4 ns/op	      29 B/op	       1 allocs/op
BenchmarkMicroCASContention/AlternateTwo/N=08-14                            	 9669201	       172.2 ns/op	      35 B/op	       1 allocs/op
BenchmarkMicroCASContention/AlternateTwo/N=08-14                            	10499367	       169.3 ns/op	      31 B/op	       1 allocs/op
BenchmarkMicroCASContention/AlternateTwo/N=08-14                            	10774825	       164.0 ns/op	      35 B/op	       1 allocs/op
BenchmarkMicroCASContention/AlternateTwo/N=08-14                            	10830628	       165.9 ns/op	      26 B/op	       1 allocs/op
BenchmarkMicroCASContention/AlternateTwo/N=08-14                            	10960813	       167.5 ns/op	      19 B/op	       1 allocs/op
BenchmarkMicroCASContention/AlternateTwo/N=16-14                            	 8410244	       181.1 ns/op	      30 B/op	       1 allocs/op
BenchmarkMicroCASContention/AlternateTwo/N=16-14                            	10160556	       179.4 ns/op	      37 B/op	       1 allocs/op
BenchmarkMicroCASContention/AlternateTwo/N=16-14                            	10888969	       183.4 ns/op	      31 B/op	       1 allocs/op
BenchmarkMicroCASContention/AlternateTwo/N=16-14                            	11299053	       196.2 ns/op	      36 B/op	       1 allocs/op
BenchmarkMicroCASContention/AlternateTwo/N=16-14                            	11466820	       179.4 ns/op	      30 B/op	       1 allocs/op
BenchmarkMicroCASContention/AlternateTwo/N=32-14                            	 8575843	       171.4 ns/op	      31 B/op	       1 allocs/op
BenchmarkMicroCASContention/AlternateTwo/N=32-14                            	11388136	       169.6 ns/op	      29 B/op	       1 allocs/op
BenchmarkMicroCASContention/AlternateTwo/N=32-14                            	11121609	       177.2 ns/op	      24 B/op	       1 allocs/op
BenchmarkMicroCASContention/AlternateTwo/N=32-14                            	10737415	       186.1 ns/op	      29 B/op	       1 allocs/op
BenchmarkMicroCASContention/AlternateTwo/N=32-14                            	11556438	       178.0 ns/op	      32 B/op	       1 allocs/op
BenchmarkMicroCASContention/AlternateThree/N=01-14                          	21185474	        55.10 ns/op	      16 B/op	       1 allocs/op
BenchmarkMicroCASContention/AlternateThree/N=01-14                          	22020502	        54.62 ns/op	      16 B/op	       1 allocs/op
BenchmarkMicroCASContention/AlternateThree/N=01-14                          	21602143	        55.05 ns/op	      16 B/op	       1 allocs/op
BenchmarkMicroCASContention/AlternateThree/N=01-14                          	21545371	        57.52 ns/op	      16 B/op	       1 allocs/op
BenchmarkMicroCASContention/AlternateThree/N=01-14                          	21479617	        56.42 ns/op	      16 B/op	       1 allocs/op
BenchmarkMicroCASContention/AlternateThree/N=02-14                          	11569052	       109.1 ns/op	      16 B/op	       1 allocs/op
BenchmarkMicroCASContention/AlternateThree/N=02-14                          	11020135	       109.2 ns/op	      16 B/op	       1 allocs/op
BenchmarkMicroCASContention/AlternateThree/N=02-14                          	10720886	       110.2 ns/op	      16 B/op	       1 allocs/op
BenchmarkMicroCASContention/AlternateThree/N=02-14                          	10553892	       109.2 ns/op	      16 B/op	       1 allocs/op
BenchmarkMicroCASContention/AlternateThree/N=02-14                          	12135697	       105.5 ns/op	      16 B/op	       1 allocs/op
BenchmarkMicroCASContention/AlternateThree/N=04-14                          	 7781500	       153.9 ns/op	      16 B/op	       1 allocs/op
BenchmarkMicroCASContention/AlternateThree/N=04-14                          	 7697574	       153.3 ns/op	      16 B/op	       1 allocs/op
BenchmarkMicroCASContention/AlternateThree/N=04-14                          	 7846260	       153.9 ns/op	      16 B/op	       1 allocs/op
BenchmarkMicroCASContention/AlternateThree/N=04-14                          	 7714870	       156.0 ns/op	      16 B/op	       1 allocs/op
BenchmarkMicroCASContention/AlternateThree/N=04-14                          	 7440706	       157.4 ns/op	      16 B/op	       1 allocs/op
BenchmarkMicroCASContention/AlternateThree/N=08-14                          	 7990581	       149.8 ns/op	      16 B/op	       1 allocs/op
BenchmarkMicroCASContention/AlternateThree/N=08-14                          	 7710188	       148.3 ns/op	      16 B/op	       1 allocs/op
BenchmarkMicroCASContention/AlternateThree/N=08-14                          	 8386364	       139.0 ns/op	      16 B/op	       1 allocs/op
BenchmarkMicroCASContention/AlternateThree/N=08-14                          	 7735806	       140.3 ns/op	      16 B/op	       1 allocs/op
BenchmarkMicroCASContention/AlternateThree/N=08-14                          	 9145539	       134.6 ns/op	      16 B/op	       1 allocs/op
BenchmarkMicroCASContention/AlternateThree/N=16-14                          	 9303992	       129.3 ns/op	      16 B/op	       1 allocs/op
BenchmarkMicroCASContention/AlternateThree/N=16-14                          	 9206731	       128.7 ns/op	      16 B/op	       1 allocs/op
BenchmarkMicroCASContention/AlternateThree/N=16-14                          	 9391214	       124.6 ns/op	      16 B/op	       1 allocs/op
BenchmarkMicroCASContention/AlternateThree/N=16-14                          	 9663528	       123.6 ns/op	      16 B/op	       1 allocs/op
BenchmarkMicroCASContention/AlternateThree/N=16-14                          	 9651192	       129.1 ns/op	      16 B/op	       1 allocs/op
BenchmarkMicroCASContention/AlternateThree/N=32-14                          	 8840796	       133.1 ns/op	      16 B/op	       1 allocs/op
BenchmarkMicroCASContention/AlternateThree/N=32-14                          	 9048069	       132.6 ns/op	      16 B/op	       1 allocs/op
BenchmarkMicroCASContention/AlternateThree/N=32-14                          	 9255295	       125.6 ns/op	      16 B/op	       1 allocs/op
BenchmarkMicroCASContention/AlternateThree/N=32-14                          	10276490	       127.3 ns/op	      16 B/op	       1 allocs/op
BenchmarkMicroCASContention/AlternateThree/N=32-14                          	 8391740	       124.5 ns/op	      16 B/op	       1 allocs/op
BenchmarkMicroCASContention/Baseline/N=01-14                                	11462566	       109.8 ns/op	      56 B/op	       3 allocs/op
BenchmarkMicroCASContention/Baseline/N=01-14                                	12564358	       111.5 ns/op	      56 B/op	       3 allocs/op
BenchmarkMicroCASContention/Baseline/N=01-14                                	11816426	       105.6 ns/op	      56 B/op	       3 allocs/op
BenchmarkMicroCASContention/Baseline/N=01-14                                	12258646	       110.6 ns/op	      56 B/op	       3 allocs/op
BenchmarkMicroCASContention/Baseline/N=01-14                                	11524388	       105.9 ns/op	      56 B/op	       3 allocs/op
BenchmarkMicroCASContention/Baseline/N=02-14                                	 8406561	       139.7 ns/op	      56 B/op	       3 allocs/op
BenchmarkMicroCASContention/Baseline/N=02-14                                	 8659636	       160.2 ns/op	      56 B/op	       3 allocs/op
BenchmarkMicroCASContention/Baseline/N=02-14                                	 7074036	       142.1 ns/op	      56 B/op	       3 allocs/op
BenchmarkMicroCASContention/Baseline/N=02-14                                	 8925020	       168.1 ns/op	      56 B/op	       3 allocs/op
BenchmarkMicroCASContention/Baseline/N=02-14                                	 9066400	       170.2 ns/op	      56 B/op	       3 allocs/op
BenchmarkMicroCASContention/Baseline/N=04-14                                	 5823514	       200.4 ns/op	      56 B/op	       3 allocs/op
BenchmarkMicroCASContention/Baseline/N=04-14                                	 5790264	       193.4 ns/op	      56 B/op	       3 allocs/op
BenchmarkMicroCASContention/Baseline/N=04-14                                	 5769104	       203.7 ns/op	      56 B/op	       3 allocs/op
BenchmarkMicroCASContention/Baseline/N=04-14                                	 5730446	       199.3 ns/op	      56 B/op	       3 allocs/op
BenchmarkMicroCASContention/Baseline/N=04-14                                	 6159793	       199.1 ns/op	      56 B/op	       3 allocs/op
BenchmarkMicroCASContention/Baseline/N=08-14                                	 5471014	       205.6 ns/op	      56 B/op	       3 allocs/op
BenchmarkMicroCASContention/Baseline/N=08-14                                	 5473568	       209.5 ns/op	      56 B/op	       3 allocs/op
BenchmarkMicroCASContention/Baseline/N=08-14                                	 5659179	       196.5 ns/op	      56 B/op	       3 allocs/op
BenchmarkMicroCASContention/Baseline/N=08-14                                	 5689834	       204.2 ns/op	      56 B/op	       3 allocs/op
BenchmarkMicroCASContention/Baseline/N=08-14                                	 5624952	       202.9 ns/op	      56 B/op	       3 allocs/op
BenchmarkMicroCASContention/Baseline/N=16-14                                	 6171675	       191.6 ns/op	      56 B/op	       3 allocs/op
BenchmarkMicroCASContention/Baseline/N=16-14                                	 5907831	       190.1 ns/op	      56 B/op	       3 allocs/op
BenchmarkMicroCASContention/Baseline/N=16-14                                	 5969124	       190.2 ns/op	      56 B/op	       3 allocs/op
BenchmarkMicroCASContention/Baseline/N=16-14                                	 6015248	       190.6 ns/op	      56 B/op	       3 allocs/op
BenchmarkMicroCASContention/Baseline/N=16-14                                	 5984949	       196.1 ns/op	      56 B/op	       3 allocs/op
BenchmarkMicroCASContention/Baseline/N=32-14                                	 6408147	       192.4 ns/op	      56 B/op	       3 allocs/op
BenchmarkMicroCASContention/Baseline/N=32-14                                	 6137868	       193.9 ns/op	      56 B/op	       3 allocs/op
BenchmarkMicroCASContention/Baseline/N=32-14                                	 5966181	       194.6 ns/op	      56 B/op	       3 allocs/op
BenchmarkMicroCASContention/Baseline/N=32-14                                	 5922968	       197.0 ns/op	      56 B/op	       3 allocs/op
BenchmarkMicroCASContention/Baseline/N=32-14                                	 5980995	       197.5 ns/op	      56 B/op	       3 allocs/op
BenchmarkMicroCASContention_Latency/Main-14                                 	  770594	      1630 ns/op	      1125 p50_ns	      3458 p95_ns	      6541 p99_ns	     128 B/op	       2 allocs/op
BenchmarkMicroCASContention_Latency/Main-14                                 	  733256	      1627 ns/op	      1125 p50_ns	      3500 p95_ns	      6542 p99_ns	     128 B/op	       2 allocs/op
BenchmarkMicroCASContention_Latency/Main-14                                 	  776395	      1593 ns/op	      1083 p50_ns	      3459 p95_ns	      6500 p99_ns	     128 B/op	       2 allocs/op
BenchmarkMicroCASContention_Latency/Main-14                                 	  743694	      1620 ns/op	      1084 p50_ns	      3500 p95_ns	      6583 p99_ns	     128 B/op	       2 allocs/op
BenchmarkMicroCASContention_Latency/Main-14                                 	  707236	      1609 ns/op	      1083 p50_ns	      3625 p95_ns	      6750 p99_ns	     128 B/op	       2 allocs/op
BenchmarkMicroCASContention_Latency/MainFastPathForced-14                   	  802126	      1552 ns/op	       958.0 p50_ns	      3500 p95_ns	      6458 p99_ns	     128 B/op	       2 allocs/op
BenchmarkMicroCASContention_Latency/MainFastPathForced-14                   	  747501	      1534 ns/op	       958.0 p50_ns	      3459 p95_ns	      6417 p99_ns	     128 B/op	       2 allocs/op
BenchmarkMicroCASContention_Latency/MainFastPathForced-14                   	  740064	      1544 ns/op	       958.0 p50_ns	      3375 p95_ns	      6417 p99_ns	     128 B/op	       2 allocs/op
BenchmarkMicroCASContention_Latency/MainFastPathForced-14                   	  707168	      1575 ns/op	       958.0 p50_ns	      3666 p95_ns	      6750 p99_ns	     128 B/op	       2 allocs/op
BenchmarkMicroCASContention_Latency/MainFastPathForced-14                   	  748173	      1540 ns/op	       958.0 p50_ns	      3500 p95_ns	      6500 p99_ns	     128 B/op	       2 allocs/op
BenchmarkMicroCASContention_Latency/MainFastPathDisabled-14                 	  139527	      8668 ns/op	      6709 p50_ns	     16167 p95_ns	     21792 p99_ns	     158 B/op	       3 allocs/op
BenchmarkMicroCASContention_Latency/MainFastPathDisabled-14                 	  122515	      8701 ns/op	      6666 p50_ns	     16250 p95_ns	     22042 p99_ns	     158 B/op	       3 allocs/op
BenchmarkMicroCASContention_Latency/MainFastPathDisabled-14                 	  137793	      8938 ns/op	      6833 p50_ns	     16916 p95_ns	     22750 p99_ns	     158 B/op	       3 allocs/op
BenchmarkMicroCASContention_Latency/MainFastPathDisabled-14                 	  137575	      8510 ns/op	      6583 p50_ns	     16083 p95_ns	     21416 p99_ns	     158 B/op	       3 allocs/op
BenchmarkMicroCASContention_Latency/MainFastPathDisabled-14                 	  140584	      9172 ns/op	      7042 p50_ns	     17208 p95_ns	     24125 p99_ns	     158 B/op	       3 allocs/op
BenchmarkMicroCASContention_Latency/AlternateOne-14                         	  128452	      9739 ns/op	      8375 p50_ns	     16250 p95_ns	     19833 p99_ns	     128 B/op	       2 allocs/op
BenchmarkMicroCASContention_Latency/AlternateOne-14                         	  137850	     10574 ns/op	      9875 p50_ns	     16167 p95_ns	     19875 p99_ns	     128 B/op	       2 allocs/op
BenchmarkMicroCASContention_Latency/AlternateOne-14                         	  109986	     10220 ns/op	      9500 p50_ns	     15708 p95_ns	     19500 p99_ns	     128 B/op	       2 allocs/op
BenchmarkMicroCASContention_Latency/AlternateOne-14                         	  116475	     10145 ns/op	      9417 p50_ns	     15750 p95_ns	     19458 p99_ns	     128 B/op	       2 allocs/op
BenchmarkMicroCASContention_Latency/AlternateOne-14                         	  113959	     11426 ns/op	     10250 p50_ns	     18500 p95_ns	     29166 p99_ns	     128 B/op	       2 allocs/op
BenchmarkMicroCASContention_Latency/AlternateTwo-14                         	  114667	     10068 ns/op	      9542 p50_ns	     14000 p95_ns	     19000 p99_ns	     128 B/op	       2 allocs/op
BenchmarkMicroCASContention_Latency/AlternateTwo-14                         	  123367	     10244 ns/op	      9667 p50_ns	     15208 p95_ns	     19750 p99_ns	     128 B/op	       2 allocs/op
BenchmarkMicroCASContention_Latency/AlternateTwo-14                         	  118744	     10458 ns/op	      9667 p50_ns	     16375 p95_ns	     20084 p99_ns	     128 B/op	       2 allocs/op
BenchmarkMicroCASContention_Latency/AlternateTwo-14                         	   95295	     10898 ns/op	      8292 p50_ns	     17042 p95_ns	     24417 p99_ns	     128 B/op	       2 allocs/op
BenchmarkMicroCASContention_Latency/AlternateTwo-14                         	  126457	     10909 ns/op	      8917 p50_ns	     19125 p95_ns	     26750 p99_ns	     128 B/op	       2 allocs/op
BenchmarkMicroCASContention_Latency/AlternateThree-14                       	  102072	     11284 ns/op	      8875 p50_ns	     18583 p95_ns	     32208 p99_ns	     128 B/op	       2 allocs/op
BenchmarkMicroCASContention_Latency/AlternateThree-14                       	  130390	     12256 ns/op	     11042 p50_ns	     20958 p95_ns	     27459 p99_ns	     128 B/op	       2 allocs/op
BenchmarkMicroCASContention_Latency/AlternateThree-14                       	   81751	     13248 ns/op	     11750 p50_ns	     21792 p95_ns	     26625 p99_ns	     128 B/op	       2 allocs/op
BenchmarkMicroCASContention_Latency/AlternateThree-14                       	  106968	     11638 ns/op	     10750 p50_ns	     18958 p95_ns	     23750 p99_ns	     128 B/op	       2 allocs/op
BenchmarkMicroCASContention_Latency/AlternateThree-14                       	  100869	     11109 ns/op	      9541 p50_ns	     17708 p95_ns	     23333 p99_ns	     128 B/op	       2 allocs/op
BenchmarkMicroCASContention_Latency/Baseline-14                             	 1598160	       723.0 ns/op	       500.0 p50_ns	      1459 p95_ns	      4250 p99_ns	     168 B/op	       4 allocs/op
BenchmarkMicroCASContention_Latency/Baseline-14                             	 1676640	       724.7 ns/op	       500.0 p50_ns	      1500 p95_ns	      4375 p99_ns	     168 B/op	       4 allocs/op
BenchmarkMicroCASContention_Latency/Baseline-14                             	 1570443	       755.3 ns/op	       500.0 p50_ns	      1625 p95_ns	      4625 p99_ns	     168 B/op	       4 allocs/op
BenchmarkMicroCASContention_Latency/Baseline-14                             	 1635826	       735.5 ns/op	       500.0 p50_ns	      1541 p95_ns	      4500 p99_ns	     168 B/op	       4 allocs/op
BenchmarkMicroCASContention_Latency/Baseline-14                             	 1583766	       709.4 ns/op	       500.0 p50_ns	      1417 p95_ns	      4083 p99_ns	     168 B/op	       4 allocs/op
BenchmarkMicroWakeupSyscall_Running/Main-14                                 	14129421	       119.4 ns/op	     561 B/op	       1 allocs/op
BenchmarkMicroWakeupSyscall_Running/Main-14                                 	29092024	       133.5 ns/op	     533 B/op	       1 allocs/op
BenchmarkMicroWakeupSyscall_Running/Main-14                                 	35604830	        87.43 ns/op	     544 B/op	       1 allocs/op
BenchmarkMicroWakeupSyscall_Running/Main-14                                 	33444932	        72.35 ns/op	     466 B/op	       1 allocs/op
BenchmarkMicroWakeupSyscall_Running/Main-14                                 	35595940	        94.63 ns/op	     544 B/op	       1 allocs/op
BenchmarkMicroWakeupSyscall_Running/MainFastPathForced-14                   	14390696	       114.3 ns/op	     551 B/op	       1 allocs/op
BenchmarkMicroWakeupSyscall_Running/MainFastPathForced-14                   	17375680	        64.63 ns/op	     459 B/op	       1 allocs/op
BenchmarkMicroWakeupSyscall_Running/MainFastPathForced-14                   	35716321	       106.4 ns/op	     543 B/op	       1 allocs/op
BenchmarkMicroWakeupSyscall_Running/MainFastPathForced-14                   	35753745	        93.48 ns/op	     542 B/op	       1 allocs/op
BenchmarkMicroWakeupSyscall_Running/MainFastPathForced-14                   	24824910	        68.36 ns/op	     501 B/op	       1 allocs/op
BenchmarkMicroWakeupSyscall_Running/MainFastPathDisabled-14                 	24122415	        65.20 ns/op	     515 B/op	       1 allocs/op
BenchmarkMicroWakeupSyscall_Running/MainFastPathDisabled-14                 	36236670	        56.15 ns/op	     535 B/op	       1 allocs/op
BenchmarkMicroWakeupSyscall_Running/MainFastPathDisabled-14                 	34903718	        66.75 ns/op	     555 B/op	       1 allocs/op
BenchmarkMicroWakeupSyscall_Running/MainFastPathDisabled-14                 	32289529	        61.73 ns/op	     482 B/op	       1 allocs/op
BenchmarkMicroWakeupSyscall_Running/MainFastPathDisabled-14                 	35746954	        62.10 ns/op	     542 B/op	       1 allocs/op
BenchmarkMicroWakeupSyscall_Running/AlternateOne-14                         	36816262	        28.73 ns/op	      40 B/op	       1 allocs/op
BenchmarkMicroWakeupSyscall_Running/AlternateOne-14                         	38262255	        27.42 ns/op	      40 B/op	       1 allocs/op
BenchmarkMicroWakeupSyscall_Running/AlternateOne-14                         	37949413	        27.40 ns/op	      40 B/op	       1 allocs/op
BenchmarkMicroWakeupSyscall_Running/AlternateOne-14                         	39216433	        28.26 ns/op	      40 B/op	       1 allocs/op
BenchmarkMicroWakeupSyscall_Running/AlternateOne-14                         	37897927	        28.87 ns/op	      40 B/op	       1 allocs/op
BenchmarkMicroWakeupSyscall_Running/AlternateTwo-14                         	13622888	        82.31 ns/op	      32 B/op	       2 allocs/op
BenchmarkMicroWakeupSyscall_Running/AlternateTwo-14                         	15183634	        74.04 ns/op	      30 B/op	       1 allocs/op
BenchmarkMicroWakeupSyscall_Running/AlternateTwo-14                         	16256353	        74.06 ns/op	      31 B/op	       1 allocs/op
BenchmarkMicroWakeupSyscall_Running/AlternateTwo-14                         	16201465	        73.38 ns/op	      31 B/op	       1 allocs/op
BenchmarkMicroWakeupSyscall_Running/AlternateTwo-14                         	17217733	        73.60 ns/op	      31 B/op	       1 allocs/op
BenchmarkMicroWakeupSyscall_Running/AlternateThree-14                       	52241959	        23.65 ns/op	      24 B/op	       1 allocs/op
BenchmarkMicroWakeupSyscall_Running/AlternateThree-14                       	52840641	        23.15 ns/op	      24 B/op	       1 allocs/op
BenchmarkMicroWakeupSyscall_Running/AlternateThree-14                       	50348064	        22.70 ns/op	      24 B/op	       1 allocs/op
BenchmarkMicroWakeupSyscall_Running/AlternateThree-14                       	53303424	        23.27 ns/op	      24 B/op	       1 allocs/op
BenchmarkMicroWakeupSyscall_Running/AlternateThree-14                       	50906415	        23.25 ns/op	      24 B/op	       1 allocs/op
BenchmarkMicroWakeupSyscall_Running/Baseline-14                             	21610629	        56.46 ns/op	     103 B/op	       3 allocs/op
BenchmarkMicroWakeupSyscall_Running/Baseline-14                             	26204043	        53.84 ns/op	     105 B/op	       3 allocs/op
BenchmarkMicroWakeupSyscall_Running/Baseline-14                             	26203519	        58.97 ns/op	     105 B/op	       3 allocs/op
BenchmarkMicroWakeupSyscall_Running/Baseline-14                             	25548855	        56.19 ns/op	      96 B/op	       3 allocs/op
BenchmarkMicroWakeupSyscall_Running/Baseline-14                             	25486611	        52.07 ns/op	      96 B/op	       3 allocs/op
BenchmarkMicroWakeupSyscall_Sleeping/Main-14                                	  728348	      1664 ns/op	     128 B/op	       2 allocs/op
BenchmarkMicroWakeupSyscall_Sleeping/Main-14                                	  721173	      1640 ns/op	     128 B/op	       2 allocs/op
BenchmarkMicroWakeupSyscall_Sleeping/Main-14                                	  698595	      1640 ns/op	     128 B/op	       2 allocs/op
BenchmarkMicroWakeupSyscall_Sleeping/Main-14                                	  720424	      1623 ns/op	     128 B/op	       2 allocs/op
BenchmarkMicroWakeupSyscall_Sleeping/Main-14                                	  737430	      1649 ns/op	     128 B/op	       2 allocs/op
BenchmarkMicroWakeupSyscall_Sleeping/MainFastPathForced-14                  	  691503	      1649 ns/op	     128 B/op	       2 allocs/op
BenchmarkMicroWakeupSyscall_Sleeping/MainFastPathForced-14                  	  722960	      1626 ns/op	     128 B/op	       2 allocs/op
BenchmarkMicroWakeupSyscall_Sleeping/MainFastPathForced-14                  	  727424	      1650 ns/op	     128 B/op	       2 allocs/op
BenchmarkMicroWakeupSyscall_Sleeping/MainFastPathForced-14                  	  749533	      1628 ns/op	     128 B/op	       2 allocs/op
BenchmarkMicroWakeupSyscall_Sleeping/MainFastPathForced-14                  	  739620	      1653 ns/op	     128 B/op	       2 allocs/op
BenchmarkMicroWakeupSyscall_Sleeping/MainFastPathDisabled-14                	   85114	     12913 ns/op	     158 B/op	       3 allocs/op
BenchmarkMicroWakeupSyscall_Sleeping/MainFastPathDisabled-14                	  110708	     11037 ns/op	     159 B/op	       3 allocs/op
BenchmarkMicroWakeupSyscall_Sleeping/MainFastPathDisabled-14                	  109191	     11169 ns/op	     159 B/op	       3 allocs/op
BenchmarkMicroWakeupSyscall_Sleeping/MainFastPathDisabled-14                	  110797	     11321 ns/op	     159 B/op	       3 allocs/op
BenchmarkMicroWakeupSyscall_Sleeping/MainFastPathDisabled-14                	  107871	     10736 ns/op	     159 B/op	       3 allocs/op
BenchmarkMicroWakeupSyscall_Sleeping/AlternateOne-14                        	  118885	     10724 ns/op	     128 B/op	       2 allocs/op
BenchmarkMicroWakeupSyscall_Sleeping/AlternateOne-14                        	  111933	     10793 ns/op	     128 B/op	       2 allocs/op
BenchmarkMicroWakeupSyscall_Sleeping/AlternateOne-14                        	  110584	     10386 ns/op	     128 B/op	       2 allocs/op
BenchmarkMicroWakeupSyscall_Sleeping/AlternateOne-14                        	  112618	     10622 ns/op	     128 B/op	       2 allocs/op
BenchmarkMicroWakeupSyscall_Sleeping/AlternateOne-14                        	  130093	     11880 ns/op	     128 B/op	       2 allocs/op
BenchmarkMicroWakeupSyscall_Sleeping/AlternateTwo-14                        	   97423	     10560 ns/op	     128 B/op	       2 allocs/op
BenchmarkMicroWakeupSyscall_Sleeping/AlternateTwo-14                        	  111662	     10915 ns/op	     128 B/op	       2 allocs/op
BenchmarkMicroWakeupSyscall_Sleeping/AlternateTwo-14                        	  100592	     11333 ns/op	     128 B/op	       2 allocs/op
BenchmarkMicroWakeupSyscall_Sleeping/AlternateTwo-14                        	  110509	     12538 ns/op	     128 B/op	       2 allocs/op
BenchmarkMicroWakeupSyscall_Sleeping/AlternateTwo-14                        	   96646	     13875 ns/op	     128 B/op	       2 allocs/op
BenchmarkMicroWakeupSyscall_Sleeping/AlternateThree-14                      	   93090	     14814 ns/op	     128 B/op	       2 allocs/op
BenchmarkMicroWakeupSyscall_Sleeping/AlternateThree-14                      	  114303	     13390 ns/op	     128 B/op	       2 allocs/op
BenchmarkMicroWakeupSyscall_Sleeping/AlternateThree-14                      	   82791	     13821 ns/op	     128 B/op	       2 allocs/op
BenchmarkMicroWakeupSyscall_Sleeping/AlternateThree-14                      	   93806	     13574 ns/op	     128 B/op	       2 allocs/op
BenchmarkMicroWakeupSyscall_Sleeping/AlternateThree-14                      	   82396	     13668 ns/op	     128 B/op	       2 allocs/op
BenchmarkMicroWakeupSyscall_Sleeping/Baseline-14                            	 1626621	       704.1 ns/op	     168 B/op	       4 allocs/op
BenchmarkMicroWakeupSyscall_Sleeping/Baseline-14                            	 1644340	       716.7 ns/op	     168 B/op	       4 allocs/op
BenchmarkMicroWakeupSyscall_Sleeping/Baseline-14                            	 1691035	       723.3 ns/op	     168 B/op	       4 allocs/op
BenchmarkMicroWakeupSyscall_Sleeping/Baseline-14                            	 1643043	       719.4 ns/op	     168 B/op	       4 allocs/op
BenchmarkMicroWakeupSyscall_Sleeping/Baseline-14                            	 1671736	       708.5 ns/op	     168 B/op	       4 allocs/op
BenchmarkMicroWakeupSyscall_Burst/Main-14                                   	 3012778	       405.7 ns/op	      17 B/op	       1 allocs/op
BenchmarkMicroWakeupSyscall_Burst/Main-14                                   	 2972702	       411.4 ns/op	      17 B/op	       1 allocs/op
BenchmarkMicroWakeupSyscall_Burst/Main-14                                   	 2927571	       402.3 ns/op	      17 B/op	       1 allocs/op
BenchmarkMicroWakeupSyscall_Burst/Main-14                                   	 2943802	       413.7 ns/op	      17 B/op	       1 allocs/op
BenchmarkMicroWakeupSyscall_Burst/Main-14                                   	 2934926	       401.5 ns/op	      17 B/op	       1 allocs/op
BenchmarkMicroWakeupSyscall_Burst/MainFastPathForced-14                     	 2892987	       408.8 ns/op	      17 B/op	       1 allocs/op
BenchmarkMicroWakeupSyscall_Burst/MainFastPathForced-14                     	 2912054	       406.7 ns/op	      17 B/op	       1 allocs/op
BenchmarkMicroWakeupSyscall_Burst/MainFastPathForced-14                     	 2900488	       400.3 ns/op	      17 B/op	       1 allocs/op
BenchmarkMicroWakeupSyscall_Burst/MainFastPathForced-14                     	 3024650	       408.2 ns/op	      17 B/op	       1 allocs/op
BenchmarkMicroWakeupSyscall_Burst/MainFastPathForced-14                     	 2933826	       409.8 ns/op	      17 B/op	       1 allocs/op
BenchmarkMicroWakeupSyscall_Burst/MainFastPathDisabled-14                   	 2326124	       500.9 ns/op	      17 B/op	       1 allocs/op
BenchmarkMicroWakeupSyscall_Burst/MainFastPathDisabled-14                   	 2458375	       482.8 ns/op	      17 B/op	       1 allocs/op
BenchmarkMicroWakeupSyscall_Burst/MainFastPathDisabled-14                   	 2417053	       447.9 ns/op	      17 B/op	       1 allocs/op
BenchmarkMicroWakeupSyscall_Burst/MainFastPathDisabled-14                   	 2783101	       495.9 ns/op	      17 B/op	       1 allocs/op
BenchmarkMicroWakeupSyscall_Burst/MainFastPathDisabled-14                   	 2419219	       499.5 ns/op	      17 B/op	       1 allocs/op
BenchmarkMicroWakeupSyscall_Burst/AlternateOne-14                           	 8276294	       153.2 ns/op	      17 B/op	       1 allocs/op
BenchmarkMicroWakeupSyscall_Burst/AlternateOne-14                           	 8006220	       152.6 ns/op	      17 B/op	       1 allocs/op
BenchmarkMicroWakeupSyscall_Burst/AlternateOne-14                           	 8002698	      1474 ns/op	      17 B/op	       1 allocs/op
BenchmarkMicroWakeupSyscall_Burst/AlternateOne-14                           	 7877415	       169.6 ns/op	      17 B/op	       1 allocs/op
BenchmarkMicroWakeupSyscall_Burst/AlternateOne-14                           	 7605415	       148.4 ns/op	      17 B/op	       1 allocs/op
BenchmarkMicroWakeupSyscall_Burst/AlternateTwo-14                           	 7368556	       173.2 ns/op	      17 B/op	       1 allocs/op
BenchmarkMicroWakeupSyscall_Burst/AlternateTwo-14                           	 6287221	       179.8 ns/op	      17 B/op	       1 allocs/op
BenchmarkMicroWakeupSyscall_Burst/AlternateTwo-14                           	 7333368	       173.9 ns/op	      17 B/op	       1 allocs/op
BenchmarkMicroWakeupSyscall_Burst/AlternateTwo-14                           	 7374668	       173.7 ns/op	      17 B/op	       1 allocs/op
BenchmarkMicroWakeupSyscall_Burst/AlternateTwo-14                           	 7222018	       174.2 ns/op	      17 B/op	       1 allocs/op
BenchmarkMicroWakeupSyscall_Burst/AlternateThree-14                         	 8796535	       128.6 ns/op	      17 B/op	       1 allocs/op
BenchmarkMicroWakeupSyscall_Burst/AlternateThree-14                         	 9144151	       131.3 ns/op	      17 B/op	       1 allocs/op
BenchmarkMicroWakeupSyscall_Burst/AlternateThree-14                         	 9201853	       132.2 ns/op	      17 B/op	       1 allocs/op
BenchmarkMicroWakeupSyscall_Burst/AlternateThree-14                         	 9039555	       131.2 ns/op	      17 B/op	       1 allocs/op
BenchmarkMicroWakeupSyscall_Burst/AlternateThree-14                         	 9028080	       131.2 ns/op	      17 B/op	       1 allocs/op
BenchmarkMicroWakeupSyscall_Burst/Baseline-14                               	12087730	       102.4 ns/op	      57 B/op	       3 allocs/op
BenchmarkMicroWakeupSyscall_Burst/Baseline-14                               	12068710	        98.99 ns/op	      57 B/op	       3 allocs/op
BenchmarkMicroWakeupSyscall_Burst/Baseline-14                               	12411004	       100.3 ns/op	      57 B/op	       3 allocs/op
BenchmarkMicroWakeupSyscall_Burst/Baseline-14                               	12301640	       102.9 ns/op	      57 B/op	       3 allocs/op
BenchmarkMicroWakeupSyscall_Burst/Baseline-14                               	12649186	        99.36 ns/op	      57 B/op	       3 allocs/op
BenchmarkMicroWakeupSyscall_RapidSubmit/Main-14                             	 9512588	       125.6 ns/op	      60 B/op	       1 allocs/op
BenchmarkMicroWakeupSyscall_RapidSubmit/Main-14                             	11392909	       116.8 ns/op	      62 B/op	       1 allocs/op
BenchmarkMicroWakeupSyscall_RapidSubmit/Main-14                             	11296615	       134.3 ns/op	      64 B/op	       1 allocs/op
BenchmarkMicroWakeupSyscall_RapidSubmit/Main-14                             	11219277	       117.0 ns/op	      63 B/op	       1 allocs/op
BenchmarkMicroWakeupSyscall_RapidSubmit/Main-14                             	11378289	       118.0 ns/op	      62 B/op	       1 allocs/op
BenchmarkMicroWakeupSyscall_RapidSubmit/MainFastPathForced-14               	 9178706	       127.5 ns/op	      62 B/op	       1 allocs/op
BenchmarkMicroWakeupSyscall_RapidSubmit/MainFastPathForced-14               	10973100	       118.0 ns/op	      64 B/op	       1 allocs/op
BenchmarkMicroWakeupSyscall_RapidSubmit/MainFastPathForced-14               	11110282	       118.0 ns/op	      63 B/op	       1 allocs/op
BenchmarkMicroWakeupSyscall_RapidSubmit/MainFastPathForced-14               	11181885	       117.7 ns/op	      63 B/op	       1 allocs/op
BenchmarkMicroWakeupSyscall_RapidSubmit/MainFastPathForced-14               	11067770	       117.3 ns/op	      64 B/op	       1 allocs/op
BenchmarkMicroWakeupSyscall_RapidSubmit/MainFastPathDisabled-14             	 9453415	       126.8 ns/op	      61 B/op	       1 allocs/op
BenchmarkMicroWakeupSyscall_RapidSubmit/MainFastPathDisabled-14             	11034325	       119.3 ns/op	      64 B/op	       1 allocs/op
BenchmarkMicroWakeupSyscall_RapidSubmit/MainFastPathDisabled-14             	11218128	       117.5 ns/op	      63 B/op	       1 allocs/op
BenchmarkMicroWakeupSyscall_RapidSubmit/MainFastPathDisabled-14             	11016577	       118.6 ns/op	      64 B/op	       1 allocs/op
BenchmarkMicroWakeupSyscall_RapidSubmit/MainFastPathDisabled-14             	11207493	       122.4 ns/op	      64 B/op	       1 allocs/op
BenchmarkMicroWakeupSyscall_RapidSubmit/AlternateOne-14                     	 9327073	       108.3 ns/op	      19 B/op	       1 allocs/op
BenchmarkMicroWakeupSyscall_RapidSubmit/AlternateOne-14                     	10887974	       125.6 ns/op	      16 B/op	       1 allocs/op
BenchmarkMicroWakeupSyscall_RapidSubmit/AlternateOne-14                     	 9576187	       125.6 ns/op	      16 B/op	       1 allocs/op
BenchmarkMicroWakeupSyscall_RapidSubmit/AlternateOne-14                     	10284280	       124.7 ns/op	      16 B/op	       1 allocs/op
BenchmarkMicroWakeupSyscall_RapidSubmit/AlternateOne-14                     	10925736	       126.4 ns/op	      16 B/op	       1 allocs/op
BenchmarkMicroWakeupSyscall_RapidSubmit/AlternateTwo-14                     	 8245410	       146.2 ns/op	      17 B/op	       1 allocs/op
BenchmarkMicroWakeupSyscall_RapidSubmit/AlternateTwo-14                     	 8672838	       130.9 ns/op	      16 B/op	       1 allocs/op
BenchmarkMicroWakeupSyscall_RapidSubmit/AlternateTwo-14                     	 8386173	       135.2 ns/op	      16 B/op	       1 allocs/op
BenchmarkMicroWakeupSyscall_RapidSubmit/AlternateTwo-14                     	 8328171	       127.0 ns/op	      16 B/op	       1 allocs/op
BenchmarkMicroWakeupSyscall_RapidSubmit/AlternateTwo-14                     	 8463122	       130.4 ns/op	      16 B/op	       1 allocs/op
BenchmarkMicroWakeupSyscall_RapidSubmit/AlternateThree-14                   	21325054	        57.16 ns/op	      16 B/op	       1 allocs/op
BenchmarkMicroWakeupSyscall_RapidSubmit/AlternateThree-14                   	20348725	        57.99 ns/op	      16 B/op	       1 allocs/op
BenchmarkMicroWakeupSyscall_RapidSubmit/AlternateThree-14                   	21361609	        58.39 ns/op	      16 B/op	       1 allocs/op
BenchmarkMicroWakeupSyscall_RapidSubmit/AlternateThree-14                   	20516823	        60.23 ns/op	      16 B/op	       1 allocs/op
BenchmarkMicroWakeupSyscall_RapidSubmit/AlternateThree-14                   	20775667	        58.89 ns/op	      16 B/op	       1 allocs/op
BenchmarkMicroWakeupSyscall_RapidSubmit/Baseline-14                         	11540305	       104.5 ns/op	      56 B/op	       3 allocs/op
BenchmarkMicroWakeupSyscall_RapidSubmit/Baseline-14                         	11446762	       111.5 ns/op	      56 B/op	       3 allocs/op
BenchmarkMicroWakeupSyscall_RapidSubmit/Baseline-14                         	11013657	       111.9 ns/op	      56 B/op	       3 allocs/op
BenchmarkMicroWakeupSyscall_RapidSubmit/Baseline-14                         	13618288	       112.2 ns/op	      56 B/op	       3 allocs/op
BenchmarkMicroWakeupSyscall_RapidSubmit/Baseline-14                         	11959054	       113.0 ns/op	      56 B/op	       3 allocs/op
BenchmarkMicrotaskRoundTrip/Main-14                                         	  392568	      3148 ns/op	     411 B/op	      12 allocs/op
BenchmarkMicrotaskRoundTrip/Main-14                                         	  360214	      3358 ns/op	     418 B/op	      12 allocs/op
BenchmarkMicrotaskRoundTrip/Main-14                                         	  348418	      3189 ns/op	     394 B/op	      11 allocs/op
BenchmarkMicrotaskRoundTrip/Main-14                                         	  367648	      3254 ns/op	     410 B/op	      12 allocs/op
BenchmarkMicrotaskRoundTrip/Main-14                                         	  345408	      3327 ns/op	     420 B/op	      12 allocs/op
BenchmarkMicrotaskRoundTrip/MainFastPathForced-14                           	  312493	      3334 ns/op	     430 B/op	      12 allocs/op
BenchmarkMicrotaskRoundTrip/MainFastPathForced-14                           	  380878	      3388 ns/op	     437 B/op	      13 allocs/op
BenchmarkMicrotaskRoundTrip/MainFastPathForced-14                           	  355412	      3328 ns/op	     435 B/op	      12 allocs/op
BenchmarkMicrotaskRoundTrip/MainFastPathForced-14                           	  344823	      3384 ns/op	     433 B/op	      12 allocs/op
BenchmarkMicrotaskRoundTrip/MainFastPathForced-14                           	  338802	      3365 ns/op	     430 B/op	      12 allocs/op
BenchmarkMicrotaskRoundTrip/MainFastPathDisabled-14                         	  139154	      9020 ns/op	     462 B/op	      14 allocs/op
BenchmarkMicrotaskRoundTrip/MainFastPathDisabled-14                         	  127752	      8939 ns/op	     464 B/op	      14 allocs/op
BenchmarkMicrotaskRoundTrip/MainFastPathDisabled-14                         	  130796	      9028 ns/op	     461 B/op	      14 allocs/op
BenchmarkMicrotaskRoundTrip/MainFastPathDisabled-14                         	  124773	      9578 ns/op	     462 B/op	      14 allocs/op
BenchmarkMicrotaskRoundTrip/MainFastPathDisabled-14                         	  134013	      8894 ns/op	     458 B/op	      14 allocs/op
BenchmarkMicrotaskRoundTrip/AlternateOne-14                                 	       1	10000241542 ns/op	    4056 B/op	      17 allocs/op
BenchmarkMicrotaskRoundTrip/AlternateOne-14                                 	       1	10001043000 ns/op	    4056 B/op	      17 allocs/op
BenchmarkMicrotaskRoundTrip/AlternateOne-14                                 	       1	10001089083 ns/op	    4056 B/op	      17 allocs/op
BenchmarkMicrotaskRoundTrip/AlternateOne-14                                 	       1	10001071666 ns/op	    4056 B/op	      17 allocs/op
BenchmarkMicrotaskRoundTrip/AlternateOne-14                                 	       1	10000466834 ns/op	    4056 B/op	      17 allocs/op
BenchmarkMicrotaskRoundTrip/AlternateTwo-14                                 	     100	  10315680 ns/op	     134 B/op	       2 allocs/op
BenchmarkMicrotaskRoundTrip/AlternateTwo-14                                 	     100	  10292149 ns/op	     134 B/op	       2 allocs/op
BenchmarkMicrotaskRoundTrip/AlternateTwo-14                                 	     100	  10415517 ns/op	     134 B/op	       2 allocs/op
BenchmarkMicrotaskRoundTrip/AlternateTwo-14                                 	     121	  10055593 ns/op	     133 B/op	       2 allocs/op
BenchmarkMicrotaskRoundTrip/AlternateTwo-14                                 	     100	  10080537 ns/op	     134 B/op	       2 allocs/op
BenchmarkPromisesV2/ChainedPromise/ChainDepth100EndToEnd-14                 	   62192	     19089 ns/op	   14303 B/op	     320 allocs/op
BenchmarkPromisesV2/ChainedPromise/ChainDepth100EndToEnd-14                 	   62208	     19177 ns/op	   14303 B/op	     320 allocs/op
BenchmarkPromisesV2/ChainedPromise/ChainDepth100EndToEnd-14                 	   62888	     19130 ns/op	   14303 B/op	     320 allocs/op
BenchmarkPromisesV2/ChainedPromise/ChainDepth100EndToEnd-14                 	   62424	     18997 ns/op	   14303 B/op	     320 allocs/op
BenchmarkPromisesV2/ChainedPromise/ChainDepth100EndToEnd-14                 	   63098	     19074 ns/op	   14303 B/op	     320 allocs/op
BenchmarkPromisesV2/ChainedPromise/ResolvedHandlerEndToEnd-14               	  323722	      3704 ns/op	     578 B/op	      16 allocs/op
BenchmarkPromisesV2/ChainedPromise/ResolvedHandlerEndToEnd-14               	  351868	      3645 ns/op	     576 B/op	      16 allocs/op
BenchmarkPromisesV2/ChainedPromise/ResolvedHandlerEndToEnd-14               	  327410	      3720 ns/op	     580 B/op	      16 allocs/op
BenchmarkPromisesV2/ChainedPromise/ResolvedHandlerEndToEnd-14               	  331971	      3681 ns/op	     581 B/op	      16 allocs/op
BenchmarkPromisesV2/ChainedPromise/ResolvedHandlerEndToEnd-14               	  334452	      3685 ns/op	     579 B/op	      16 allocs/op
BenchmarkPromisesV2/ChainedPromise/FanOut100EndToEnd-14                     	   26688	     44137 ns/op	   25639 B/op	     523 allocs/op
BenchmarkPromisesV2/ChainedPromise/FanOut100EndToEnd-14                     	   26703	     44447 ns/op	   25639 B/op	     523 allocs/op
BenchmarkPromisesV2/ChainedPromise/FanOut100EndToEnd-14                     	   26596	     44682 ns/op	   25638 B/op	     523 allocs/op
BenchmarkPromisesV2/ChainedPromise/FanOut100EndToEnd-14                     	   26528	     45283 ns/op	   25638 B/op	     523 allocs/op
BenchmarkPromisesV2/ChainedPromise/FanOut100EndToEnd-14                     	   26452	     44944 ns/op	   25638 B/op	     523 allocs/op
BenchmarkPromisesV2/ChainedPromise/Race100EndToEnd-14                       	   55184	     21687 ns/op	   23400 B/op	     626 allocs/op
BenchmarkPromisesV2/ChainedPromise/Race100EndToEnd-14                       	   54871	     21604 ns/op	   23400 B/op	     625 allocs/op
BenchmarkPromisesV2/ChainedPromise/Race100EndToEnd-14                       	   55772	     21602 ns/op	   23400 B/op	     625 allocs/op
BenchmarkPromisesV2/ChainedPromise/Race100EndToEnd-14                       	   55076	     21930 ns/op	   23400 B/op	     625 allocs/op
BenchmarkPromisesV2/ChainedPromise/Race100EndToEnd-14                       	   54373	     22035 ns/op	   23400 B/op	     625 allocs/op
BenchmarkPromisesV2/PromiseAltOne/ChainDepth100EndToEnd-14                  	   71792	     16848 ns/op	   14302 B/op	     320 allocs/op
BenchmarkPromisesV2/PromiseAltOne/ChainDepth100EndToEnd-14                  	   70872	     16996 ns/op	   14303 B/op	     320 allocs/op
BenchmarkPromisesV2/PromiseAltOne/ChainDepth100EndToEnd-14                  	   71652	     16719 ns/op	   14302 B/op	     320 allocs/op
BenchmarkPromisesV2/PromiseAltOne/ChainDepth100EndToEnd-14                  	   72322	     16808 ns/op	   14303 B/op	     320 allocs/op
BenchmarkPromisesV2/PromiseAltOne/ChainDepth100EndToEnd-14                  	   71634	     16877 ns/op	   14303 B/op	     320 allocs/op
BenchmarkPromisesV2/PromiseAltOne/ResolvedHandlerEndToEnd-14                	  327622	      3650 ns/op	     573 B/op	      16 allocs/op
BenchmarkPromisesV2/PromiseAltOne/ResolvedHandlerEndToEnd-14                	  332802	      3678 ns/op	     572 B/op	      16 allocs/op
BenchmarkPromisesV2/PromiseAltOne/ResolvedHandlerEndToEnd-14                	  391338	      3659 ns/op	     575 B/op	      16 allocs/op
BenchmarkPromisesV2/PromiseAltOne/ResolvedHandlerEndToEnd-14                	  315168	      3712 ns/op	     576 B/op	      16 allocs/op
BenchmarkPromisesV2/PromiseAltOne/ResolvedHandlerEndToEnd-14                	  303588	      3557 ns/op	     569 B/op	      15 allocs/op
BenchmarkPromisesV2/PromiseAltOne/FanOut100EndToEnd-14                      	   27740	     43265 ns/op	   25638 B/op	     523 allocs/op
BenchmarkPromisesV2/PromiseAltOne/FanOut100EndToEnd-14                      	   27682	     43313 ns/op	   25637 B/op	     523 allocs/op
BenchmarkPromisesV2/PromiseAltOne/FanOut100EndToEnd-14                      	   27939	     43524 ns/op	   25638 B/op	     523 allocs/op
BenchmarkPromisesV2/PromiseAltOne/FanOut100EndToEnd-14                      	   27722	     43511 ns/op	   25638 B/op	     523 allocs/op
BenchmarkPromisesV2/PromiseAltOne/FanOut100EndToEnd-14                      	   27559	     43334 ns/op	   25638 B/op	     523 allocs/op
BenchmarkPromisesV2/PromiseAltOne/Race100EndToEnd-14                        	   99711	     11958 ns/op	   10559 B/op	     222 allocs/op
BenchmarkPromisesV2/PromiseAltOne/Race100EndToEnd-14                        	  101295	     11693 ns/op	   10559 B/op	     222 allocs/op
BenchmarkPromisesV2/PromiseAltOne/Race100EndToEnd-14                        	  100712	     11765 ns/op	   10559 B/op	     222 allocs/op
BenchmarkPromisesV2/PromiseAltOne/Race100EndToEnd-14                        	  102032	     11628 ns/op	   10559 B/op	     222 allocs/op
BenchmarkPromisesV2/PromiseAltOne/Race100EndToEnd-14                        	  104086	     11469 ns/op	   10559 B/op	     222 allocs/op
BenchmarkPromisesV2/PromiseAltTwo/ChainDepth100EndToEnd-14                  	   63538	     19088 ns/op	   14287 B/op	     421 allocs/op
BenchmarkPromisesV2/PromiseAltTwo/ChainDepth100EndToEnd-14                  	   63820	     19129 ns/op	   14287 B/op	     421 allocs/op
BenchmarkPromisesV2/PromiseAltTwo/ChainDepth100EndToEnd-14                  	   63042	     20500 ns/op	   14287 B/op	     421 allocs/op
BenchmarkPromisesV2/PromiseAltTwo/ChainDepth100EndToEnd-14                  	   63070	     19203 ns/op	   14287 B/op	     421 allocs/op
BenchmarkPromisesV2/PromiseAltTwo/ChainDepth100EndToEnd-14                  	   63019	     19178 ns/op	   14287 B/op	     421 allocs/op
BenchmarkPromisesV2/PromiseAltTwo/ResolvedHandlerEndToEnd-14                	  388364	      3274 ns/op	     559 B/op	      16 allocs/op
BenchmarkPromisesV2/PromiseAltTwo/ResolvedHandlerEndToEnd-14                	  362725	      3231 ns/op	     560 B/op	      16 allocs/op
BenchmarkPromisesV2/PromiseAltTwo/ResolvedHandlerEndToEnd-14                	  378145	      3214 ns/op	     556 B/op	      16 allocs/op
BenchmarkPromisesV2/PromiseAltTwo/ResolvedHandlerEndToEnd-14                	  364352	      3237 ns/op	     557 B/op	      16 allocs/op
BenchmarkPromisesV2/PromiseAltTwo/ResolvedHandlerEndToEnd-14                	  372868	      3262 ns/op	     558 B/op	      16 allocs/op
BenchmarkPromisesV2/PromiseAltTwo/FanOut100EndToEnd-14                      	   33955	     35532 ns/op	   15740 B/op	     517 allocs/op
BenchmarkPromisesV2/PromiseAltTwo/FanOut100EndToEnd-14                      	   30642	     35445 ns/op	   15741 B/op	     517 allocs/op
BenchmarkPromisesV2/PromiseAltTwo/FanOut100EndToEnd-14                      	   33324	     37014 ns/op	   15740 B/op	     517 allocs/op
BenchmarkPromisesV2/PromiseAltTwo/FanOut100EndToEnd-14                      	   33594	     35308 ns/op	   15741 B/op	     517 allocs/op
BenchmarkPromisesV2/PromiseAltTwo/FanOut100EndToEnd-14                      	   34048	     38238 ns/op	   15740 B/op	     517 allocs/op
BenchmarkPromisesV2/PromiseAltThree/ChainDepth100EndToEnd-14                	   60338	     19799 ns/op	   11183 B/op	     321 allocs/op
BenchmarkPromisesV2/PromiseAltThree/ChainDepth100EndToEnd-14                	   60706	     19488 ns/op	   11198 B/op	     321 allocs/op
BenchmarkPromisesV2/PromiseAltThree/ChainDepth100EndToEnd-14                	   60340	     19415 ns/op	   11194 B/op	     321 allocs/op
BenchmarkPromisesV2/PromiseAltThree/ChainDepth100EndToEnd-14                	   62011	     19302 ns/op	   11196 B/op	     321 allocs/op
BenchmarkPromisesV2/PromiseAltThree/ChainDepth100EndToEnd-14                	   62744	     19332 ns/op	   11195 B/op	     321 allocs/op
BenchmarkPromisesV2/PromiseAltThree/ResolvedHandlerEndToEnd-14              	  315040	      3869 ns/op	     541 B/op	      16 allocs/op
BenchmarkPromisesV2/PromiseAltThree/ResolvedHandlerEndToEnd-14              	  329026	      3760 ns/op	     540 B/op	      15 allocs/op
BenchmarkPromisesV2/PromiseAltThree/ResolvedHandlerEndToEnd-14              	  310365	      3712 ns/op	     538 B/op	      15 allocs/op
BenchmarkPromisesV2/PromiseAltThree/ResolvedHandlerEndToEnd-14              	  340584	      3611 ns/op	     543 B/op	      16 allocs/op
BenchmarkPromisesV2/PromiseAltThree/ResolvedHandlerEndToEnd-14              	  324427	      3752 ns/op	     549 B/op	      16 allocs/op
BenchmarkPromisesV2/PromiseAltThree/FanOut100EndToEnd-14                    	   31450	     38466 ns/op	   12676 B/op	     417 allocs/op
BenchmarkPromisesV2/PromiseAltThree/FanOut100EndToEnd-14                    	   31179	     38665 ns/op	   12677 B/op	     417 allocs/op
BenchmarkPromisesV2/PromiseAltThree/FanOut100EndToEnd-14                    	   31237	     38627 ns/op	   12678 B/op	     417 allocs/op
BenchmarkPromisesV2/PromiseAltThree/FanOut100EndToEnd-14                    	   31630	     38345 ns/op	   12672 B/op	     417 allocs/op
BenchmarkPromisesV2/PromiseAltThree/FanOut100EndToEnd-14                    	   31003	     38436 ns/op	   12673 B/op	     417 allocs/op
BenchmarkPromisesV2/PromiseAltFour/ChainDepth100EndToEnd-14                 	   41466	     28929 ns/op	   30592 B/op	     624 allocs/op
BenchmarkPromisesV2/PromiseAltFour/ChainDepth100EndToEnd-14                 	   41582	     29220 ns/op	   30592 B/op	     624 allocs/op
BenchmarkPromisesV2/PromiseAltFour/ChainDepth100EndToEnd-14                 	   41235	     29484 ns/op	   30592 B/op	     624 allocs/op
BenchmarkPromisesV2/PromiseAltFour/ChainDepth100EndToEnd-14                 	   40696	     29243 ns/op	   30592 B/op	     624 allocs/op
BenchmarkPromisesV2/PromiseAltFour/ChainDepth100EndToEnd-14                 	   40990	     29008 ns/op	   30592 B/op	     624 allocs/op
BenchmarkPromisesV2/PromiseAltFour/ResolvedHandlerEndToEnd-14               	  310366	      3957 ns/op	     723 B/op	      19 allocs/op
BenchmarkPromisesV2/PromiseAltFour/ResolvedHandlerEndToEnd-14               	  309462	      3985 ns/op	     725 B/op	      19 allocs/op
BenchmarkPromisesV2/PromiseAltFour/ResolvedHandlerEndToEnd-14               	  300288	      3967 ns/op	     724 B/op	      19 allocs/op
BenchmarkPromisesV2/PromiseAltFour/ResolvedHandlerEndToEnd-14               	  299146	      3936 ns/op	     722 B/op	      19 allocs/op
BenchmarkPromisesV2/PromiseAltFour/ResolvedHandlerEndToEnd-14               	  292018	      3995 ns/op	     724 B/op	      19 allocs/op
BenchmarkPromisesV2/PromiseAltFour/FanOut100EndToEnd-14                     	   23041	     51882 ns/op	   41103 B/op	     724 allocs/op
BenchmarkPromisesV2/PromiseAltFour/FanOut100EndToEnd-14                     	   23341	     51946 ns/op	   41102 B/op	     724 allocs/op
BenchmarkPromisesV2/PromiseAltFour/FanOut100EndToEnd-14                     	   22968	     52452 ns/op	   41104 B/op	     724 allocs/op
BenchmarkPromisesV2/PromiseAltFour/FanOut100EndToEnd-14                     	   23008	     51917 ns/op	   41103 B/op	     724 allocs/op
BenchmarkPromisesV2/PromiseAltFour/FanOut100EndToEnd-14                     	   23016	     52129 ns/op	   41103 B/op	     724 allocs/op
BenchmarkPromisesV2/PromiseAltFour/Race100EndToEnd-14                       	   32733	     36405 ns/op	   50088 B/op	     930 allocs/op
BenchmarkPromisesV2/PromiseAltFour/Race100EndToEnd-14                       	   32148	     36766 ns/op	   50088 B/op	     930 allocs/op
BenchmarkPromisesV2/PromiseAltFour/Race100EndToEnd-14                       	   32677	     37123 ns/op	   50088 B/op	     930 allocs/op
BenchmarkPromisesV2/PromiseAltFour/Race100EndToEnd-14                       	   33069	     36523 ns/op	   50088 B/op	     929 allocs/op
BenchmarkPromisesV2/PromiseAltFour/Race100EndToEnd-14                       	   32454	     36417 ns/op	   50088 B/op	     929 allocs/op
BenchmarkPromisesV2/PromiseAltFive/ChainDepth100EndToEnd-14                 	   74290	     16087 ns/op	   12702 B/op	     320 allocs/op
BenchmarkPromisesV2/PromiseAltFive/ChainDepth100EndToEnd-14                 	   73957	     16159 ns/op	   12703 B/op	     320 allocs/op
BenchmarkPromisesV2/PromiseAltFive/ChainDepth100EndToEnd-14                 	   74695	     16102 ns/op	   12703 B/op	     320 allocs/op
BenchmarkPromisesV2/PromiseAltFive/ChainDepth100EndToEnd-14                 	   74400	     16098 ns/op	   12703 B/op	     320 allocs/op
BenchmarkPromisesV2/PromiseAltFive/ChainDepth100EndToEnd-14                 	   74650	     16287 ns/op	   12703 B/op	     320 allocs/op
BenchmarkPromisesV2/PromiseAltFive/ResolvedHandlerEndToEnd-14               	  336570	      3666 ns/op	     561 B/op	      16 allocs/op
BenchmarkPromisesV2/PromiseAltFive/ResolvedHandlerEndToEnd-14               	  336528	      3597 ns/op	     561 B/op	      16 allocs/op
BenchmarkPromisesV2/PromiseAltFive/ResolvedHandlerEndToEnd-14               	  334884	      3634 ns/op	     562 B/op	      16 allocs/op
BenchmarkPromisesV2/PromiseAltFive/ResolvedHandlerEndToEnd-14               	  327762	      3577 ns/op	     560 B/op	      16 allocs/op
BenchmarkPromisesV2/PromiseAltFive/ResolvedHandlerEndToEnd-14               	  327015	      3597 ns/op	     562 B/op	      16 allocs/op
BenchmarkPromisesV2/PromiseAltFive/FanOut100EndToEnd-14                     	   28077	     42932 ns/op	   24053 B/op	     523 allocs/op
BenchmarkPromisesV2/PromiseAltFive/FanOut100EndToEnd-14                     	   28004	     42564 ns/op	   24053 B/op	     523 allocs/op
BenchmarkPromisesV2/PromiseAltFive/FanOut100EndToEnd-14                     	   28054	     42572 ns/op	   24053 B/op	     523 allocs/op
BenchmarkPromisesV2/PromiseAltFive/FanOut100EndToEnd-14                     	   28039	     42436 ns/op	   24053 B/op	     523 allocs/op
BenchmarkPromisesV2/PromiseAltFive/FanOut100EndToEnd-14                     	   28057	     42588 ns/op	   24053 B/op	     523 allocs/op
BenchmarkReadinessRoundTrip/Main-14                                         	  124909	      9619 ns/op	      24 B/op	       1 allocs/op
BenchmarkReadinessRoundTrip/Main-14                                         	  126955	      9695 ns/op	      24 B/op	       1 allocs/op
BenchmarkReadinessRoundTrip/Main-14                                         	  126729	      9811 ns/op	      24 B/op	       1 allocs/op
BenchmarkReadinessRoundTrip/Main-14                                         	  124552	      9791 ns/op	      24 B/op	       1 allocs/op
BenchmarkReadinessRoundTrip/Main-14                                         	  124731	      9765 ns/op	      24 B/op	       1 allocs/op
BenchmarkReadinessRoundTrip/MainFastPathDisabled-14                         	  123312	      9717 ns/op	      24 B/op	       1 allocs/op
BenchmarkReadinessRoundTrip/MainFastPathDisabled-14                         	  123314	      9423 ns/op	      24 B/op	       1 allocs/op
BenchmarkReadinessRoundTrip/MainFastPathDisabled-14                         	  123177	      9677 ns/op	      24 B/op	       1 allocs/op
BenchmarkReadinessRoundTrip/MainFastPathDisabled-14                         	  120536	      9848 ns/op	      24 B/op	       1 allocs/op
BenchmarkReadinessRoundTrip/MainFastPathDisabled-14                         	  122284	      9753 ns/op	      24 B/op	       1 allocs/op
BenchmarkReadinessRoundTrip/AlternateOne-14                                 	  134620	     11825 ns/op	       0 B/op	       0 allocs/op
BenchmarkReadinessRoundTrip/AlternateOne-14                                 	  106656	     10604 ns/op	       0 B/op	       0 allocs/op
BenchmarkReadinessRoundTrip/AlternateOne-14                                 	  112306	     11567 ns/op	       0 B/op	       0 allocs/op
BenchmarkReadinessRoundTrip/AlternateOne-14                                 	  130878	     15108 ns/op	       0 B/op	       0 allocs/op
BenchmarkReadinessRoundTrip/AlternateOne-14                                 	  111936	     10630 ns/op	       0 B/op	       0 allocs/op
BenchmarkReadinessRoundTrip/AlternateTwo-14                                 	  102576	      9880 ns/op	       0 B/op	       0 allocs/op
BenchmarkReadinessRoundTrip/AlternateTwo-14                                 	  141085	     11627 ns/op	       0 B/op	       0 allocs/op
BenchmarkReadinessRoundTrip/AlternateTwo-14                                 	   92904	     11941 ns/op	       0 B/op	       0 allocs/op
BenchmarkReadinessRoundTrip/AlternateTwo-14                                 	   88686	     13583 ns/op	       0 B/op	       0 allocs/op
BenchmarkReadinessRoundTrip/AlternateTwo-14                                 	   81723	     14463 ns/op	       0 B/op	       0 allocs/op
BenchmarkReadinessRoundTrip/AlternateThree-14                               	   84201	     12671 ns/op	       0 B/op	       0 allocs/op
BenchmarkReadinessRoundTrip/AlternateThree-14                               	  116660	     12623 ns/op	       0 B/op	       0 allocs/op
BenchmarkReadinessRoundTrip/AlternateThree-14                               	   88450	     12041 ns/op	       0 B/op	       0 allocs/op
BenchmarkReadinessRoundTrip/AlternateThree-14                               	  111045	     10731 ns/op	       0 B/op	       0 allocs/op
BenchmarkReadinessRoundTrip/AlternateThree-14                               	  127729	      9594 ns/op	       0 B/op	       0 allocs/op
BenchmarkSchedulerPriorityLatency/Main-14                                   	   34100	     35768 ns/op	         0 externals_before_internal/op	      2770 priority_latency_ns/op	    2098 B/op	      71 allocs/op
BenchmarkSchedulerPriorityLatency/Main-14                                   	   34190	     35785 ns/op	         0 externals_before_internal/op	      2764 priority_latency_ns/op	    2098 B/op	      71 allocs/op
BenchmarkSchedulerPriorityLatency/Main-14                                   	   31033	     35918 ns/op	         0 externals_before_internal/op	      2758 priority_latency_ns/op	    2098 B/op	      71 allocs/op
BenchmarkSchedulerPriorityLatency/Main-14                                   	   33712	     35581 ns/op	         0 externals_before_internal/op	      2772 priority_latency_ns/op	    2098 B/op	      71 allocs/op
BenchmarkSchedulerPriorityLatency/Main-14                                   	   33196	     36943 ns/op	         0 externals_before_internal/op	      2789 priority_latency_ns/op	    2098 B/op	      71 allocs/op
BenchmarkSchedulerPriorityLatency/MainFastPathForced-14                     	   33074	     36698 ns/op	         0 externals_before_internal/op	      2818 priority_latency_ns/op	    2098 B/op	      71 allocs/op
BenchmarkSchedulerPriorityLatency/MainFastPathForced-14                     	   34125	     35829 ns/op	         0 externals_before_internal/op	      2763 priority_latency_ns/op	    2098 B/op	      71 allocs/op
BenchmarkSchedulerPriorityLatency/MainFastPathForced-14                     	   33574	     36181 ns/op	         0 externals_before_internal/op	      2807 priority_latency_ns/op	    2098 B/op	      71 allocs/op
BenchmarkSchedulerPriorityLatency/MainFastPathForced-14                     	   33159	     36609 ns/op	         0 externals_before_internal/op	      2800 priority_latency_ns/op	    2098 B/op	      71 allocs/op
BenchmarkSchedulerPriorityLatency/MainFastPathForced-14                     	   33310	     36056 ns/op	         0 externals_before_internal/op	      2791 priority_latency_ns/op	    2098 B/op	      71 allocs/op
BenchmarkSchedulerPriorityLatency/MainFastPathDisabled-14                   	   28448	     41833 ns/op	         0 externals_before_internal/op	      3214 priority_latency_ns/op	    2128 B/op	      72 allocs/op
BenchmarkSchedulerPriorityLatency/MainFastPathDisabled-14                   	   29354	     43631 ns/op	         0 externals_before_internal/op	      3318 priority_latency_ns/op	    2128 B/op	      72 allocs/op
BenchmarkSchedulerPriorityLatency/MainFastPathDisabled-14                   	   28266	     43969 ns/op	         0 externals_before_internal/op	      3273 priority_latency_ns/op	    2128 B/op	      72 allocs/op
BenchmarkSchedulerPriorityLatency/MainFastPathDisabled-14                   	   26042	     42436 ns/op	         0 externals_before_internal/op	      3275 priority_latency_ns/op	    2128 B/op	      72 allocs/op
BenchmarkSchedulerPriorityLatency/MainFastPathDisabled-14                   	   28184	     42716 ns/op	         0 externals_before_internal/op	      3260 priority_latency_ns/op	    2128 B/op	      72 allocs/op
BenchmarkSchedulerPriorityLatency/AlternateOne-14                           	   35116	     33851 ns/op	        64.00 externals_before_internal/op	      6673 priority_latency_ns/op	    2096 B/op	      71 allocs/op
BenchmarkSchedulerPriorityLatency/AlternateOne-14                           	   35553	     33856 ns/op	        64.00 externals_before_internal/op	      6675 priority_latency_ns/op	    2096 B/op	      71 allocs/op
BenchmarkSchedulerPriorityLatency/AlternateOne-14                           	   35414	     34246 ns/op	        64.00 externals_before_internal/op	      6830 priority_latency_ns/op	    2096 B/op	      71 allocs/op
BenchmarkSchedulerPriorityLatency/AlternateOne-14                           	   35366	     33954 ns/op	        64.00 externals_before_internal/op	      6751 priority_latency_ns/op	    2096 B/op	      71 allocs/op
BenchmarkSchedulerPriorityLatency/AlternateOne-14                           	   35670	     33904 ns/op	        64.00 externals_before_internal/op	      6730 priority_latency_ns/op	    2096 B/op	      71 allocs/op
BenchmarkSchedulerPriorityLatency/AlternateTwo-14                           	   33306	     36744 ns/op	         0 externals_before_internal/op	      5660 priority_latency_ns/op	    2127 B/op	      71 allocs/op
BenchmarkSchedulerPriorityLatency/AlternateTwo-14                           	   34021	     35342 ns/op	         0 externals_before_internal/op	      5268 priority_latency_ns/op	    2115 B/op	      71 allocs/op
BenchmarkSchedulerPriorityLatency/AlternateTwo-14                           	   33656	     35488 ns/op	         0 externals_before_internal/op	      5372 priority_latency_ns/op	    2116 B/op	      71 allocs/op
BenchmarkSchedulerPriorityLatency/AlternateTwo-14                           	   34082	     36039 ns/op	         0 externals_before_internal/op	      5560 priority_latency_ns/op	    2115 B/op	      71 allocs/op
BenchmarkSchedulerPriorityLatency/AlternateTwo-14                           	   33346	     35253 ns/op	         0 externals_before_internal/op	      5379 priority_latency_ns/op	    2117 B/op	      71 allocs/op
BenchmarkSchedulerPriorityLatency/AlternateThree-14                         	   35500	     33573 ns/op	         0 externals_before_internal/op	      4843 priority_latency_ns/op	    2096 B/op	      71 allocs/op
BenchmarkSchedulerPriorityLatency/AlternateThree-14                         	   35637	     34172 ns/op	         0 externals_before_internal/op	      4981 priority_latency_ns/op	    2096 B/op	      71 allocs/op
BenchmarkSchedulerPriorityLatency/AlternateThree-14                         	   35031	     34431 ns/op	         0 externals_before_internal/op	      5016 priority_latency_ns/op	    2096 B/op	      71 allocs/op
BenchmarkSchedulerPriorityLatency/AlternateThree-14                         	   35598	     34086 ns/op	         0 externals_before_internal/op	      4972 priority_latency_ns/op	    2096 B/op	      71 allocs/op
BenchmarkSchedulerPriorityLatency/AlternateThree-14                         	   39086	     34601 ns/op	         0 externals_before_internal/op	      5078 priority_latency_ns/op	    2096 B/op	      71 allocs/op
BenchmarkSchedulerPriorityLatency/Baseline-14                               	   70324	     17228 ns/op	        64.00 externals_before_internal/op	      1741 priority_latency_ns/op	    4736 B/op	     203 allocs/op
BenchmarkSchedulerPriorityLatency/Baseline-14                               	   67992	     17239 ns/op	        64.00 externals_before_internal/op	      1722 priority_latency_ns/op	    4736 B/op	     203 allocs/op
BenchmarkSchedulerPriorityLatency/Baseline-14                               	   69216	     17284 ns/op	        64.00 externals_before_internal/op	      1704 priority_latency_ns/op	    4736 B/op	     203 allocs/op
BenchmarkSchedulerPriorityLatency/Baseline-14                               	   69032	     17316 ns/op	        64.00 externals_before_internal/op	      1727 priority_latency_ns/op	    4736 B/op	     203 allocs/op
BenchmarkSchedulerPriorityLatency/Baseline-14                               	   69201	     17142 ns/op	        64.00 externals_before_internal/op	      1734 priority_latency_ns/op	    4736 B/op	     203 allocs/op
BenchmarkSubmitInternalChainHandoff/Main-14                                 	   53919	     22381 ns/op	        32.00 handoffs/op	     785 B/op	      33 allocs/op
BenchmarkSubmitInternalChainHandoff/Main-14                                 	   54271	     22314 ns/op	        32.00 handoffs/op	     785 B/op	      33 allocs/op
BenchmarkSubmitInternalChainHandoff/Main-14                                 	   53455	     22314 ns/op	        32.00 handoffs/op	     785 B/op	      33 allocs/op
BenchmarkSubmitInternalChainHandoff/Main-14                                 	   53456	     22302 ns/op	        32.00 handoffs/op	     785 B/op	      33 allocs/op
BenchmarkSubmitInternalChainHandoff/Main-14                                 	   53451	     22283 ns/op	        32.00 handoffs/op	     785 B/op	      33 allocs/op
BenchmarkSubmitInternalChainHandoff/MainFastPathForced-14                   	   54378	     22103 ns/op	        32.00 handoffs/op	     785 B/op	      33 allocs/op
BenchmarkSubmitInternalChainHandoff/MainFastPathForced-14                   	   51442	     22175 ns/op	        32.00 handoffs/op	     785 B/op	      33 allocs/op
BenchmarkSubmitInternalChainHandoff/MainFastPathForced-14                   	   54333	     22214 ns/op	        32.00 handoffs/op	     785 B/op	      33 allocs/op
BenchmarkSubmitInternalChainHandoff/MainFastPathForced-14                   	   54222	     22151 ns/op	        32.00 handoffs/op	     785 B/op	      33 allocs/op
BenchmarkSubmitInternalChainHandoff/MainFastPathForced-14                   	   54153	     22242 ns/op	        32.00 handoffs/op	     785 B/op	      33 allocs/op
BenchmarkSubmitInternalChainHandoff/MainFastPathDisabled-14                 	   30223	     40510 ns/op	        32.00 handoffs/op	     816 B/op	      34 allocs/op
BenchmarkSubmitInternalChainHandoff/MainFastPathDisabled-14                 	   29314	     41079 ns/op	        32.00 handoffs/op	     816 B/op	      34 allocs/op
BenchmarkSubmitInternalChainHandoff/MainFastPathDisabled-14                 	   29192	     40875 ns/op	        32.00 handoffs/op	     816 B/op	      34 allocs/op
BenchmarkSubmitInternalChainHandoff/MainFastPathDisabled-14                 	   30838	     38312 ns/op	        32.00 handoffs/op	     815 B/op	      34 allocs/op
BenchmarkSubmitInternalChainHandoff/MainFastPathDisabled-14                 	   29590	     40445 ns/op	        32.00 handoffs/op	     816 B/op	      34 allocs/op
BenchmarkSubmitInternalChainHandoff/AlternateOne-14                         	  103758	     11697 ns/op	        32.00 handoffs/op	     784 B/op	      33 allocs/op
BenchmarkSubmitInternalChainHandoff/AlternateOne-14                         	  106562	     11907 ns/op	        32.00 handoffs/op	     784 B/op	      33 allocs/op
BenchmarkSubmitInternalChainHandoff/AlternateOne-14                         	   99528	     11741 ns/op	        32.00 handoffs/op	     784 B/op	      33 allocs/op
BenchmarkSubmitInternalChainHandoff/AlternateOne-14                         	  101150	     11750 ns/op	        32.00 handoffs/op	     784 B/op	      33 allocs/op
BenchmarkSubmitInternalChainHandoff/AlternateOne-14                         	  101506	     11833 ns/op	        32.00 handoffs/op	     784 B/op	      33 allocs/op
BenchmarkSubmitInternalChainHandoff/AlternateTwo-14                         	  101522	     11675 ns/op	        32.00 handoffs/op	     785 B/op	      33 allocs/op
BenchmarkSubmitInternalChainHandoff/AlternateTwo-14                         	  103251	     11589 ns/op	        32.00 handoffs/op	     784 B/op	      33 allocs/op
BenchmarkSubmitInternalChainHandoff/AlternateTwo-14                         	  105952	     11661 ns/op	        32.00 handoffs/op	     784 B/op	      33 allocs/op
BenchmarkSubmitInternalChainHandoff/AlternateTwo-14                         	  100090	     11602 ns/op	        32.00 handoffs/op	     784 B/op	      33 allocs/op
BenchmarkSubmitInternalChainHandoff/AlternateTwo-14                         	  105799	     11665 ns/op	        32.00 handoffs/op	     784 B/op	      33 allocs/op
BenchmarkSubmitInternalChainHandoff/AlternateThree-14                       	  103189	     11862 ns/op	        32.00 handoffs/op	     784 B/op	      33 allocs/op
BenchmarkSubmitInternalChainHandoff/AlternateThree-14                       	  100732	     12028 ns/op	        32.00 handoffs/op	     784 B/op	      33 allocs/op
BenchmarkSubmitInternalChainHandoff/AlternateThree-14                       	   95547	     12074 ns/op	        32.00 handoffs/op	     784 B/op	      33 allocs/op
BenchmarkSubmitInternalChainHandoff/AlternateThree-14                       	  100210	     12060 ns/op	        32.00 handoffs/op	     784 B/op	      33 allocs/op
BenchmarkSubmitInternalChainHandoff/AlternateThree-14                       	   99889	     12319 ns/op	        32.00 handoffs/op	     784 B/op	      33 allocs/op
BenchmarkSubmitInternalChainHandoff/Baseline-14                             	  231417	      5355 ns/op	        32.00 handoffs/op	    2104 B/op	      99 allocs/op
BenchmarkSubmitInternalChainHandoff/Baseline-14                             	  222802	      5190 ns/op	        32.00 handoffs/op	    2104 B/op	      99 allocs/op
BenchmarkSubmitInternalChainHandoff/Baseline-14                             	  230678	      5176 ns/op	        32.00 handoffs/op	    2104 B/op	      99 allocs/op
BenchmarkSubmitInternalChainHandoff/Baseline-14                             	  233409	      5246 ns/op	        32.00 handoffs/op	    2104 B/op	      99 allocs/op
BenchmarkSubmitInternalChainHandoff/Baseline-14                             	  219913	      5453 ns/op	        32.00 handoffs/op	    2104 B/op	      99 allocs/op
BenchmarkSchedulerInternalExternalBurst/Main-14                             	 1473991	       810.6 ns/op	     133 B/op	       2 allocs/op
BenchmarkSchedulerInternalExternalBurst/Main-14                             	 1494766	       794.8 ns/op	     130 B/op	       2 allocs/op
BenchmarkSchedulerInternalExternalBurst/Main-14                             	 1505998	       802.1 ns/op	     127 B/op	       2 allocs/op
BenchmarkSchedulerInternalExternalBurst/Main-14                             	 1473223	       806.7 ns/op	     130 B/op	       2 allocs/op
BenchmarkSchedulerInternalExternalBurst/Main-14                             	 1498539	       786.1 ns/op	     127 B/op	       2 allocs/op
BenchmarkSchedulerInternalExternalBurst/MainFastPathForced-14               	 1533714	       790.0 ns/op	     124 B/op	       2 allocs/op
BenchmarkSchedulerInternalExternalBurst/MainFastPathForced-14               	 1516220	       797.2 ns/op	     125 B/op	       2 allocs/op
BenchmarkSchedulerInternalExternalBurst/MainFastPathForced-14               	 1517558	       791.4 ns/op	     125 B/op	       2 allocs/op
BenchmarkSchedulerInternalExternalBurst/MainFastPathForced-14               	 1509589	       781.6 ns/op	     132 B/op	       2 allocs/op
BenchmarkSchedulerInternalExternalBurst/MainFastPathForced-14               	 1511856	       782.2 ns/op	     125 B/op	       2 allocs/op
BenchmarkSchedulerInternalExternalBurst/MainFastPathDisabled-14             	 1537780	       792.4 ns/op	     123 B/op	       2 allocs/op
BenchmarkSchedulerInternalExternalBurst/MainFastPathDisabled-14             	 1526571	       786.1 ns/op	     124 B/op	       2 allocs/op
BenchmarkSchedulerInternalExternalBurst/MainFastPathDisabled-14             	 1540624	       787.3 ns/op	     124 B/op	       2 allocs/op
BenchmarkSchedulerInternalExternalBurst/MainFastPathDisabled-14             	 1538998	       766.5 ns/op	     126 B/op	       2 allocs/op
BenchmarkSchedulerInternalExternalBurst/MainFastPathDisabled-14             	 1635633	       735.2 ns/op	     118 B/op	       2 allocs/op
BenchmarkSchedulerInternalExternalBurst/AlternateOne-14                     	 5748844	       197.7 ns/op	      37 B/op	       2 allocs/op
BenchmarkSchedulerInternalExternalBurst/AlternateOne-14                     	 5942221	       207.3 ns/op	      37 B/op	       2 allocs/op
BenchmarkSchedulerInternalExternalBurst/AlternateOne-14                     	 5961039	       206.0 ns/op	      37 B/op	       2 allocs/op
BenchmarkSchedulerInternalExternalBurst/AlternateOne-14                     	 5735131	       199.2 ns/op	      33 B/op	       2 allocs/op
BenchmarkSchedulerInternalExternalBurst/AlternateOne-14                     	 5683134	       198.4 ns/op	      34 B/op	       2 allocs/op
BenchmarkSchedulerInternalExternalBurst/AlternateTwo-14                     	 3089742	       330.2 ns/op	      40 B/op	       2 allocs/op
BenchmarkSchedulerInternalExternalBurst/AlternateTwo-14                     	 4526623	       436.3 ns/op	      33 B/op	       2 allocs/op
BenchmarkSchedulerInternalExternalBurst/AlternateTwo-14                     	 3692266	       380.1 ns/op	      33 B/op	       2 allocs/op
BenchmarkSchedulerInternalExternalBurst/AlternateTwo-14                     	 3882964	       398.3 ns/op	      33 B/op	       2 allocs/op
BenchmarkSchedulerInternalExternalBurst/AlternateTwo-14                     	 4115574	       409.8 ns/op	      33 B/op	       2 allocs/op
BenchmarkSchedulerInternalExternalBurst/AlternateThree-14                   	11755490	       103.2 ns/op	      32 B/op	       2 allocs/op
BenchmarkSchedulerInternalExternalBurst/AlternateThree-14                   	11866906	       104.1 ns/op	      32 B/op	       2 allocs/op
BenchmarkSchedulerInternalExternalBurst/AlternateThree-14                   	11741701	       106.3 ns/op	      32 B/op	       2 allocs/op
BenchmarkSchedulerInternalExternalBurst/AlternateThree-14                   	11702734	       104.2 ns/op	      32 B/op	       2 allocs/op
BenchmarkSchedulerInternalExternalBurst/AlternateThree-14                   	11334597	       106.7 ns/op	      32 B/op	       2 allocs/op
BenchmarkSchedulerInternalExternalBurst/Baseline-14                         	 6284340	       219.4 ns/op	     112 B/op	       6 allocs/op
BenchmarkSchedulerInternalExternalBurst/Baseline-14                         	 6744297	       230.5 ns/op	     112 B/op	       6 allocs/op
BenchmarkSchedulerInternalExternalBurst/Baseline-14                         	 5432127	       232.2 ns/op	     112 B/op	       6 allocs/op
BenchmarkSchedulerInternalExternalBurst/Baseline-14                         	 5630410	       200.6 ns/op	     112 B/op	       6 allocs/op
BenchmarkSchedulerInternalExternalBurst/Baseline-14                         	 6779937	       226.4 ns/op	     112 B/op	       6 allocs/op
PASS
ok  	github.com/joeycumines/go-eventloop/internal/tournament	4015.085s
tournament: lane=promise
go -C /opt/dev/go-utilpkg/eventloop test -bench='^Benchmark(Tournament|ChainDepth)$' -benchmem -count=5 -run='^$' -benchtime=1s -timeout=30m ./internal/promisetournament
goos: darwin
goarch: arm64
pkg: github.com/joeycumines/go-eventloop/internal/promisetournament
cpu: Apple M3 Max
BenchmarkTournament/ChainedPromise-14         	  312058	      4327 ns/op	     823 B/op	      22 allocs/op
BenchmarkTournament/ChainedPromise-14         	  288859	      4164 ns/op	     827 B/op	      23 allocs/op
BenchmarkTournament/ChainedPromise-14         	  288066	      4067 ns/op	     825 B/op	      23 allocs/op
BenchmarkTournament/ChainedPromise-14         	  272835	      4897 ns/op	     845 B/op	      23 allocs/op
BenchmarkTournament/ChainedPromise-14         	  243091	      4726 ns/op	     832 B/op	      23 allocs/op
BenchmarkTournament/PromiseAltOne-14          	  302776	      4343 ns/op	     809 B/op	      22 allocs/op
BenchmarkTournament/PromiseAltOne-14          	  260269	      3985 ns/op	     802 B/op	      21 allocs/op
BenchmarkTournament/PromiseAltOne-14          	  348204	      3897 ns/op	     806 B/op	      21 allocs/op
BenchmarkTournament/PromiseAltOne-14          	  298434	      3853 ns/op	     813 B/op	      22 allocs/op
BenchmarkTournament/PromiseAltOne-14          	  328102	      3887 ns/op	     830 B/op	      22 allocs/op
BenchmarkTournament/PromiseAltTwo-14          	  316650	      3796 ns/op	     806 B/op	      24 allocs/op
BenchmarkTournament/PromiseAltTwo-14          	  297380	      3723 ns/op	     794 B/op	      24 allocs/op
BenchmarkTournament/PromiseAltTwo-14          	  299688	      3568 ns/op	     779 B/op	      23 allocs/op
BenchmarkTournament/PromiseAltTwo-14          	  345754	      3372 ns/op	     786 B/op	      23 allocs/op
BenchmarkTournament/PromiseAltTwo-14          	  342481	      3447 ns/op	     791 B/op	      23 allocs/op
BenchmarkTournament/PromiseAltThree-14        	  322243	      3726 ns/op	     721 B/op	      21 allocs/op
BenchmarkTournament/PromiseAltThree-14        	  273482	      4048 ns/op	     720 B/op	      21 allocs/op
BenchmarkTournament/PromiseAltThree-14        	  248737	      4228 ns/op	     722 B/op	      21 allocs/op
BenchmarkTournament/PromiseAltThree-14        	  259680	      4205 ns/op	     721 B/op	      21 allocs/op
BenchmarkTournament/PromiseAltThree-14        	  311509	      4125 ns/op	     728 B/op	      21 allocs/op
BenchmarkTournament/PromiseAltFour-14         	  273256	      4563 ns/op	    1253 B/op	      29 allocs/op
BenchmarkTournament/PromiseAltFour-14         	  266600	      4385 ns/op	    1256 B/op	      29 allocs/op
BenchmarkTournament/PromiseAltFour-14         	  287799	      4774 ns/op	    1263 B/op	      29 allocs/op
BenchmarkTournament/PromiseAltFour-14         	  261252	      4938 ns/op	    1260 B/op	      29 allocs/op
BenchmarkTournament/PromiseAltFour-14         	  262377	      4343 ns/op	    1270 B/op	      29 allocs/op
BenchmarkTournament/PromiseAltFive-14         	  295347	      3806 ns/op	     798 B/op	      22 allocs/op
BenchmarkTournament/PromiseAltFive-14         	  289041	      3757 ns/op	     781 B/op	      21 allocs/op
BenchmarkTournament/PromiseAltFive-14         	  327764	      4158 ns/op	     778 B/op	      21 allocs/op
BenchmarkTournament/PromiseAltFive-14         	  283858	      3998 ns/op	     795 B/op	      22 allocs/op
BenchmarkTournament/PromiseAltFive-14         	  315001	      3774 ns/op	     788 B/op	      22 allocs/op
BenchmarkChainDepth/ChainedPromise/Depth=10-14         	  212884	      5612 ns/op	    2159 B/op	      51 allocs/op
BenchmarkChainDepth/ChainedPromise/Depth=10-14         	  221474	      7157 ns/op	    2157 B/op	      51 allocs/op
BenchmarkChainDepth/ChainedPromise/Depth=10-14         	  180243	      5640 ns/op	    2154 B/op	      51 allocs/op
BenchmarkChainDepth/ChainedPromise/Depth=10-14         	  209979	      5828 ns/op	    2154 B/op	      51 allocs/op
BenchmarkChainDepth/ChainedPromise/Depth=10-14         	  221550	      5859 ns/op	    2151 B/op	      51 allocs/op
BenchmarkChainDepth/ChainedPromise/Depth=100-14        	   63450	     27815 ns/op	   15135 B/op	     321 allocs/op
BenchmarkChainDepth/ChainedPromise/Depth=100-14        	   47096	     26617 ns/op	   15134 B/op	     321 allocs/op
BenchmarkChainDepth/ChainedPromise/Depth=100-14        	   43660	     26090 ns/op	   15134 B/op	     321 allocs/op
BenchmarkChainDepth/ChainedPromise/Depth=100-14        	   46699	     27437 ns/op	   15135 B/op	     321 allocs/op
BenchmarkChainDepth/ChainedPromise/Depth=100-14        	   44432	     28216 ns/op	   15135 B/op	     321 allocs/op
BenchmarkChainDepth/PromiseAltOne/Depth=10-14          	  141900	      7796 ns/op	    2137 B/op	      50 allocs/op
BenchmarkChainDepth/PromiseAltOne/Depth=10-14          	  163814	      7878 ns/op	    2135 B/op	      50 allocs/op
BenchmarkChainDepth/PromiseAltOne/Depth=10-14          	  163054	      7345 ns/op	    2141 B/op	      50 allocs/op
BenchmarkChainDepth/PromiseAltOne/Depth=10-14          	  159303	      7549 ns/op	    2138 B/op	      50 allocs/op
BenchmarkChainDepth/PromiseAltOne/Depth=10-14          	  233152	      5232 ns/op	    2126 B/op	      49 allocs/op
BenchmarkChainDepth/PromiseAltOne/Depth=100-14         	   76467	     15395 ns/op	   15119 B/op	     320 allocs/op
BenchmarkChainDepth/PromiseAltOne/Depth=100-14         	   83858	     14549 ns/op	   15119 B/op	     320 allocs/op
BenchmarkChainDepth/PromiseAltOne/Depth=100-14         	   82106	     14800 ns/op	   15119 B/op	     320 allocs/op
BenchmarkChainDepth/PromiseAltOne/Depth=100-14         	   81562	     15099 ns/op	   15119 B/op	     320 allocs/op
BenchmarkChainDepth/PromiseAltOne/Depth=100-14         	   79084	     14296 ns/op	   15119 B/op	     320 allocs/op
BenchmarkChainDepth/PromiseAltTwo/Depth=10-14          	  204789	      6357 ns/op	    2124 B/op	      61 allocs/op
BenchmarkChainDepth/PromiseAltTwo/Depth=10-14          	  191786	      5444 ns/op	    2117 B/op	      61 allocs/op
BenchmarkChainDepth/PromiseAltTwo/Depth=10-14          	  208551	      5538 ns/op	    2118 B/op	      61 allocs/op
BenchmarkChainDepth/PromiseAltTwo/Depth=10-14          	  223578	      5490 ns/op	    2128 B/op	      61 allocs/op
BenchmarkChainDepth/PromiseAltTwo/Depth=10-14          	  221733	      5417 ns/op	    2123 B/op	      61 allocs/op
BenchmarkChainDepth/PromiseAltTwo/Depth=100-14         	   70422	     16341 ns/op	   15103 B/op	     421 allocs/op
BenchmarkChainDepth/PromiseAltTwo/Depth=100-14         	   74086	     16266 ns/op	   15103 B/op	     421 allocs/op
BenchmarkChainDepth/PromiseAltTwo/Depth=100-14         	   74546	     16485 ns/op	   15103 B/op	     421 allocs/op
BenchmarkChainDepth/PromiseAltTwo/Depth=100-14         	   71050	     16866 ns/op	   15103 B/op	     421 allocs/op
BenchmarkChainDepth/PromiseAltTwo/Depth=100-14         	   71000	     16650 ns/op	   15103 B/op	     421 allocs/op
BenchmarkChainDepth/PromiseAltThree/Depth=10-14        	  226028	      5370 ns/op	    1778 B/op	      50 allocs/op
BenchmarkChainDepth/PromiseAltThree/Depth=10-14        	  227586	      5394 ns/op	    1778 B/op	      50 allocs/op
BenchmarkChainDepth/PromiseAltThree/Depth=10-14        	  231106	      5394 ns/op	    1775 B/op	      50 allocs/op
BenchmarkChainDepth/PromiseAltThree/Depth=10-14        	  216775	      5457 ns/op	    1776 B/op	      50 allocs/op
BenchmarkChainDepth/PromiseAltThree/Depth=10-14        	  226160	      5432 ns/op	    1776 B/op	      50 allocs/op
BenchmarkChainDepth/PromiseAltThree/Depth=100-14       	   66817	     18024 ns/op	   11948 B/op	     321 allocs/op
BenchmarkChainDepth/PromiseAltThree/Depth=100-14       	   66092	     17456 ns/op	   11949 B/op	     321 allocs/op
BenchmarkChainDepth/PromiseAltThree/Depth=100-14       	   70593	     16963 ns/op	   11947 B/op	     321 allocs/op
BenchmarkChainDepth/PromiseAltThree/Depth=100-14       	   67423	     16882 ns/op	   11946 B/op	     321 allocs/op
BenchmarkChainDepth/PromiseAltThree/Depth=100-14       	   71286	     17308 ns/op	   11948 B/op	     321 allocs/op
BenchmarkChainDepth/PromiseAltFour/Depth=10-14         	  186712	      6745 ns/op	    4029 B/op	      84 allocs/op
BenchmarkChainDepth/PromiseAltFour/Depth=10-14         	  183457	      6583 ns/op	    4026 B/op	      84 allocs/op
BenchmarkChainDepth/PromiseAltFour/Depth=10-14         	  193852	      6634 ns/op	    4027 B/op	      84 allocs/op
BenchmarkChainDepth/PromiseAltFour/Depth=10-14         	  181686	      6566 ns/op	    4029 B/op	      84 allocs/op
BenchmarkChainDepth/PromiseAltFour/Depth=10-14         	  174486	      6977 ns/op	    4026 B/op	      84 allocs/op
BenchmarkChainDepth/PromiseAltFour/Depth=100-14        	   49437	     24036 ns/op	   31399 B/op	     624 allocs/op
BenchmarkChainDepth/PromiseAltFour/Depth=100-14        	   49162	     23123 ns/op	   31400 B/op	     624 allocs/op
BenchmarkChainDepth/PromiseAltFour/Depth=100-14        	   49692	     23211 ns/op	   31400 B/op	     624 allocs/op
BenchmarkChainDepth/PromiseAltFour/Depth=100-14        	   50804	     23106 ns/op	   31400 B/op	     624 allocs/op
BenchmarkChainDepth/PromiseAltFour/Depth=100-14        	   52855	     22691 ns/op	   31400 B/op	     624 allocs/op
BenchmarkChainDepth/PromiseAltFive/Depth=10-14         	  236954	      5279 ns/op	    1963 B/op	      49 allocs/op
BenchmarkChainDepth/PromiseAltFive/Depth=10-14         	  208102	      5581 ns/op	    1955 B/op	      49 allocs/op
BenchmarkChainDepth/PromiseAltFive/Depth=10-14         	  219490	      5316 ns/op	    1961 B/op	      49 allocs/op
BenchmarkChainDepth/PromiseAltFive/Depth=10-14         	  224406	      5195 ns/op	    1963 B/op	      49 allocs/op
BenchmarkChainDepth/PromiseAltFive/Depth=10-14         	  236761	      5174 ns/op	    1963 B/op	      49 allocs/op
BenchmarkChainDepth/PromiseAltFive/Depth=100-14        	   79740	     15009 ns/op	   13511 B/op	     320 allocs/op
BenchmarkChainDepth/PromiseAltFive/Depth=100-14        	   79087	     15213 ns/op	   13511 B/op	     320 allocs/op
BenchmarkChainDepth/PromiseAltFive/Depth=100-14        	   78862	     15134 ns/op	   13511 B/op	     320 allocs/op
BenchmarkChainDepth/PromiseAltFive/Depth=100-14        	   82380	     14785 ns/op	   13511 B/op	     320 allocs/op
BenchmarkChainDepth/PromiseAltFive/Depth=100-14        	   84186	     15153 ns/op	   13511 B/op	     320 allocs/op
PASS
ok  	github.com/joeycumines/go-eventloop/internal/promisetournament	120.826s
tournament: meta=libuv-version=1.52.1
tournament: lane=libuv
go -C /opt/dev/go-utilpkg/eventloop test -tags=libuv -bench='^BenchmarkLibuv_' -benchmem -count=5 -run='^$' -benchtime=1s -timeout=30m ./internal/libuvbaseline
goos: darwin
goarch: arm64
pkg: github.com/joeycumines/go-eventloop/internal/libuvbaseline
cpu: Apple M3 Max
BenchmarkLibuv_AsyncSend-14               	  329682	      3747 ns/op	       0 B/op	       0 allocs/op
BenchmarkLibuv_AsyncSend-14               	  301416	      3463 ns/op	       0 B/op	       0 allocs/op
BenchmarkLibuv_AsyncSend-14               	  333716	      3933 ns/op	       0 B/op	       0 allocs/op
BenchmarkLibuv_AsyncSend-14               	  293786	      3946 ns/op	       0 B/op	       0 allocs/op
BenchmarkLibuv_AsyncSend-14               	  312766	      3513 ns/op	       0 B/op	       0 allocs/op
BenchmarkLibuv_TimerScheduleAndFire-14    	28894020	        41.51 ns/op	       0 B/op	       0 allocs/op
BenchmarkLibuv_TimerScheduleAndFire-14    	28918768	        42.00 ns/op	       0 B/op	       0 allocs/op
BenchmarkLibuv_TimerScheduleAndFire-14    	28864656	        41.58 ns/op	       0 B/op	       0 allocs/op
BenchmarkLibuv_TimerScheduleAndFire-14    	28592134	        41.52 ns/op	       0 B/op	       0 allocs/op
BenchmarkLibuv_TimerScheduleAndFire-14    	29036618	        42.75 ns/op	       0 B/op	       0 allocs/op
BenchmarkLibuv_TimerRepeat-14             	  318841	      3803 ns/op	       0 B/op	       0 allocs/op
BenchmarkLibuv_TimerRepeat-14             	  313374	      3801 ns/op	       0 B/op	       0 allocs/op
BenchmarkLibuv_TimerRepeat-14             	  316225	      3788 ns/op	       0 B/op	       0 allocs/op
BenchmarkLibuv_TimerRepeat-14             	  319861	      3754 ns/op	       0 B/op	       0 allocs/op
BenchmarkLibuv_TimerRepeat-14             	  305871	      3837 ns/op	       0 B/op	       0 allocs/op
BenchmarkLibuv_TimerCrossThread-14        	  269929	      4288 ns/op	       0 B/op	       0 allocs/op
BenchmarkLibuv_TimerCrossThread-14        	  325381	      3712 ns/op	       0 B/op	       0 allocs/op
BenchmarkLibuv_TimerCrossThread-14        	  387300	      3418 ns/op	       0 B/op	       0 allocs/op
BenchmarkLibuv_TimerCrossThread-14        	  332241	      3425 ns/op	       0 B/op	       0 allocs/op
BenchmarkLibuv_TimerCrossThread-14        	  348879	      4049 ns/op	       0 B/op	       0 allocs/op
PASS
ok  	github.com/joeycumines/go-eventloop/internal/libuvbaseline	26.179s
tournament: complete
gmake[1]: Leaving directory '/opt/dev/go-utilpkg'
