tournament: schema=1
tournament: meta=head=d1702446771adc8f423dda42e9206d59aeff92c8
tournament: meta=source-state=clean
tournament: meta=go-version=go version go1.26.5 darwin/arm64
tournament: meta=sample-count=5
tournament: meta=manifest-git-blob=3f4195c91a05859b3bfb2987db0898a46a7b7175
tournament: meta=goja-fork-version=
tournament: meta=goja-nodejs-version=v0.0.0-20260508000000-6add961f94bd
GOPRIVATE= GONOSUMDB=* GONOSUMCHECK=* GOWORK=off go -C /Users/joeyc/dev/scratch/turbo-backup/go-utilpkg/goja-eventloop mod download
GOPRIVATE= GONOSUMDB=* GONOSUMCHECK=* GOWORK=off go -C /Users/joeyc/dev/scratch/turbo-backup/go-utilpkg/goja-grpc mod download
GOPRIVATE= GONOSUMDB=* GONOSUMCHECK=* GOWORK=off go -C /Users/joeyc/dev/scratch/turbo-backup/go-utilpkg/goja-protobuf mod download
GOPRIVATE= GONOSUMDB=* GONOSUMCHECK=* GOWORK=off go -C /Users/joeyc/dev/scratch/turbo-backup/go-utilpkg/goja-protojson mod download
GOPRIVATE= GONOSUMDB=* GONOSUMCHECK=* GOWORK=off go -C /Users/joeyc/dev/scratch/turbo-backup/go-utilpkg/eventloop mod download
GOPRIVATE= GONOSUMDB=* GONOSUMCHECK=* GOWORK=off go -C /Users/joeyc/dev/scratch/turbo-backup/go-utilpkg/eventloop/internal/tournament mod download
GOPRIVATE= GONOSUMDB=* GONOSUMCHECK=* GOWORK=off go -C /Users/joeyc/dev/scratch/turbo-backup/go-utilpkg/eventloop/internal/gojabaseline mod download
tournament: meta=source-fingerprint=38a08f0ec3a516cefe4fdac5673b624a0750b76294b8135d1150570e5a683aa3
Compiling tournament components for darwin/arm64
Compiling tournament components for darwin/amd64
Compiling tournament components for linux/arm64
Compiling tournament components for linux/amd64
Compiling tournament components for windows/arm64
Compiling tournament components for windows/amd64
Compiling tournament components for js/wasm
Compiling tournament components for wasip1/wasm
Compiling tournament components for plan9/amd64
go -C /Users/joeyc/dev/scratch/turbo-backup/go-utilpkg/eventloop test  ./internal/tournamentmeta
ok  	github.com/joeycumines/go-eventloop/internal/tournamentmeta	8.162s
PYTHONDONTWRITEBYTECODE=1 python3 -m unittest \
	eventloop.docs.tournament.parse_benchmarks_test \
	eventloop.docs.tournament.protocol_identity_test \
	eventloop.docs.tournament.timer_workload_digest_test
...................................
----------------------------------------------------------------------
Ran 35 tests in 30.894s

OK
go -C /Users/joeyc/dev/scratch/turbo-backup/go-utilpkg/eventloop test -count=1 -timeout=30m ./internal/...
ok  	github.com/joeycumines/go-eventloop/internal/alternateone	0.451s
ok  	github.com/joeycumines/go-eventloop/internal/alternatethree	1.597s
ok  	github.com/joeycumines/go-eventloop/internal/alternatetwo	0.785s
?   	github.com/joeycumines/go-eventloop/internal/eventlooptest	[no test files]
ok  	github.com/joeycumines/go-eventloop/internal/libuvbaseline	1.154s
ok  	github.com/joeycumines/go-eventloop/internal/promisealtfive	0.408s
ok  	github.com/joeycumines/go-eventloop/internal/promisealtfour	0.716s
ok  	github.com/joeycumines/go-eventloop/internal/promisealtone	0.442s
ok  	github.com/joeycumines/go-eventloop/internal/promisealtthree	1.235s
ok  	github.com/joeycumines/go-eventloop/internal/promisealttwo	0.831s
ok  	github.com/joeycumines/go-eventloop/internal/promisetournament	1.747s [no tests to run]
ok  	github.com/joeycumines/go-eventloop/internal/tournamentmeta	8.858s
ok  	github.com/joeycumines/go-eventloop/internal/tournamenttest	2.120s
go -C /Users/joeyc/dev/scratch/turbo-backup/go-utilpkg/eventloop/internal/tournament test -count=1 -timeout=30m ./...
go: downloading github.com/dlclark/regexp2 v1.12.0
ok  	github.com/joeycumines/go-eventloop/internal/tournament	33.814s
ok  	github.com/joeycumines/go-eventloop/internal/tournament/component	1.668s
ok  	github.com/joeycumines/go-eventloop/internal/tournament/component/ingresschunkfree	1.288s
ok  	github.com/joeycumines/go-eventloop/internal/tournament/component/ingresssliceswap	0.900s
ok  	github.com/joeycumines/go-eventloop/internal/tournament/component/pollerarray	2.054s
ok  	github.com/joeycumines/go-eventloop/internal/tournament/component/pollerbounded	2.869s
ok  	github.com/joeycumines/go-eventloop/internal/tournament/component/pollerdynamic	3.267s
ok  	github.com/joeycumines/go-eventloop/internal/tournament/component/pollerfixed	2.443s
ok  	github.com/joeycumines/go-eventloop/internal/tournament/component/pollerfixedtoken	3.678s
ok  	github.com/joeycumines/go-eventloop/internal/tournament/component/pollermap	4.084s
ok  	github.com/joeycumines/go-eventloop/internal/tournament/component/timerbucket27	3.584s
ok  	github.com/joeycumines/go-eventloop/internal/tournament/component/timerbucketcurrent	3.612s
ok  	github.com/joeycumines/go-eventloop/internal/tournament/component/timerbucketretire	3.656s
ok  	github.com/joeycumines/go-eventloop/internal/tournament/component/timerheapdeadline	3.674s
ok  	github.com/joeycumines/go-eventloop/internal/tournament/component/timerheapdefer	3.714s
ok  	github.com/joeycumines/go-eventloop/internal/tournament/component/timerheapref	3.690s
ok  	github.com/joeycumines/go-eventloop/internal/tournament/component/timerheapstall	3.692s
ok  	github.com/joeycumines/go-eventloop/internal/tournament/component/timerrefalwayssubmit	3.669s
ok  	github.com/joeycumines/go-eventloop/internal/tournament/component/timerrefclosure0bc	3.757s
ok  	github.com/joeycumines/go-eventloop/internal/tournament/component/timerrefclosure0def	3.742s
ok  	github.com/joeycumines/go-eventloop/internal/tournament/component/timerrefclosure802	3.739s
ok  	github.com/joeycumines/go-eventloop/internal/tournament/component/timerrefclosureawake	3.620s
ok  	github.com/joeycumines/go-eventloop/internal/tournament/component/timerrefclosureb77	85.778s
ok  	github.com/joeycumines/go-eventloop/internal/tournament/component/timerrefclosurecc	85.761s
ok  	github.com/joeycumines/go-eventloop/internal/tournament/component/timerrefclosuregated	3.627s
ok  	github.com/joeycumines/go-eventloop/internal/tournament/component/timerrefclosuresimple	3.641s
ok  	github.com/joeycumines/go-eventloop/internal/tournament/component/timerrefint32	3.664s
ok  	github.com/joeycumines/go-eventloop/internal/tournament/component/timerrefint64	3.564s
ok  	github.com/joeycumines/go-eventloop/internal/tournament/component/timerrefownersubmit	3.581s
ok  	github.com/joeycumines/go-eventloop/internal/tournament/component/timerrefrwmutex	3.576s
ok  	github.com/joeycumines/go-eventloop/internal/tournament/component/timerrefsyncmap	3.680s
ok  	github.com/joeycumines/go-eventloop/internal/tournament/component/timervalueone	2.820s
ok  	github.com/joeycumines/go-eventloop/internal/tournament/component/timervaluethree	2.804s
eventloop: lane=product
go -C /Users/joeyc/dev/scratch/turbo-backup/go-utilpkg/eventloop test -bench='^Benchmark(AutoExitImmediate|AutoExitImmediateCancelableContext|ConcurrentSubmissionWakeIntegration|EventTargetDispatchEmptyReusedEvent|EventTargetDispatchFreshEvent|EventTargetDispatchParallelDistinctEvents|EventTargetDispatchParallelDistinctEventsControl|EventTargetDispatchReusedEvent|EventTargetListenerConstruction|EventTargetListenerRegistrationWithLiveSet|FDReadinessDispatchHighCount|FDReadinessDispatchSingle|IdleWakeRecoveryTurnCost|JSAdapterRegistrationLiveSet|LargeDeadlineList|MetricsCollection|MetricsHotPath|MetricsHotPathSnapshot|MicrotaskLatency|MicrotaskScheduleExternal|MicrotaskScheduleLoopThread|MixedWorkload|NextTickRecursiveDrain|NextTickScheduleExternal|NextTickScheduleLoopThread|NoMetrics|PromiseAllFixedArityEndToEnd|PromiseAllSettledFixedArityEndToEnd|PromiseAnyFixedArityEndToEnd|PromiseCreation|PromiseDepthThreeEndToEnd|PromiseRaceFixedArityEndToEnd|PromiseReactionEndToEnd|PromiseSettleNoHandler|PromisifyCompletionEndToEnd|RetentionBoundary|RetentionPostBurstSteady|RetentionPublicSubmissionTerminal|RetentionWarmedSteady|SchedulerInternalExternalBurst|SchedulerPriorityLatency|SetImmediateBurst|SetIntervalSteadyTicks|SparseFDRegistration|SubmitInternalChainHandoff|SubmitLatency|TimerCancelScale|TimerLatency|TimerScheduleRandomDeadlines|TimerScheduleSameDeadline100K)$' -benchmem -count=5 -run='^$' -benchtime=1s -timeout=30m .
goos: darwin
goarch: arm64
pkg: github.com/joeycumines/go-eventloop
cpu: Apple M2 Pro
BenchmarkAutoExitImmediate-10                                   	  207159	      5928 ns/op	   20154 B/op	      33 allocs/op
BenchmarkAutoExitImmediate-10                                   	  198236	      6016 ns/op	   20152 B/op	      33 allocs/op
BenchmarkAutoExitImmediate-10                                   	  205441	      5912 ns/op	   20152 B/op	      33 allocs/op
BenchmarkAutoExitImmediate-10                                   	  197102	      6193 ns/op	   20152 B/op	      33 allocs/op
BenchmarkAutoExitImmediate-10                                   	  207942	      6575 ns/op	   20152 B/op	      33 allocs/op
BenchmarkAutoExitImmediateCancelableContext-10                  	  170635	      6511 ns/op	   20152 B/op	      33 allocs/op
BenchmarkAutoExitImmediateCancelableContext-10                  	  187561	      6334 ns/op	   20152 B/op	      33 allocs/op
BenchmarkAutoExitImmediateCancelableContext-10                  	  201685	      6117 ns/op	   20152 B/op	      33 allocs/op
BenchmarkAutoExitImmediateCancelableContext-10                  	  195327	      6085 ns/op	   20152 B/op	      33 allocs/op
BenchmarkAutoExitImmediateCancelableContext-10                  	  194544	      6190 ns/op	   20152 B/op	      33 allocs/op
BenchmarkEventTargetDispatchReusedEvent-10                      	18801188	        63.87 ns/op	       0 B/op	       0 allocs/op
BenchmarkEventTargetDispatchReusedEvent-10                      	18876222	        63.74 ns/op	       0 B/op	       0 allocs/op
BenchmarkEventTargetDispatchReusedEvent-10                      	18862276	        64.36 ns/op	       0 B/op	       0 allocs/op
BenchmarkEventTargetDispatchReusedEvent-10                      	18751110	        63.63 ns/op	       0 B/op	       0 allocs/op
BenchmarkEventTargetDispatchReusedEvent-10                      	18757412	        64.44 ns/op	       0 B/op	       0 allocs/op
BenchmarkEventTargetDispatchFreshEvent-10                       	16697500	        72.14 ns/op	      48 B/op	       1 allocs/op
BenchmarkEventTargetDispatchFreshEvent-10                       	16841268	        72.08 ns/op	      48 B/op	       1 allocs/op
BenchmarkEventTargetDispatchFreshEvent-10                       	16561765	        73.06 ns/op	      48 B/op	       1 allocs/op
BenchmarkEventTargetDispatchFreshEvent-10                       	16727827	        72.30 ns/op	      48 B/op	       1 allocs/op
BenchmarkEventTargetDispatchFreshEvent-10                       	16730966	        72.34 ns/op	      48 B/op	       1 allocs/op
BenchmarkEventTargetDispatchEmptyReusedEvent-10                 	33984906	        35.58 ns/op	       0 B/op	       0 allocs/op
BenchmarkEventTargetDispatchEmptyReusedEvent-10                 	33484828	        35.44 ns/op	       0 B/op	       0 allocs/op
BenchmarkEventTargetDispatchEmptyReusedEvent-10                 	33800198	        35.67 ns/op	       0 B/op	       0 allocs/op
BenchmarkEventTargetDispatchEmptyReusedEvent-10                 	33732540	        35.42 ns/op	       0 B/op	       0 allocs/op
BenchmarkEventTargetDispatchEmptyReusedEvent-10                 	33925777	        35.39 ns/op	       0 B/op	       0 allocs/op
BenchmarkEventTargetDispatchParallelDistinctEvents-10           	 3147044	       381.8 ns/op	       0 B/op	       0 allocs/op
BenchmarkEventTargetDispatchParallelDistinctEvents-10           	 3090996	       389.3 ns/op	       0 B/op	       0 allocs/op
BenchmarkEventTargetDispatchParallelDistinctEvents-10           	 3099849	       384.9 ns/op	       0 B/op	       0 allocs/op
BenchmarkEventTargetDispatchParallelDistinctEvents-10           	 3086838	       385.5 ns/op	       0 B/op	       0 allocs/op
BenchmarkEventTargetDispatchParallelDistinctEvents-10           	 3122258	       379.0 ns/op	       0 B/op	       0 allocs/op
BenchmarkEventTargetDispatchParallelDistinctEventsControl-10    	 1355103	       895.4 ns/op	       0 B/op	       0 allocs/op
BenchmarkEventTargetDispatchParallelDistinctEventsControl-10    	 1339573	       885.9 ns/op	       0 B/op	       0 allocs/op
BenchmarkEventTargetDispatchParallelDistinctEventsControl-10    	 1353146	       887.0 ns/op	       0 B/op	       0 allocs/op
BenchmarkEventTargetDispatchParallelDistinctEventsControl-10    	 1355725	       885.5 ns/op	       0 B/op	       0 allocs/op
BenchmarkEventTargetDispatchParallelDistinctEventsControl-10    	 1342592	       879.2 ns/op	       0 B/op	       0 allocs/op
BenchmarkEventTargetListenerRegistrationWithLiveSet/0-10        	14499144	        83.92 ns/op	      32 B/op	       2 allocs/op
BenchmarkEventTargetListenerRegistrationWithLiveSet/0-10        	14482323	        84.40 ns/op	      32 B/op	       2 allocs/op
BenchmarkEventTargetListenerRegistrationWithLiveSet/0-10        	14151964	        83.61 ns/op	      32 B/op	       2 allocs/op
BenchmarkEventTargetListenerRegistrationWithLiveSet/0-10        	14403283	        83.57 ns/op	      32 B/op	       2 allocs/op
BenchmarkEventTargetListenerRegistrationWithLiveSet/0-10        	14402995	        84.22 ns/op	      32 B/op	       2 allocs/op
BenchmarkEventTargetListenerRegistrationWithLiveSet/100-10      	14680081	        81.66 ns/op	      32 B/op	       2 allocs/op
BenchmarkEventTargetListenerRegistrationWithLiveSet/100-10      	14876254	        81.17 ns/op	      32 B/op	       2 allocs/op
BenchmarkEventTargetListenerRegistrationWithLiveSet/100-10      	14369629	        83.02 ns/op	      32 B/op	       2 allocs/op
BenchmarkEventTargetListenerRegistrationWithLiveSet/100-10      	14209177	        85.09 ns/op	      32 B/op	       2 allocs/op
BenchmarkEventTargetListenerRegistrationWithLiveSet/100-10      	14457968	        81.74 ns/op	      32 B/op	       2 allocs/op
BenchmarkEventTargetListenerRegistrationWithLiveSet/1000-10     	14940052	        82.38 ns/op	      32 B/op	       2 allocs/op
BenchmarkEventTargetListenerRegistrationWithLiveSet/1000-10     	14726673	        81.90 ns/op	      32 B/op	       2 allocs/op
BenchmarkEventTargetListenerRegistrationWithLiveSet/1000-10     	14737458	        81.58 ns/op	      32 B/op	       2 allocs/op
BenchmarkEventTargetListenerRegistrationWithLiveSet/1000-10     	14834218	        81.12 ns/op	      32 B/op	       2 allocs/op
BenchmarkEventTargetListenerRegistrationWithLiveSet/1000-10     	14776891	        83.00 ns/op	      32 B/op	       2 allocs/op
BenchmarkEventTargetListenerRegistrationWithLiveSet/10000-10    	14536834	        82.25 ns/op	      32 B/op	       2 allocs/op
BenchmarkEventTargetListenerRegistrationWithLiveSet/10000-10    	14484807	        81.75 ns/op	      32 B/op	       2 allocs/op
BenchmarkEventTargetListenerRegistrationWithLiveSet/10000-10    	14348438	        83.15 ns/op	      32 B/op	       2 allocs/op
BenchmarkEventTargetListenerRegistrationWithLiveSet/10000-10    	14422065	        83.94 ns/op	      32 B/op	       2 allocs/op
BenchmarkEventTargetListenerRegistrationWithLiveSet/10000-10    	14173701	        84.40 ns/op	      32 B/op	       2 allocs/op
BenchmarkEventTargetListenerConstruction/100-10                 	  235736	      5050 ns/op	    4584 B/op	     138 allocs/op
BenchmarkEventTargetListenerConstruction/100-10                 	  240924	      5033 ns/op	    4584 B/op	     138 allocs/op
BenchmarkEventTargetListenerConstruction/100-10                 	  230826	      5005 ns/op	    4584 B/op	     138 allocs/op
BenchmarkEventTargetListenerConstruction/100-10                 	  249135	      5094 ns/op	    4584 B/op	     138 allocs/op
BenchmarkEventTargetListenerConstruction/100-10                 	  233521	      5063 ns/op	    4584 B/op	     138 allocs/op
BenchmarkEventTargetListenerConstruction/1000-10                	   30019	     40066 ns/op	   39624 B/op	    1059 allocs/op
BenchmarkEventTargetListenerConstruction/1000-10                	   29724	     40144 ns/op	   39624 B/op	    1059 allocs/op
BenchmarkEventTargetListenerConstruction/1000-10                	   29199	     40545 ns/op	   39624 B/op	    1059 allocs/op
BenchmarkEventTargetListenerConstruction/1000-10                	   28462	     40885 ns/op	   39624 B/op	    1059 allocs/op
BenchmarkEventTargetListenerConstruction/1000-10                	   29698	     40384 ns/op	   39624 B/op	    1059 allocs/op
BenchmarkEventTargetListenerConstruction/5000-10                	    5847	    197310 ns/op	  243144 B/op	    5080 allocs/op
BenchmarkEventTargetListenerConstruction/5000-10                	    6136	    198221 ns/op	  243144 B/op	    5080 allocs/op
BenchmarkEventTargetListenerConstruction/5000-10                	    6297	    200182 ns/op	  243145 B/op	    5080 allocs/op
BenchmarkEventTargetListenerConstruction/5000-10                	    5913	    198616 ns/op	  243144 B/op	    5080 allocs/op
BenchmarkEventTargetListenerConstruction/5000-10                	    6080	    197077 ns/op	  243144 B/op	    5080 allocs/op
BenchmarkEventTargetListenerConstruction/10000-10               	    3157	    385992 ns/op	  449162 B/op	   10087 allocs/op
BenchmarkEventTargetListenerConstruction/10000-10               	    3120	    380243 ns/op	  449162 B/op	   10087 allocs/op
BenchmarkEventTargetListenerConstruction/10000-10               	    3165	    384391 ns/op	  449162 B/op	   10087 allocs/op
BenchmarkEventTargetListenerConstruction/10000-10               	    3062	    383881 ns/op	  449161 B/op	   10087 allocs/op
BenchmarkEventTargetListenerConstruction/10000-10               	    3117	    385311 ns/op	  449162 B/op	   10087 allocs/op
BenchmarkFDReadinessDispatchSingle-10                           	  105277	     11872 ns/op	      24 B/op	       1 allocs/op
BenchmarkFDReadinessDispatchSingle-10                           	  103392	     11899 ns/op	      24 B/op	       1 allocs/op
BenchmarkFDReadinessDispatchSingle-10                           	  102625	     11853 ns/op	      24 B/op	       1 allocs/op
BenchmarkFDReadinessDispatchSingle-10                           	  107052	     11560 ns/op	      24 B/op	       1 allocs/op
BenchmarkFDReadinessDispatchSingle-10                           	  105057	     11961 ns/op	      24 B/op	       1 allocs/op
BenchmarkFDReadinessDispatchHighCount-10                        	     530	   2457330 ns/op	      1000 fds/op	   24023 B/op	    1000 allocs/op
BenchmarkFDReadinessDispatchHighCount-10                        	     520	   2383610 ns/op	      1000 fds/op	   24023 B/op	    1000 allocs/op
BenchmarkFDReadinessDispatchHighCount-10                        	     428	   2613900 ns/op	      1000 fds/op	   24028 B/op	    1000 allocs/op
BenchmarkFDReadinessDispatchHighCount-10                        	     484	   2567902 ns/op	      1000 fds/op	   24025 B/op	    1000 allocs/op
BenchmarkFDReadinessDispatchHighCount-10                        	     463	   2731656 ns/op	      1000 fds/op	   24026 B/op	    1000 allocs/op
BenchmarkSparseFDRegistration-10                                	  531458	      2256 ns/op	     112 B/op	       6 allocs/op
BenchmarkSparseFDRegistration-10                                	  520404	      2260 ns/op	     112 B/op	       6 allocs/op
BenchmarkSparseFDRegistration-10                                	  520936	      2272 ns/op	     112 B/op	       6 allocs/op
BenchmarkSparseFDRegistration-10                                	  535983	      2244 ns/op	     112 B/op	       6 allocs/op
BenchmarkSparseFDRegistration-10                                	  530302	      2247 ns/op	     112 B/op	       6 allocs/op
BenchmarkJSAdapterRegistrationLiveSet/64-10                     	 1425241	       853.6 ns/op	     904 B/op	      13 allocs/op
BenchmarkJSAdapterRegistrationLiveSet/64-10                     	 1406128	       871.3 ns/op	     904 B/op	      13 allocs/op
BenchmarkJSAdapterRegistrationLiveSet/64-10                     	 1376602	       867.9 ns/op	     904 B/op	      13 allocs/op
BenchmarkJSAdapterRegistrationLiveSet/64-10                     	 1393304	       865.4 ns/op	     904 B/op	      13 allocs/op
BenchmarkJSAdapterRegistrationLiveSet/64-10                     	 1369632	       858.3 ns/op	     904 B/op	      13 allocs/op
BenchmarkJSAdapterRegistrationLiveSet/1024-10                   	 1641298	       704.6 ns/op	     904 B/op	      13 allocs/op
BenchmarkJSAdapterRegistrationLiveSet/1024-10                   	 1671722	       707.6 ns/op	     904 B/op	      13 allocs/op
BenchmarkJSAdapterRegistrationLiveSet/1024-10                   	 1682576	       718.2 ns/op	     904 B/op	      13 allocs/op
BenchmarkJSAdapterRegistrationLiveSet/1024-10                   	 1652059	       712.8 ns/op	     904 B/op	      13 allocs/op
BenchmarkJSAdapterRegistrationLiveSet/1024-10                   	 1704324	       707.6 ns/op	     904 B/op	      13 allocs/op
BenchmarkMetricsCollection-10                                   	 1676205	       718.7 ns/op	       0 B/op	       0 allocs/op
BenchmarkMetricsCollection-10                                   	 1656156	       723.0 ns/op	       0 B/op	       0 allocs/op
BenchmarkMetricsCollection-10                                   	 1671055	       720.2 ns/op	       0 B/op	       0 allocs/op
BenchmarkMetricsCollection-10                                   	 1653619	       727.3 ns/op	       0 B/op	       0 allocs/op
BenchmarkMetricsCollection-10                                   	 1666272	       719.3 ns/op	       0 B/op	       0 allocs/op
BenchmarkNoMetrics-10                                           	 3585546	       335.2 ns/op	       0 B/op	       0 allocs/op
BenchmarkNoMetrics-10                                           	 3400875	       343.1 ns/op	       0 B/op	       0 allocs/op
BenchmarkNoMetrics-10                                           	 3555183	       337.3 ns/op	       0 B/op	       0 allocs/op
BenchmarkNoMetrics-10                                           	 3571918	       338.8 ns/op	       0 B/op	       0 allocs/op
BenchmarkNoMetrics-10                                           	 3570174	       336.3 ns/op	       0 B/op	       0 allocs/op
BenchmarkPromiseCreation-10                                     	21308568	        57.20 ns/op	      96 B/op	       3 allocs/op
BenchmarkPromiseCreation-10                                     	20178819	        57.59 ns/op	      96 B/op	       3 allocs/op
BenchmarkPromiseCreation-10                                     	21334264	        58.91 ns/op	      96 B/op	       3 allocs/op
BenchmarkPromiseCreation-10                                     	20132242	        58.91 ns/op	      96 B/op	       3 allocs/op
BenchmarkPromiseCreation-10                                     	20370256	        59.48 ns/op	      96 B/op	       3 allocs/op
BenchmarkPromiseSettleNoHandler-10                              	16825947	        71.44 ns/op	      96 B/op	       3 allocs/op
BenchmarkPromiseSettleNoHandler-10                              	17160322	        75.08 ns/op	      96 B/op	       3 allocs/op
BenchmarkPromiseSettleNoHandler-10                              	15698714	        72.70 ns/op	      96 B/op	       3 allocs/op
BenchmarkPromiseSettleNoHandler-10                              	16557832	        71.94 ns/op	      96 B/op	       3 allocs/op
BenchmarkPromiseSettleNoHandler-10                              	16578535	        72.58 ns/op	      96 B/op	       3 allocs/op
BenchmarkPromiseReactionEndToEnd-10                             	  257580	      4713 ns/op	     620 B/op	      18 allocs/op
BenchmarkPromiseReactionEndToEnd-10                             	  247860	      4664 ns/op	     619 B/op	      18 allocs/op
BenchmarkPromiseReactionEndToEnd-10                             	  259634	      4696 ns/op	     623 B/op	      19 allocs/op
BenchmarkPromiseReactionEndToEnd-10                             	  258140	      4700 ns/op	     622 B/op	      18 allocs/op
BenchmarkPromiseReactionEndToEnd-10                             	  252471	      4720 ns/op	     624 B/op	      19 allocs/op
BenchmarkPromiseDepthThreeEndToEnd-10                           	  219691	      5360 ns/op	     883 B/op	      23 allocs/op
BenchmarkPromiseDepthThreeEndToEnd-10                           	  219070	      5471 ns/op	     880 B/op	      23 allocs/op
BenchmarkPromiseDepthThreeEndToEnd-10                           	  226096	      5304 ns/op	     882 B/op	      23 allocs/op
BenchmarkPromiseDepthThreeEndToEnd-10                           	  224088	      5324 ns/op	     882 B/op	      23 allocs/op
BenchmarkPromiseDepthThreeEndToEnd-10                           	  205574	      5522 ns/op	     881 B/op	      23 allocs/op
BenchmarkPromiseAllFixedArityEndToEnd-10                        	  157924	      7493 ns/op	    2123 B/op	      51 allocs/op
BenchmarkPromiseAllFixedArityEndToEnd-10                        	  159216	      7472 ns/op	    2122 B/op	      51 allocs/op
BenchmarkPromiseAllFixedArityEndToEnd-10                        	  141763	      7496 ns/op	    2123 B/op	      51 allocs/op
BenchmarkPromiseAllFixedArityEndToEnd-10                        	  162008	      7494 ns/op	    2122 B/op	      51 allocs/op
BenchmarkPromiseAllFixedArityEndToEnd-10                        	  160537	      7492 ns/op	    2123 B/op	      51 allocs/op
BenchmarkPromiseRaceFixedArityEndToEnd-10                       	  156831	      7750 ns/op	    1670 B/op	      47 allocs/op
BenchmarkPromiseRaceFixedArityEndToEnd-10                       	  155540	      7729 ns/op	    1670 B/op	      47 allocs/op
BenchmarkPromiseRaceFixedArityEndToEnd-10                       	  155377	      7742 ns/op	    1670 B/op	      47 allocs/op
BenchmarkPromiseRaceFixedArityEndToEnd-10                       	  153000	      7780 ns/op	    1670 B/op	      47 allocs/op
BenchmarkPromiseRaceFixedArityEndToEnd-10                       	  157396	      7779 ns/op	    1670 B/op	      47 allocs/op
BenchmarkPromiseAllSettledFixedArityEndToEnd-10                 	  139062	      8734 ns/op	    3787 B/op	      59 allocs/op
BenchmarkPromiseAllSettledFixedArityEndToEnd-10                 	  131815	      8846 ns/op	    3786 B/op	      59 allocs/op
BenchmarkPromiseAllSettledFixedArityEndToEnd-10                 	  140641	      8528 ns/op	    3788 B/op	      59 allocs/op
BenchmarkPromiseAllSettledFixedArityEndToEnd-10                 	  139642	      8538 ns/op	    3788 B/op	      59 allocs/op
BenchmarkPromiseAllSettledFixedArityEndToEnd-10                 	  140940	      8533 ns/op	    3788 B/op	      59 allocs/op
BenchmarkPromiseAnyFixedArityEndToEnd-10                        	  148898	      7991 ns/op	    2102 B/op	      50 allocs/op
BenchmarkPromiseAnyFixedArityEndToEnd-10                        	  149503	      7942 ns/op	    2102 B/op	      50 allocs/op
BenchmarkPromiseAnyFixedArityEndToEnd-10                        	  150030	      8030 ns/op	    2102 B/op	      50 allocs/op
BenchmarkPromiseAnyFixedArityEndToEnd-10                        	  139236	      8292 ns/op	    2101 B/op	      50 allocs/op
BenchmarkPromiseAnyFixedArityEndToEnd-10                        	  151459	      7951 ns/op	    2102 B/op	      50 allocs/op
BenchmarkPromisifyCompletionEndToEnd-10                         	  227145	      5516 ns/op	     449 B/op	       9 allocs/op
BenchmarkPromisifyCompletionEndToEnd-10                         	  229665	      5579 ns/op	     489 B/op	       9 allocs/op
BenchmarkPromisifyCompletionEndToEnd-10                         	  215487	      5617 ns/op	     454 B/op	       9 allocs/op
BenchmarkPromisifyCompletionEndToEnd-10                         	  219184	      5631 ns/op	     452 B/op	       9 allocs/op
BenchmarkPromisifyCompletionEndToEnd-10                         	  222736	      5603 ns/op	     451 B/op	       9 allocs/op
BenchmarkSchedulerPriorityLatency-10                            	   27146	     42360 ns/op	         0 externals_before_internal/op	      3387 priority_latency_ns/op	    2096 B/op	      71 allocs/op
BenchmarkSchedulerPriorityLatency-10                            	   28238	     41654 ns/op	         0 externals_before_internal/op	      3335 priority_latency_ns/op	    2096 B/op	      71 allocs/op
BenchmarkSchedulerPriorityLatency-10                            	   28842	     42533 ns/op	         0 externals_before_internal/op	      3357 priority_latency_ns/op	    2096 B/op	      71 allocs/op
BenchmarkSchedulerPriorityLatency-10                            	   28238	     41980 ns/op	         0 externals_before_internal/op	      3327 priority_latency_ns/op	    2096 B/op	      71 allocs/op
BenchmarkSchedulerPriorityLatency-10                            	   27378	     41937 ns/op	         0 externals_before_internal/op	      3357 priority_latency_ns/op	    2096 B/op	      71 allocs/op
BenchmarkSubmitInternalChainHandoff-10                          	   51836	     23176 ns/op	        32.00 handoffs/op	     784 B/op	      33 allocs/op
BenchmarkSubmitInternalChainHandoff-10                          	   51463	     23120 ns/op	        32.00 handoffs/op	     784 B/op	      33 allocs/op
BenchmarkSubmitInternalChainHandoff-10                          	   51904	     23136 ns/op	        32.00 handoffs/op	     784 B/op	      33 allocs/op
BenchmarkSubmitInternalChainHandoff-10                          	   50977	     23124 ns/op	        32.00 handoffs/op	     784 B/op	      33 allocs/op
BenchmarkSubmitInternalChainHandoff-10                          	   51999	     23260 ns/op	        32.00 handoffs/op	     784 B/op	      33 allocs/op
BenchmarkSchedulerInternalExternalBurst-10                      	  425432	      2837 ns/op	      32 B/op	       2 allocs/op
BenchmarkSchedulerInternalExternalBurst-10                      	  399339	      2834 ns/op	      32 B/op	       2 allocs/op
BenchmarkSchedulerInternalExternalBurst-10                      	  418408	      2833 ns/op	      32 B/op	       2 allocs/op
BenchmarkSchedulerInternalExternalBurst-10                      	  403723	      2968 ns/op	      32 B/op	       2 allocs/op
BenchmarkSchedulerInternalExternalBurst-10                      	  419964	      2857 ns/op	      32 B/op	       2 allocs/op
BenchmarkRetentionWarmedSteady/function-queue-10                	212822826	         5.619 ns/op	       0 B/op	       0 allocs/op
BenchmarkRetentionWarmedSteady/function-queue-10                	212575572	         5.601 ns/op	       0 B/op	       0 allocs/op
BenchmarkRetentionWarmedSteady/function-queue-10                	212449856	         5.688 ns/op	       0 B/op	       0 allocs/op
BenchmarkRetentionWarmedSteady/function-queue-10                	215035762	         5.618 ns/op	       0 B/op	       0 allocs/op
BenchmarkRetentionWarmedSteady/function-queue-10                	213811986	         5.626 ns/op	       0 B/op	       0 allocs/op
BenchmarkRetentionWarmedSteady/command-ingress-10               	90277320	        13.33 ns/op	       0 B/op	       0 allocs/op
BenchmarkRetentionWarmedSteady/command-ingress-10               	89938732	        13.47 ns/op	       0 B/op	       0 allocs/op
BenchmarkRetentionWarmedSteady/command-ingress-10               	89403514	        13.36 ns/op	       0 B/op	       0 allocs/op
BenchmarkRetentionWarmedSteady/command-ingress-10               	89819518	        13.36 ns/op	       0 B/op	       0 allocs/op
BenchmarkRetentionWarmedSteady/command-ingress-10               	90957325	        13.39 ns/op	       0 B/op	       0 allocs/op
BenchmarkRetentionWarmedSteady/owner-check-10                   	190276965	         6.181 ns/op	       0 B/op	       0 allocs/op
BenchmarkRetentionWarmedSteady/owner-check-10                   	194243092	         6.183 ns/op	       0 B/op	       0 allocs/op
BenchmarkRetentionWarmedSteady/owner-check-10                   	194246367	         6.178 ns/op	       0 B/op	       0 allocs/op
BenchmarkRetentionWarmedSteady/owner-check-10                   	194379226	         6.178 ns/op	       0 B/op	       0 allocs/op
BenchmarkRetentionWarmedSteady/owner-check-10                   	189417108	         6.249 ns/op	       0 B/op	       0 allocs/op
BenchmarkRetentionWarmedSteady/mixed-check-10                   	32174133	        37.49 ns/op	       0 B/op	       0 allocs/op
BenchmarkRetentionWarmedSteady/mixed-check-10                   	32284027	        37.27 ns/op	       0 B/op	       0 allocs/op
BenchmarkRetentionWarmedSteady/mixed-check-10                   	31761541	        37.22 ns/op	       0 B/op	       0 allocs/op
BenchmarkRetentionWarmedSteady/mixed-check-10                   	32027578	        37.24 ns/op	       0 B/op	       0 allocs/op
BenchmarkRetentionWarmedSteady/mixed-check-10                   	32088634	        37.21 ns/op	       0 B/op	       0 allocs/op
BenchmarkRetentionBoundary/function-queue-10                    	   71542	     16907 ns/op	         0 retained-B	   48248 B/op	      13 allocs/op
BenchmarkRetentionBoundary/function-queue-10                    	   72142	     16755 ns/op	         0 retained-B	   48248 B/op	      13 allocs/op
BenchmarkRetentionBoundary/function-queue-10                    	   72040	     16853 ns/op	         0 retained-B	   48248 B/op	      13 allocs/op
BenchmarkRetentionBoundary/function-queue-10                    	   68044	     16920 ns/op	         0 retained-B	   48248 B/op	      13 allocs/op
BenchmarkRetentionBoundary/function-queue-10                    	   70255	     16953 ns/op	         0 retained-B	   48248 B/op	      13 allocs/op
BenchmarkRetentionBoundary/command-ingress-10                   	  127042	      9539 ns/op	         0 retained-B	   49008 B/op	       9 allocs/op
BenchmarkRetentionBoundary/command-ingress-10                   	  125833	      9493 ns/op	         0 retained-B	   49008 B/op	       9 allocs/op
BenchmarkRetentionBoundary/command-ingress-10                   	  125517	      9397 ns/op	         0 retained-B	   49008 B/op	       9 allocs/op
BenchmarkRetentionBoundary/command-ingress-10                   	  125440	      9498 ns/op	         0 retained-B	   49008 B/op	       9 allocs/op
BenchmarkRetentionBoundary/command-ingress-10                   	  126196	      9612 ns/op	         0 retained-B	   49008 B/op	       9 allocs/op
BenchmarkRetentionBoundary/owner-check-10                       	  115814	     10402 ns/op	         0 retained-B	   59368 B/op	      11 allocs/op
BenchmarkRetentionBoundary/owner-check-10                       	  117595	     10229 ns/op	         0 retained-B	   59368 B/op	      11 allocs/op
BenchmarkRetentionBoundary/owner-check-10                       	  117008	     10180 ns/op	         0 retained-B	   59368 B/op	      11 allocs/op
BenchmarkRetentionBoundary/owner-check-10                       	  116592	     10121 ns/op	         0 retained-B	   59368 B/op	      11 allocs/op
BenchmarkRetentionBoundary/owner-check-10                       	  118096	     10144 ns/op	         0 retained-B	   59368 B/op	      11 allocs/op
BenchmarkRetentionBoundary/registry-10                          	    1861	    646898 ns/op	  850236 B/op	     113 allocs/op
BenchmarkRetentionBoundary/registry-10                          	    1891	    643595 ns/op	  850238 B/op	     113 allocs/op
BenchmarkRetentionBoundary/registry-10                          	    1897	    646648 ns/op	  850236 B/op	     113 allocs/op
BenchmarkRetentionBoundary/registry-10                          	    1888	    651527 ns/op	  850237 B/op	     113 allocs/op
BenchmarkRetentionBoundary/registry-10                          	    1850	    645357 ns/op	  850237 B/op	     113 allocs/op
BenchmarkRetentionPostBurstSteady/function-queue-10             	201290143	         5.589 ns/op	       0 B/op	       0 allocs/op
BenchmarkRetentionPostBurstSteady/function-queue-10             	200605563	         5.669 ns/op	       0 B/op	       0 allocs/op
BenchmarkRetentionPostBurstSteady/function-queue-10             	200289668	         5.642 ns/op	       0 B/op	       0 allocs/op
BenchmarkRetentionPostBurstSteady/function-queue-10             	200825966	         5.676 ns/op	       0 B/op	       0 allocs/op
BenchmarkRetentionPostBurstSteady/function-queue-10             	200728896	         5.614 ns/op	       0 B/op	       0 allocs/op
BenchmarkRetentionPostBurstSteady/command-ingress-10            	87756716	        13.67 ns/op	       0 B/op	       0 allocs/op
BenchmarkRetentionPostBurstSteady/command-ingress-10            	85987855	        13.60 ns/op	       0 B/op	       0 allocs/op
BenchmarkRetentionPostBurstSteady/command-ingress-10            	89182582	        13.70 ns/op	       0 B/op	       0 allocs/op
BenchmarkRetentionPostBurstSteady/command-ingress-10            	86223409	        13.57 ns/op	       0 B/op	       0 allocs/op
BenchmarkRetentionPostBurstSteady/command-ingress-10            	87277227	        13.70 ns/op	       0 B/op	       0 allocs/op
BenchmarkRetentionPostBurstSteady/owner-check-10                	191168200	         6.181 ns/op	       0 B/op	       0 allocs/op
BenchmarkRetentionPostBurstSteady/owner-check-10                	194569155	         6.191 ns/op	       0 B/op	       0 allocs/op
BenchmarkRetentionPostBurstSteady/owner-check-10                	193665171	         6.203 ns/op	       0 B/op	       0 allocs/op
BenchmarkRetentionPostBurstSteady/owner-check-10                	193885053	         6.183 ns/op	       0 B/op	       0 allocs/op
BenchmarkRetentionPostBurstSteady/owner-check-10                	193734960	         6.315 ns/op	       0 B/op	       0 allocs/op
BenchmarkRetentionPostBurstSteady/registry-10                   	60559034	        19.95 ns/op	       0 B/op	       0 allocs/op
BenchmarkRetentionPostBurstSteady/registry-10                   	58154912	        19.70 ns/op	       0 B/op	       0 allocs/op
BenchmarkRetentionPostBurstSteady/registry-10                   	60386727	        20.12 ns/op	       0 B/op	       0 allocs/op
BenchmarkRetentionPostBurstSteady/registry-10                   	60092014	        19.77 ns/op	       0 B/op	       0 allocs/op
BenchmarkRetentionPostBurstSteady/registry-10                   	52775670	        19.69 ns/op	       0 B/op	       0 allocs/op
BenchmarkRetentionPublicSubmissionTerminal-10                   	   12903	     92072 ns/op	       187.0 callbacks/op	         0 retained-B/op	   74074 B/op	      58 allocs/op
BenchmarkRetentionPublicSubmissionTerminal-10                   	   12968	     92990 ns/op	       187.0 callbacks/op	         0 retained-B/op	   74072 B/op	      58 allocs/op
BenchmarkRetentionPublicSubmissionTerminal-10                   	   12980	     91945 ns/op	       187.0 callbacks/op	         0 retained-B/op	   74072 B/op	      58 allocs/op
BenchmarkRetentionPublicSubmissionTerminal-10                   	   12850	     92369 ns/op	       187.0 callbacks/op	         0 retained-B/op	   74073 B/op	      58 allocs/op
BenchmarkRetentionPublicSubmissionTerminal-10                   	   13026	     92854 ns/op	       187.0 callbacks/op	         0 retained-B/op	   74073 B/op	      58 allocs/op
BenchmarkSubmitLatency-10                                       	  692395	      1738 ns/op	      16 B/op	       1 allocs/op
BenchmarkSubmitLatency-10                                       	  700245	      1716 ns/op	      16 B/op	       1 allocs/op
BenchmarkSubmitLatency-10                                       	  691384	      1748 ns/op	      16 B/op	       1 allocs/op
BenchmarkSubmitLatency-10                                       	  699066	      1720 ns/op	      16 B/op	       1 allocs/op
BenchmarkSubmitLatency-10                                       	  692127	      1731 ns/op	      16 B/op	       1 allocs/op
BenchmarkMicrotaskLatency-10                                    	  359223	      3724 ns/op	     248 B/op	      10 allocs/op
BenchmarkMicrotaskLatency-10                                    	  294915	      3578 ns/op	     229 B/op	       9 allocs/op
BenchmarkMicrotaskLatency-10                                    	  355398	      3909 ns/op	     246 B/op	      10 allocs/op
BenchmarkMicrotaskLatency-10                                    	  301466	      3825 ns/op	     244 B/op	      10 allocs/op
BenchmarkMicrotaskLatency-10                                    	  263396	      3797 ns/op	     247 B/op	      10 allocs/op
BenchmarkTimerLatency-10                                        	  444859	      2669 ns/op	     128 B/op	       2 allocs/op
BenchmarkTimerLatency-10                                        	  448207	      2663 ns/op	     128 B/op	       2 allocs/op
BenchmarkTimerLatency-10                                        	  432733	      2695 ns/op	     128 B/op	       2 allocs/op
BenchmarkTimerLatency-10                                        	  458227	      2651 ns/op	     128 B/op	       2 allocs/op
BenchmarkTimerLatency-10                                        	  450346	      2645 ns/op	     128 B/op	       2 allocs/op
BenchmarkMixedWorkload-10                                       	 2330529	       513.1 ns/op	     114 B/op	       1 allocs/op
BenchmarkMixedWorkload-10                                       	 2415141	       511.1 ns/op	     116 B/op	       1 allocs/op
BenchmarkMixedWorkload-10                                       	 2381589	       509.8 ns/op	     122 B/op	       1 allocs/op
BenchmarkMixedWorkload-10                                       	 2419838	       505.0 ns/op	     112 B/op	       1 allocs/op
BenchmarkMixedWorkload-10                                       	 2422833	       509.3 ns/op	     110 B/op	       1 allocs/op
BenchmarkLargeDeadlineList-10                                   	  518457	      2331 ns/op	     240 B/op	       3 allocs/op
BenchmarkLargeDeadlineList-10                                   	  515918	      2344 ns/op	     240 B/op	       3 allocs/op
BenchmarkLargeDeadlineList-10                                   	  519463	      2346 ns/op	     240 B/op	       3 allocs/op
BenchmarkLargeDeadlineList-10                                   	  504733	      2357 ns/op	     240 B/op	       3 allocs/op
BenchmarkLargeDeadlineList-10                                   	  516361	      2313 ns/op	     240 B/op	       3 allocs/op
BenchmarkMicrotaskScheduleExternal-10                           	 7085562	       170.3 ns/op	     211 B/op	       0 allocs/op
BenchmarkMicrotaskScheduleExternal-10                           	 6899865	       171.8 ns/op	     212 B/op	       0 allocs/op
BenchmarkMicrotaskScheduleExternal-10                           	 7054467	       171.8 ns/op	     210 B/op	       0 allocs/op
BenchmarkMicrotaskScheduleExternal-10                           	 6918015	       174.9 ns/op	     213 B/op	       0 allocs/op
BenchmarkMicrotaskScheduleExternal-10                           	 7108312	       169.9 ns/op	     211 B/op	       0 allocs/op
BenchmarkMicrotaskScheduleLoopThread-10                         	34629038	        32.37 ns/op	      84 B/op	       0 allocs/op
BenchmarkMicrotaskScheduleLoopThread-10                         	34256962	        34.82 ns/op	      84 B/op	       0 allocs/op
BenchmarkMicrotaskScheduleLoopThread-10                         	34129124	        35.94 ns/op	      84 B/op	       0 allocs/op
BenchmarkMicrotaskScheduleLoopThread-10                         	34586408	        34.27 ns/op	      84 B/op	       0 allocs/op
BenchmarkMicrotaskScheduleLoopThread-10                         	35818222	        34.79 ns/op	      84 B/op	       0 allocs/op
BenchmarkNextTickScheduleExternal-10                            	 6664231	       166.9 ns/op	     210 B/op	       0 allocs/op
BenchmarkNextTickScheduleExternal-10                            	 7003825	       167.9 ns/op	     209 B/op	       0 allocs/op
BenchmarkNextTickScheduleExternal-10                            	 7185382	       168.2 ns/op	     208 B/op	       0 allocs/op
BenchmarkNextTickScheduleExternal-10                            	 7103878	       167.6 ns/op	     208 B/op	       0 allocs/op
BenchmarkNextTickScheduleExternal-10                            	 7162970	       170.6 ns/op	     211 B/op	       0 allocs/op
BenchmarkNextTickScheduleLoopThread-10                          	47433488	        24.66 ns/op	      42 B/op	       0 allocs/op
BenchmarkNextTickScheduleLoopThread-10                          	52358298	        23.41 ns/op	      42 B/op	       0 allocs/op
BenchmarkNextTickScheduleLoopThread-10                          	52643125	        23.74 ns/op	      42 B/op	       0 allocs/op
BenchmarkNextTickScheduleLoopThread-10                          	49305190	        24.94 ns/op	      42 B/op	       0 allocs/op
BenchmarkNextTickScheduleLoopThread-10                          	50407366	        25.04 ns/op	      42 B/op	       0 allocs/op
BenchmarkNextTickRecursiveDrain-10                              	29106961	        41.50 ns/op	       0 B/op	       0 allocs/op
BenchmarkNextTickRecursiveDrain-10                              	29073904	        41.95 ns/op	       0 B/op	       0 allocs/op
BenchmarkNextTickRecursiveDrain-10                              	29143692	        41.63 ns/op	       0 B/op	       0 allocs/op
BenchmarkNextTickRecursiveDrain-10                              	28508583	        42.13 ns/op	       0 B/op	       0 allocs/op
BenchmarkNextTickRecursiveDrain-10                              	27285879	        41.71 ns/op	       0 B/op	       0 allocs/op
BenchmarkTimerScheduleSameDeadline100K-10                       	      88	  13443270 ns/op	    100000 timers/op	15929163 B/op	  100801 allocs/op
BenchmarkTimerScheduleSameDeadline100K-10                       	      88	  13511411 ns/op	    100000 timers/op	16009437 B/op	  101428 allocs/op
BenchmarkTimerScheduleSameDeadline100K-10                       	      91	  13251687 ns/op	    100000 timers/op	16026651 B/op	  101563 allocs/op
BenchmarkTimerScheduleSameDeadline100K-10                       	      91	  13039082 ns/op	    100000 timers/op	15954015 B/op	  100995 allocs/op
BenchmarkTimerScheduleSameDeadline100K-10                       	      87	  13839482 ns/op	    100000 timers/op	15928320 B/op	  100793 allocs/op
BenchmarkTimerScheduleRandomDeadlines-10                        	 2536278	       536.2 ns/op	     420 B/op	       2 allocs/op
BenchmarkTimerScheduleRandomDeadlines-10                        	 2554237	       558.3 ns/op	     417 B/op	       2 allocs/op
BenchmarkTimerScheduleRandomDeadlines-10                        	 2758320	       542.1 ns/op	     424 B/op	       2 allocs/op
BenchmarkTimerScheduleRandomDeadlines-10                        	 2658735	       531.1 ns/op	     410 B/op	       2 allocs/op
BenchmarkTimerScheduleRandomDeadlines-10                        	 2706394	       572.2 ns/op	     425 B/op	       2 allocs/op
BenchmarkTimerCancelScale-10                                    	 6990828	       253.1 ns/op	      72 B/op	       0 allocs/op
BenchmarkTimerCancelScale-10                                    	 7123256	       275.8 ns/op	      73 B/op	       0 allocs/op
BenchmarkTimerCancelScale-10                                    	 6591291	       252.9 ns/op	      69 B/op	       0 allocs/op
BenchmarkTimerCancelScale-10                                    	 7452366	       274.0 ns/op	      87 B/op	       0 allocs/op
BenchmarkTimerCancelScale-10                                    	 6812811	       277.6 ns/op	      76 B/op	       0 allocs/op
BenchmarkSetIntervalSteadyTicks-10                              	  993459	      1204 ns/op	       0 B/op	       0 allocs/op
BenchmarkSetIntervalSteadyTicks-10                              	  990660	      1229 ns/op	       0 B/op	       0 allocs/op
BenchmarkSetIntervalSteadyTicks-10                              	 1000000	      1192 ns/op	       0 B/op	       0 allocs/op
BenchmarkSetIntervalSteadyTicks-10                              	 1000000	      1209 ns/op	       0 B/op	       0 allocs/op
BenchmarkSetIntervalSteadyTicks-10                              	  988488	      1215 ns/op	       0 B/op	       0 allocs/op
BenchmarkSetImmediateBurst-10                                   	 1304544	       893.7 ns/op	     368 B/op	       3 allocs/op
BenchmarkSetImmediateBurst-10                                   	 1371552	       883.5 ns/op	     375 B/op	       3 allocs/op
BenchmarkSetImmediateBurst-10                                   	 1338247	       941.1 ns/op	     361 B/op	       3 allocs/op
BenchmarkSetImmediateBurst-10                                   	 1321123	       920.0 ns/op	     364 B/op	       3 allocs/op
BenchmarkSetImmediateBurst-10                                   	 1378226	       903.5 ns/op	     367 B/op	       3 allocs/op
BenchmarkMetricsHotPath-10                                      	 8706906	       135.5 ns/op	       0 B/op	       0 allocs/op
BenchmarkMetricsHotPath-10                                      	 8896368	       134.9 ns/op	       0 B/op	       0 allocs/op
BenchmarkMetricsHotPath-10                                      	 8894806	       134.4 ns/op	       0 B/op	       0 allocs/op
BenchmarkMetricsHotPath-10                                      	 8900601	       134.3 ns/op	       0 B/op	       0 allocs/op
BenchmarkMetricsHotPath-10                                      	 8918871	       136.0 ns/op	       0 B/op	       0 allocs/op
BenchmarkMetricsHotPathSnapshot-10                              	 7646280	       158.3 ns/op	     144 B/op	       1 allocs/op
BenchmarkMetricsHotPathSnapshot-10                              	 7592289	       158.4 ns/op	     144 B/op	       1 allocs/op
BenchmarkMetricsHotPathSnapshot-10                              	 7739344	       158.2 ns/op	     144 B/op	       1 allocs/op
BenchmarkMetricsHotPathSnapshot-10                              	 7588202	       160.1 ns/op	     144 B/op	       1 allocs/op
BenchmarkMetricsHotPathSnapshot-10                              	 7605444	       157.1 ns/op	     144 B/op	       1 allocs/op
BenchmarkIdleWakeRecoveryTurnCost/empty-native-poll-turn-10     	   95260	     12644 ns/op	       0 B/op	       0 allocs/op
BenchmarkIdleWakeRecoveryTurnCost/empty-native-poll-turn-10     	   93084	     12565 ns/op	       0 B/op	       0 allocs/op
BenchmarkIdleWakeRecoveryTurnCost/empty-native-poll-turn-10     	   96572	     12755 ns/op	       0 B/op	       0 allocs/op
BenchmarkIdleWakeRecoveryTurnCost/empty-native-poll-turn-10     	   94339	     12610 ns/op	       0 B/op	       0 allocs/op
BenchmarkIdleWakeRecoveryTurnCost/empty-native-poll-turn-10     	   94495	     12692 ns/op	       0 B/op	       0 allocs/op
BenchmarkIdleWakeRecoveryTurnCost/empty-fast-channel-probe-10   	331750644	         3.624 ns/op	       0 B/op	       0 allocs/op
BenchmarkIdleWakeRecoveryTurnCost/empty-fast-channel-probe-10   	333153260	         3.619 ns/op	       0 B/op	       0 allocs/op
BenchmarkIdleWakeRecoveryTurnCost/empty-fast-channel-probe-10   	332081034	         3.618 ns/op	       0 B/op	       0 allocs/op
BenchmarkIdleWakeRecoveryTurnCost/empty-fast-channel-probe-10   	330281175	         3.671 ns/op	       0 B/op	       0 allocs/op
BenchmarkIdleWakeRecoveryTurnCost/empty-fast-channel-probe-10   	330371006	         3.623 ns/op	       0 B/op	       0 allocs/op
BenchmarkConcurrentSubmissionWakeIntegration-10                 	 4494102	       254.8 ns/op	     289 B/op	       1 allocs/op
BenchmarkConcurrentSubmissionWakeIntegration-10                 	 4467507	       267.7 ns/op	     276 B/op	       1 allocs/op
BenchmarkConcurrentSubmissionWakeIntegration-10                 	 4526103	       255.2 ns/op	     290 B/op	       1 allocs/op
BenchmarkConcurrentSubmissionWakeIntegration-10                 	 4459258	       265.9 ns/op	     280 B/op	       1 allocs/op
BenchmarkConcurrentSubmissionWakeIntegration-10                 	 4605925	       260.2 ns/op	     280 B/op	       1 allocs/op
PASS
ok  	github.com/joeycumines/go-eventloop	548.563s
tournament: lane=scheduler
go -C /Users/joeyc/dev/scratch/turbo-backup/go-utilpkg/eventloop/internal/tournament test -bench='^Benchmark(GCPressure|GCPressure_Allocations|MultiProducer|MultiProducerContention|PingPong|PingPongLatency|BurstSubmit|MicroBatchBudget_Throughput|MicroBatchBudget_Latency|MicroBatchBudget_Continuous|MicroBatchBudget_Mixed|MicroCASContention|MicroCASContention_Latency|MicrotaskRoundTrip|MicroWakeupSyscall_Running|MicroWakeupSyscall_Sleeping|MicroWakeupSyscall_Burst|MicroWakeupSyscall_RapidSubmit|PromisesV2|ReadinessRoundTrip|SchedulerPriorityLatency|SubmitInternalChainHandoff|SchedulerInternalExternalBurst)$' -benchmem -count=5 -run='^$' -benchtime=1s -timeout=30m .
goos: darwin
goarch: arm64
pkg: github.com/joeycumines/go-eventloop/internal/tournament
cpu: Apple M2 Pro
BenchmarkGCPressure/Main-10                   	 1315106	       912.2 ns/op	     147 B/op	       1 allocs/op
BenchmarkGCPressure/Main-10                   	 1319611	       918.5 ns/op	     149 B/op	       1 allocs/op
BenchmarkGCPressure/Main-10                   	 1291284	       913.2 ns/op	     150 B/op	       1 allocs/op
BenchmarkGCPressure/Main-10                   	 1292870	       919.9 ns/op	     146 B/op	       1 allocs/op
BenchmarkGCPressure/Main-10                   	 1315878	       968.6 ns/op	     184 B/op	       1 allocs/op
BenchmarkGCPressure/MainFastPathForced-10     	 1307323	       914.5 ns/op	     141 B/op	       1 allocs/op
BenchmarkGCPressure/MainFastPathForced-10     	 1303668	       914.5 ns/op	     144 B/op	       1 allocs/op
BenchmarkGCPressure/MainFastPathForced-10     	 1330744	       906.5 ns/op	     140 B/op	       1 allocs/op
BenchmarkGCPressure/MainFastPathForced-10     	 1314438	       919.5 ns/op	     144 B/op	       1 allocs/op
BenchmarkGCPressure/MainFastPathForced-10     	 1305489	       931.0 ns/op	     145 B/op	       1 allocs/op
BenchmarkGCPressure/MainFastPathDisabled-10   	 1342028	       904.5 ns/op	     131 B/op	       1 allocs/op
BenchmarkGCPressure/MainFastPathDisabled-10   	 1313530	       936.7 ns/op	     149 B/op	       1 allocs/op
BenchmarkGCPressure/MainFastPathDisabled-10   	 1316379	       922.7 ns/op	     145 B/op	       1 allocs/op
BenchmarkGCPressure/MainFastPathDisabled-10   	 1305098	       909.5 ns/op	     134 B/op	       1 allocs/op
BenchmarkGCPressure/MainFastPathDisabled-10   	 1335723	       922.1 ns/op	     140 B/op	       1 allocs/op
BenchmarkGCPressure/AlternateOne-10           	 3328944	       358.0 ns/op	      30 B/op	       1 allocs/op
BenchmarkGCPressure/AlternateOne-10           	 3196099	       366.0 ns/op	      30 B/op	       1 allocs/op
BenchmarkGCPressure/AlternateOne-10           	 3199158	       387.4 ns/op	      30 B/op	       1 allocs/op
BenchmarkGCPressure/AlternateOne-10           	 3170679	       384.0 ns/op	      30 B/op	       1 allocs/op
BenchmarkGCPressure/AlternateOne-10           	 3297464	       362.4 ns/op	      30 B/op	       1 allocs/op
BenchmarkGCPressure/AlternateTwo-10           	 3268442	       391.7 ns/op	      31 B/op	       1 allocs/op
BenchmarkGCPressure/AlternateTwo-10           	 2954251	       428.5 ns/op	      30 B/op	       1 allocs/op
BenchmarkGCPressure/AlternateTwo-10           	 2886308	       426.5 ns/op	      30 B/op	       1 allocs/op
BenchmarkGCPressure/AlternateTwo-10           	 2923303	       424.9 ns/op	      30 B/op	       1 allocs/op
BenchmarkGCPressure/AlternateTwo-10           	 2684467	       414.4 ns/op	      30 B/op	       1 allocs/op
BenchmarkGCPressure/AlternateThree-10         	 3893866	       316.4 ns/op	      26 B/op	       1 allocs/op
BenchmarkGCPressure/AlternateThree-10         	 3607398	       311.6 ns/op	      26 B/op	       1 allocs/op
BenchmarkGCPressure/AlternateThree-10         	 3850123	       317.7 ns/op	      26 B/op	       1 allocs/op
BenchmarkGCPressure/AlternateThree-10         	 1000000	      2032 ns/op	      26 B/op	       1 allocs/op
BenchmarkGCPressure/AlternateThree-10         	 3826226	       320.1 ns/op	      26 B/op	       1 allocs/op
BenchmarkGCPressure/Baseline-10               	 3997480	       291.2 ns/op	      64 B/op	       3 allocs/op
BenchmarkGCPressure/Baseline-10               	 3826579	       312.3 ns/op	      64 B/op	       3 allocs/op
BenchmarkGCPressure/Baseline-10               	 3809401	       315.8 ns/op	      64 B/op	       3 allocs/op
BenchmarkGCPressure/Baseline-10               	 3761949	       313.5 ns/op	      64 B/op	       3 allocs/op
BenchmarkGCPressure/Baseline-10               	 3841581	       313.9 ns/op	      64 B/op	       3 allocs/op
BenchmarkGCPressure_Allocations/Main-10       	 1330441	       908.8 ns/op	     147 B/op	       1 allocs/op
BenchmarkGCPressure_Allocations/Main-10       	 1328604	       929.7 ns/op	     148 B/op	       1 allocs/op
BenchmarkGCPressure_Allocations/Main-10       	 1321969	       912.4 ns/op	     140 B/op	       1 allocs/op
BenchmarkGCPressure_Allocations/Main-10       	 1301952	       902.6 ns/op	     137 B/op	       1 allocs/op
BenchmarkGCPressure_Allocations/Main-10       	 1319366	       912.9 ns/op	     142 B/op	       1 allocs/op
BenchmarkGCPressure_Allocations/MainFastPathForced-10         	 1330852	       905.4 ns/op	     137 B/op	       1 allocs/op
BenchmarkGCPressure_Allocations/MainFastPathForced-10         	 1339008	       928.2 ns/op	     151 B/op	       1 allocs/op
BenchmarkGCPressure_Allocations/MainFastPathForced-10         	 1301067	       946.7 ns/op	     160 B/op	       1 allocs/op
BenchmarkGCPressure_Allocations/MainFastPathForced-10         	 1242926	       906.6 ns/op	     142 B/op	       1 allocs/op
BenchmarkGCPressure_Allocations/MainFastPathForced-10         	 1322286	       911.6 ns/op	     133 B/op	       1 allocs/op
BenchmarkGCPressure_Allocations/MainFastPathDisabled-10       	 1311039	       914.7 ns/op	     139 B/op	       1 allocs/op
BenchmarkGCPressure_Allocations/MainFastPathDisabled-10       	 1341210	       905.8 ns/op	     140 B/op	       1 allocs/op
BenchmarkGCPressure_Allocations/MainFastPathDisabled-10       	 1325060	       922.2 ns/op	     146 B/op	       1 allocs/op
BenchmarkGCPressure_Allocations/MainFastPathDisabled-10       	 1251798	       922.4 ns/op	     152 B/op	       1 allocs/op
BenchmarkGCPressure_Allocations/MainFastPathDisabled-10       	 1319972	       925.7 ns/op	     147 B/op	       1 allocs/op
BenchmarkGCPressure_Allocations/AlternateOne-10               	 3216696	       358.9 ns/op	      30 B/op	       1 allocs/op
BenchmarkGCPressure_Allocations/AlternateOne-10               	 3247564	       372.5 ns/op	      30 B/op	       1 allocs/op
BenchmarkGCPressure_Allocations/AlternateOne-10               	 3284623	       364.3 ns/op	      30 B/op	       1 allocs/op
BenchmarkGCPressure_Allocations/AlternateOne-10               	 3249606	       380.9 ns/op	      30 B/op	       1 allocs/op
BenchmarkGCPressure_Allocations/AlternateOne-10               	 3302998	       366.0 ns/op	      30 B/op	       1 allocs/op
BenchmarkGCPressure_Allocations/AlternateTwo-10               	 3184075	       382.0 ns/op	      30 B/op	       1 allocs/op
BenchmarkGCPressure_Allocations/AlternateTwo-10               	 2774428	       411.9 ns/op	      30 B/op	       1 allocs/op
BenchmarkGCPressure_Allocations/AlternateTwo-10               	 2905788	       430.9 ns/op	      30 B/op	       1 allocs/op
BenchmarkGCPressure_Allocations/AlternateTwo-10               	 2766373	       420.7 ns/op	      31 B/op	       1 allocs/op
BenchmarkGCPressure_Allocations/AlternateTwo-10               	 2810426	       427.8 ns/op	      30 B/op	       1 allocs/op
BenchmarkGCPressure_Allocations/AlternateThree-10             	 3828448	       321.8 ns/op	      26 B/op	       1 allocs/op
BenchmarkGCPressure_Allocations/AlternateThree-10             	 3715760	       322.8 ns/op	      26 B/op	       1 allocs/op
BenchmarkGCPressure_Allocations/AlternateThree-10             	 3777307	       330.9 ns/op	      26 B/op	       1 allocs/op
BenchmarkGCPressure_Allocations/AlternateThree-10             	 3719505	       328.1 ns/op	      26 B/op	       1 allocs/op
BenchmarkGCPressure_Allocations/AlternateThree-10             	 3665634	       329.8 ns/op	      26 B/op	       1 allocs/op
BenchmarkGCPressure_Allocations/Baseline-10                   	 3835082	       317.2 ns/op	      64 B/op	       3 allocs/op
BenchmarkGCPressure_Allocations/Baseline-10                   	 3602013	       321.5 ns/op	      64 B/op	       3 allocs/op
BenchmarkGCPressure_Allocations/Baseline-10                   	 3379834	       351.1 ns/op	      64 B/op	       3 allocs/op
BenchmarkGCPressure_Allocations/Baseline-10                   	 3605175	       326.9 ns/op	      64 B/op	       3 allocs/op
BenchmarkGCPressure_Allocations/Baseline-10                   	 3434490	       328.7 ns/op	      64 B/op	       3 allocs/op
BenchmarkMultiProducer/Main-10                                	 1962638	       613.4 ns/op	     266 B/op	       1 allocs/op
BenchmarkMultiProducer/Main-10                                	 1983744	       603.8 ns/op	     262 B/op	       1 allocs/op
BenchmarkMultiProducer/Main-10                                	 1971213	       597.5 ns/op	     265 B/op	       1 allocs/op
BenchmarkMultiProducer/Main-10                                	 1959543	       595.7 ns/op	     268 B/op	       1 allocs/op
BenchmarkMultiProducer/Main-10                                	 1915004	       590.4 ns/op	     267 B/op	       1 allocs/op
BenchmarkMultiProducer/MainFastPathForced-10                  	 1982323	       600.5 ns/op	     262 B/op	       1 allocs/op
BenchmarkMultiProducer/MainFastPathForced-10                  	 2005683	       599.2 ns/op	     264 B/op	       1 allocs/op
BenchmarkMultiProducer/MainFastPathForced-10                  	 1938769	       601.6 ns/op	     267 B/op	       1 allocs/op
BenchmarkMultiProducer/MainFastPathForced-10                  	 1947639	       601.7 ns/op	     266 B/op	       1 allocs/op
BenchmarkMultiProducer/MainFastPathForced-10                  	 1973842	       597.0 ns/op	     266 B/op	       1 allocs/op
BenchmarkMultiProducer/MainFastPathDisabled-10                	 1955684	       610.2 ns/op	     265 B/op	       1 allocs/op
BenchmarkMultiProducer/MainFastPathDisabled-10                	 1909065	       592.0 ns/op	     290 B/op	       1 allocs/op
BenchmarkMultiProducer/MainFastPathDisabled-10                	 1986235	       596.9 ns/op	     268 B/op	       1 allocs/op
BenchmarkMultiProducer/MainFastPathDisabled-10                	 1969404	       598.6 ns/op	     269 B/op	       1 allocs/op
BenchmarkMultiProducer/MainFastPathDisabled-10                	 1986094	       601.0 ns/op	     264 B/op	       1 allocs/op
BenchmarkMultiProducer/AlternateOne-10                        	 6601294	       190.5 ns/op	      35 B/op	       1 allocs/op
BenchmarkMultiProducer/AlternateOne-10                        	 6279960	       178.0 ns/op	      35 B/op	       1 allocs/op
BenchmarkMultiProducer/AlternateOne-10                        	 6276656	       179.9 ns/op	      35 B/op	       1 allocs/op
BenchmarkMultiProducer/AlternateOne-10                        	 6809371	       187.3 ns/op	      35 B/op	       1 allocs/op
BenchmarkMultiProducer/AlternateOne-10                        	 6645579	       177.4 ns/op	      35 B/op	       1 allocs/op
BenchmarkMultiProducer/AlternateTwo-10                        	 7872812	       212.1 ns/op	      33 B/op	       1 allocs/op
BenchmarkMultiProducer/AlternateTwo-10                        	 7803920	       202.3 ns/op	      36 B/op	       1 allocs/op
BenchmarkMultiProducer/AlternateTwo-10                        	 7578001	       206.9 ns/op	      41 B/op	       1 allocs/op
BenchmarkMultiProducer/AlternateTwo-10                        	 7822860	       204.7 ns/op	      38 B/op	       1 allocs/op
BenchmarkMultiProducer/AlternateTwo-10                        	 7882634	       202.0 ns/op	      37 B/op	       1 allocs/op
BenchmarkMultiProducer/AlternateThree-10                      	 7769818	       153.7 ns/op	      16 B/op	       1 allocs/op
BenchmarkMultiProducer/AlternateThree-10                      	 7707846	       154.0 ns/op	      16 B/op	       1 allocs/op
BenchmarkMultiProducer/AlternateThree-10                      	 7713609	       155.2 ns/op	      16 B/op	       1 allocs/op
BenchmarkMultiProducer/AlternateThree-10                      	 7750752	       154.3 ns/op	      16 B/op	       1 allocs/op
BenchmarkMultiProducer/AlternateThree-10                      	 7797313	       154.9 ns/op	      16 B/op	       1 allocs/op
BenchmarkMultiProducer/Baseline-10                            	 5171481	       237.2 ns/op	      56 B/op	       3 allocs/op
BenchmarkMultiProducer/Baseline-10                            	 5536896	       217.8 ns/op	      56 B/op	       3 allocs/op
BenchmarkMultiProducer/Baseline-10                            	 5538558	       215.9 ns/op	      56 B/op	       3 allocs/op
BenchmarkMultiProducer/Baseline-10                            	 5492104	       215.6 ns/op	      56 B/op	       3 allocs/op
BenchmarkMultiProducer/Baseline-10                            	 5575551	       215.8 ns/op	      56 B/op	       3 allocs/op
BenchmarkMultiProducerContention/Main-10                      	 1907156	       611.7 ns/op	     404 B/op	       1 allocs/op
BenchmarkMultiProducerContention/Main-10                      	 1905716	       611.9 ns/op	     411 B/op	       1 allocs/op
BenchmarkMultiProducerContention/Main-10                      	 1920916	       620.3 ns/op	     415 B/op	       1 allocs/op
BenchmarkMultiProducerContention/Main-10                      	 1900172	       605.3 ns/op	     405 B/op	       1 allocs/op
BenchmarkMultiProducerContention/Main-10                      	 1939482	       616.5 ns/op	     404 B/op	       1 allocs/op
BenchmarkMultiProducerContention/MainFastPathForced-10        	 1930354	       615.1 ns/op	     409 B/op	       1 allocs/op
BenchmarkMultiProducerContention/MainFastPathForced-10        	 1960551	       602.4 ns/op	     408 B/op	       1 allocs/op
BenchmarkMultiProducerContention/MainFastPathForced-10        	 1918078	       603.0 ns/op	     410 B/op	       1 allocs/op
BenchmarkMultiProducerContention/MainFastPathForced-10        	 1892012	       605.8 ns/op	     411 B/op	       1 allocs/op
BenchmarkMultiProducerContention/MainFastPathForced-10        	 1936308	       625.1 ns/op	     411 B/op	       1 allocs/op
BenchmarkMultiProducerContention/MainFastPathDisabled-10      	 1928239	       612.6 ns/op	     407 B/op	       1 allocs/op
BenchmarkMultiProducerContention/MainFastPathDisabled-10      	 1952404	       610.3 ns/op	     407 B/op	       1 allocs/op
BenchmarkMultiProducerContention/MainFastPathDisabled-10      	 1896037	       619.0 ns/op	     408 B/op	       1 allocs/op
BenchmarkMultiProducerContention/MainFastPathDisabled-10      	 1942352	       604.9 ns/op	     405 B/op	       1 allocs/op
BenchmarkMultiProducerContention/MainFastPathDisabled-10      	 1934656	       618.3 ns/op	     405 B/op	       1 allocs/op
BenchmarkMultiProducerContention/AlternateOne-10              	 6362931	       171.8 ns/op	      37 B/op	       1 allocs/op
BenchmarkMultiProducerContention/AlternateOne-10              	 6735091	       174.4 ns/op	      37 B/op	       1 allocs/op
BenchmarkMultiProducerContention/AlternateOne-10              	 6909346	       176.6 ns/op	      37 B/op	       1 allocs/op
BenchmarkMultiProducerContention/AlternateOne-10              	 6886396	       177.3 ns/op	      37 B/op	       1 allocs/op
BenchmarkMultiProducerContention/AlternateOne-10              	 6712447	       173.6 ns/op	      37 B/op	       1 allocs/op
BenchmarkMultiProducerContention/AlternateTwo-10              	 7790550	       204.4 ns/op	      39 B/op	       1 allocs/op
BenchmarkMultiProducerContention/AlternateTwo-10              	 6308608	       162.8 ns/op	      43 B/op	       1 allocs/op
BenchmarkMultiProducerContention/AlternateTwo-10              	 8447008	       189.5 ns/op	      50 B/op	       1 allocs/op
BenchmarkMultiProducerContention/AlternateTwo-10              	 7444501	       204.7 ns/op	      39 B/op	       1 allocs/op
BenchmarkMultiProducerContention/AlternateTwo-10              	 7900250	       188.4 ns/op	      55 B/op	       1 allocs/op
BenchmarkMultiProducerContention/AlternateThree-10            	 8168974	       145.9 ns/op	      17 B/op	       1 allocs/op
BenchmarkMultiProducerContention/AlternateThree-10            	 8252356	       144.2 ns/op	      17 B/op	       1 allocs/op
BenchmarkMultiProducerContention/AlternateThree-10            	 8447470	       141.9 ns/op	      17 B/op	       1 allocs/op
BenchmarkMultiProducerContention/AlternateThree-10            	 8584250	       141.4 ns/op	      16 B/op	       1 allocs/op
BenchmarkMultiProducerContention/AlternateThree-10            	 8196210	       144.1 ns/op	      17 B/op	       1 allocs/op
BenchmarkMultiProducerContention/Baseline-10                  	 6106867	       212.8 ns/op	      56 B/op	       3 allocs/op
BenchmarkMultiProducerContention/Baseline-10                  	 6002286	       197.1 ns/op	      56 B/op	       3 allocs/op
BenchmarkMultiProducerContention/Baseline-10                  	 5983995	       197.3 ns/op	      56 B/op	       3 allocs/op
BenchmarkMultiProducerContention/Baseline-10                  	 6004497	       198.3 ns/op	      56 B/op	       3 allocs/op
BenchmarkMultiProducerContention/Baseline-10                  	 5993196	       197.6 ns/op	      56 B/op	       3 allocs/op
BenchmarkPingPong/Main-10                                     	 2452458	       486.3 ns/op	     170 B/op	       1 allocs/op
BenchmarkPingPong/Main-10                                     	 2366516	       492.2 ns/op	     169 B/op	       1 allocs/op
BenchmarkPingPong/Main-10                                     	 2367556	       497.3 ns/op	     166 B/op	       1 allocs/op
BenchmarkPingPong/Main-10                                     	 2431574	       490.1 ns/op	     179 B/op	       1 allocs/op
BenchmarkPingPong/Main-10                                     	 2369632	       491.3 ns/op	     182 B/op	       1 allocs/op
BenchmarkPingPong/MainFastPathForced-10                       	 2354594	       509.9 ns/op	     212 B/op	       1 allocs/op
BenchmarkPingPong/MainFastPathForced-10                       	 2327842	       495.9 ns/op	     180 B/op	       1 allocs/op
BenchmarkPingPong/MainFastPathForced-10                       	 2427008	       487.7 ns/op	     166 B/op	       1 allocs/op
BenchmarkPingPong/MainFastPathForced-10                       	 2388000	       497.4 ns/op	     169 B/op	       1 allocs/op
BenchmarkPingPong/MainFastPathForced-10                       	 2447736	       489.2 ns/op	     174 B/op	       1 allocs/op
BenchmarkPingPong/MainFastPathDisabled-10                     	 2394358	       485.3 ns/op	     180 B/op	       1 allocs/op
BenchmarkPingPong/MainFastPathDisabled-10                     	 2449446	       496.6 ns/op	     166 B/op	       1 allocs/op
BenchmarkPingPong/MainFastPathDisabled-10                     	 2392647	       495.9 ns/op	     169 B/op	       1 allocs/op
BenchmarkPingPong/MainFastPathDisabled-10                     	 2405775	       487.5 ns/op	     193 B/op	       1 allocs/op
BenchmarkPingPong/MainFastPathDisabled-10                     	 2429401	       493.9 ns/op	     174 B/op	       1 allocs/op
BenchmarkPingPong/AlternateOne-10                             	 8474089	       147.8 ns/op	      24 B/op	       1 allocs/op
BenchmarkPingPong/AlternateOne-10                             	 8347719	       163.9 ns/op	      24 B/op	       1 allocs/op
BenchmarkPingPong/AlternateOne-10                             	 8087808	       143.3 ns/op	      26 B/op	       1 allocs/op
BenchmarkPingPong/AlternateOne-10                             	 7366297	       144.0 ns/op	      26 B/op	       1 allocs/op
BenchmarkPingPong/AlternateOne-10                             	 7317016	       148.9 ns/op	      24 B/op	       1 allocs/op
BenchmarkPingPong/AlternateTwo-10                             	 9038796	       148.2 ns/op	      24 B/op	       1 allocs/op
BenchmarkPingPong/AlternateTwo-10                             	 8455820	       122.7 ns/op	      24 B/op	       1 allocs/op
BenchmarkPingPong/AlternateTwo-10                             	 8489308	       135.2 ns/op	      24 B/op	       1 allocs/op
BenchmarkPingPong/AlternateTwo-10                             	 8770826	       116.7 ns/op	      24 B/op	       1 allocs/op
BenchmarkPingPong/AlternateTwo-10                             	 8726719	       124.6 ns/op	      24 B/op	       1 allocs/op
BenchmarkPingPong/AlternateThree-10                           	13461768	        88.13 ns/op	      24 B/op	       1 allocs/op
BenchmarkPingPong/AlternateThree-10                           	12803550	        91.41 ns/op	      24 B/op	       1 allocs/op
BenchmarkPingPong/AlternateThree-10                           	13788942	        92.36 ns/op	      24 B/op	       1 allocs/op
BenchmarkPingPong/AlternateThree-10                           	13371578	        91.47 ns/op	      24 B/op	       1 allocs/op
BenchmarkPingPong/AlternateThree-10                           	14099835	        89.62 ns/op	      24 B/op	       1 allocs/op
BenchmarkPingPong/Baseline-10                                 	12815594	       100.9 ns/op	      64 B/op	       3 allocs/op
BenchmarkPingPong/Baseline-10                                 	12325552	        96.51 ns/op	      64 B/op	       3 allocs/op
BenchmarkPingPong/Baseline-10                                 	10326573	       110.7 ns/op	      64 B/op	       3 allocs/op
BenchmarkPingPong/Baseline-10                                 	12061497	       112.0 ns/op	      64 B/op	       3 allocs/op
BenchmarkPingPong/Baseline-10                                 	12122431	       114.6 ns/op	      64 B/op	       3 allocs/op
BenchmarkPingPongLatency/Main-10                              	  670746	      1835 ns/op	     128 B/op	       2 allocs/op
BenchmarkPingPongLatency/Main-10                              	  686383	      1839 ns/op	     128 B/op	       2 allocs/op
BenchmarkPingPongLatency/Main-10                              	  671100	      1767 ns/op	     128 B/op	       2 allocs/op
BenchmarkPingPongLatency/Main-10                              	  681643	      1778 ns/op	     128 B/op	       2 allocs/op
BenchmarkPingPongLatency/Main-10                              	  678612	      1793 ns/op	     128 B/op	       2 allocs/op
BenchmarkPingPongLatency/MainFastPathForced-10                	  673953	      1792 ns/op	     128 B/op	       2 allocs/op
BenchmarkPingPongLatency/MainFastPathForced-10                	  696880	      1768 ns/op	     128 B/op	       2 allocs/op
BenchmarkPingPongLatency/MainFastPathForced-10                	  671038	      1767 ns/op	     128 B/op	       2 allocs/op
BenchmarkPingPongLatency/MainFastPathForced-10                	  675481	      1809 ns/op	     128 B/op	       2 allocs/op
BenchmarkPingPongLatency/MainFastPathForced-10                	  649761	      1813 ns/op	     128 B/op	       2 allocs/op
BenchmarkPingPongLatency/MainFastPathDisabled-10              	   99229	     11731 ns/op	     159 B/op	       3 allocs/op
BenchmarkPingPongLatency/MainFastPathDisabled-10              	  109532	     11794 ns/op	     159 B/op	       3 allocs/op
BenchmarkPingPongLatency/MainFastPathDisabled-10              	   97192	     11773 ns/op	     159 B/op	       3 allocs/op
BenchmarkPingPongLatency/MainFastPathDisabled-10              	  105776	     11882 ns/op	     159 B/op	       3 allocs/op
BenchmarkPingPongLatency/MainFastPathDisabled-10              	   98132	     11783 ns/op	     159 B/op	       3 allocs/op
BenchmarkPingPongLatency/AlternateOne-10                      	  111487	     10808 ns/op	     128 B/op	       2 allocs/op
BenchmarkPingPongLatency/AlternateOne-10                      	  114949	     10596 ns/op	     128 B/op	       2 allocs/op
BenchmarkPingPongLatency/AlternateOne-10                      	  114709	     10770 ns/op	     128 B/op	       2 allocs/op
BenchmarkPingPongLatency/AlternateOne-10                      	  107724	     10592 ns/op	     128 B/op	       2 allocs/op
BenchmarkPingPongLatency/AlternateOne-10                      	  113659	     10411 ns/op	     128 B/op	       2 allocs/op
BenchmarkPingPongLatency/AlternateTwo-10                      	  113678	     10660 ns/op	     128 B/op	       2 allocs/op
BenchmarkPingPongLatency/AlternateTwo-10                      	  105223	     10866 ns/op	     128 B/op	       2 allocs/op
BenchmarkPingPongLatency/AlternateTwo-10                      	  113202	     10757 ns/op	     128 B/op	       2 allocs/op
BenchmarkPingPongLatency/AlternateTwo-10                      	   88243	     12999 ns/op	     128 B/op	       2 allocs/op
BenchmarkPingPongLatency/AlternateTwo-10                      	   98925	     12938 ns/op	     128 B/op	       2 allocs/op
BenchmarkPingPongLatency/AlternateThree-10                    	  101284	     11383 ns/op	     128 B/op	       2 allocs/op
BenchmarkPingPongLatency/AlternateThree-10                    	  114337	     11973 ns/op	     128 B/op	       2 allocs/op
BenchmarkPingPongLatency/AlternateThree-10                    	  110214	     12334 ns/op	     128 B/op	       2 allocs/op
BenchmarkPingPongLatency/AlternateThree-10                    	   92042	     12349 ns/op	     128 B/op	       2 allocs/op
BenchmarkPingPongLatency/AlternateThree-10                    	  107041	     11814 ns/op	     128 B/op	       2 allocs/op
BenchmarkPingPongLatency/Baseline-10                          	 1465245	       847.1 ns/op	     168 B/op	       4 allocs/op
BenchmarkPingPongLatency/Baseline-10                          	 1462981	       822.4 ns/op	     168 B/op	       4 allocs/op
BenchmarkPingPongLatency/Baseline-10                          	 1458147	       820.6 ns/op	     168 B/op	       4 allocs/op
BenchmarkPingPongLatency/Baseline-10                          	 1454055	       823.6 ns/op	     168 B/op	       4 allocs/op
BenchmarkPingPongLatency/Baseline-10                          	 1461261	       872.5 ns/op	     168 B/op	       4 allocs/op
BenchmarkBurstSubmit/Main-10                                  	 2197760	       485.2 ns/op	     162 B/op	       1 allocs/op
BenchmarkBurstSubmit/Main-10                                  	 2468011	       483.4 ns/op	     141 B/op	       1 allocs/op
BenchmarkBurstSubmit/Main-10                                  	 2491143	       484.7 ns/op	     143 B/op	       1 allocs/op
BenchmarkBurstSubmit/Main-10                                  	 2475145	       483.3 ns/op	     144 B/op	       1 allocs/op
BenchmarkBurstSubmit/Main-10                                  	 2409919	       481.8 ns/op	     142 B/op	       1 allocs/op
BenchmarkBurstSubmit/MainFastPathForced-10                    	 2463332	       485.2 ns/op	     146 B/op	       1 allocs/op
BenchmarkBurstSubmit/MainFastPathForced-10                    	 2477970	       485.9 ns/op	     145 B/op	       1 allocs/op
BenchmarkBurstSubmit/MainFastPathForced-10                    	 2467995	       485.5 ns/op	     145 B/op	       1 allocs/op
BenchmarkBurstSubmit/MainFastPathForced-10                    	 2490327	       490.6 ns/op	     147 B/op	       1 allocs/op
BenchmarkBurstSubmit/MainFastPathForced-10                    	 2397757	       483.6 ns/op	     140 B/op	       1 allocs/op
BenchmarkBurstSubmit/MainFastPathDisabled-10                  	 2442794	       489.0 ns/op	     136 B/op	       1 allocs/op
BenchmarkBurstSubmit/MainFastPathDisabled-10                  	 2377556	       494.8 ns/op	     137 B/op	       1 allocs/op
BenchmarkBurstSubmit/MainFastPathDisabled-10                  	 2425454	       492.0 ns/op	     136 B/op	       1 allocs/op
BenchmarkBurstSubmit/MainFastPathDisabled-10                  	 2371618	       490.2 ns/op	     131 B/op	       1 allocs/op
BenchmarkBurstSubmit/MainFastPathDisabled-10                  	 2448007	       490.1 ns/op	     135 B/op	       1 allocs/op
BenchmarkBurstSubmit/AlternateOne-10                          	 7636854	       167.5 ns/op	      24 B/op	       1 allocs/op
BenchmarkBurstSubmit/AlternateOne-10                          	 8222275	       150.9 ns/op	      24 B/op	       1 allocs/op
BenchmarkBurstSubmit/AlternateOne-10                          	 7150144	       149.5 ns/op	      24 B/op	       1 allocs/op
BenchmarkBurstSubmit/AlternateOne-10                          	 7111684	       152.4 ns/op	      24 B/op	       1 allocs/op
BenchmarkBurstSubmit/AlternateOne-10                          	 8144091	       166.9 ns/op	      24 B/op	       1 allocs/op
BenchmarkBurstSubmit/AlternateTwo-10                          	 9859123	       142.2 ns/op	      24 B/op	       1 allocs/op
BenchmarkBurstSubmit/AlternateTwo-10                          	 7970146	       132.3 ns/op	      24 B/op	       1 allocs/op
BenchmarkBurstSubmit/AlternateTwo-10                          	10206290	       122.1 ns/op	      24 B/op	       1 allocs/op
BenchmarkBurstSubmit/AlternateTwo-10                          	 9760438	       118.4 ns/op	      24 B/op	       1 allocs/op
BenchmarkBurstSubmit/AlternateTwo-10                          	 9203659	       114.9 ns/op	      24 B/op	       1 allocs/op
BenchmarkBurstSubmit/AlternateThree-10                        	12290306	       104.3 ns/op	      24 B/op	       1 allocs/op
BenchmarkBurstSubmit/AlternateThree-10                        	10773612	       115.2 ns/op	      24 B/op	       1 allocs/op
BenchmarkBurstSubmit/AlternateThree-10                        	12277930	       100.2 ns/op	      24 B/op	       1 allocs/op
BenchmarkBurstSubmit/AlternateThree-10                        	11717104	        99.29 ns/op	      24 B/op	       1 allocs/op
BenchmarkBurstSubmit/AlternateThree-10                        	11783738	        99.30 ns/op	      24 B/op	       1 allocs/op
BenchmarkBurstSubmit/Baseline-10                              	10862365	       110.1 ns/op	      64 B/op	       3 allocs/op
BenchmarkBurstSubmit/Baseline-10                              	10551240	       111.4 ns/op	      64 B/op	       3 allocs/op
BenchmarkBurstSubmit/Baseline-10                              	10166450	       111.1 ns/op	      64 B/op	       3 allocs/op
BenchmarkBurstSubmit/Baseline-10                              	 9604062	       121.0 ns/op	      64 B/op	       3 allocs/op
BenchmarkBurstSubmit/Baseline-10                              	11090247	       120.1 ns/op	      64 B/op	       3 allocs/op
BenchmarkMicroBatchBudget_Throughput/Main/Burst=64-10         	   86026	     13619 ns/op	   15102 B/op	      65 allocs/op
BenchmarkMicroBatchBudget_Throughput/Main/Burst=64-10         	   90703	     13154 ns/op	   13959 B/op	      65 allocs/op
BenchmarkMicroBatchBudget_Throughput/Main/Burst=64-10         	   95282	     13105 ns/op	   13239 B/op	      65 allocs/op
BenchmarkMicroBatchBudget_Throughput/Main/Burst=64-10         	   94980	     12240 ns/op	   11294 B/op	      64 allocs/op
BenchmarkMicroBatchBudget_Throughput/Main/Burst=64-10         	   94897	     12765 ns/op	   12861 B/op	      65 allocs/op
BenchmarkMicroBatchBudget_Throughput/Main/Burst=128-10        	   47710	     24191 ns/op	   21454 B/op	     129 allocs/op
BenchmarkMicroBatchBudget_Throughput/Main/Burst=128-10        	   48783	     24326 ns/op	   22411 B/op	     129 allocs/op
BenchmarkMicroBatchBudget_Throughput/Main/Burst=128-10        	   48968	     24144 ns/op	   21933 B/op	     129 allocs/op
BenchmarkMicroBatchBudget_Throughput/Main/Burst=128-10        	   49326	     23987 ns/op	   22163 B/op	     129 allocs/op
BenchmarkMicroBatchBudget_Throughput/Main/Burst=128-10        	   48745	     24465 ns/op	   22076 B/op	     129 allocs/op
BenchmarkMicroBatchBudget_Throughput/Main/Burst=256-10        	   24465	     47949 ns/op	   43558 B/op	     259 allocs/op
BenchmarkMicroBatchBudget_Throughput/Main/Burst=256-10        	   25371	     48232 ns/op	   43409 B/op	     259 allocs/op
BenchmarkMicroBatchBudget_Throughput/Main/Burst=256-10        	   24750	     49497 ns/op	   46006 B/op	     260 allocs/op
BenchmarkMicroBatchBudget_Throughput/Main/Burst=256-10        	   25814	     47468 ns/op	   42432 B/op	     259 allocs/op
BenchmarkMicroBatchBudget_Throughput/Main/Burst=256-10        	   24550	     47506 ns/op	   43264 B/op	     259 allocs/op
BenchmarkMicroBatchBudget_Throughput/Main/Burst=512-10        	   12543	     97667 ns/op	   93565 B/op	     520 allocs/op
BenchmarkMicroBatchBudget_Throughput/Main/Burst=512-10        	   12770	     97215 ns/op	   88985 B/op	     519 allocs/op
BenchmarkMicroBatchBudget_Throughput/Main/Burst=512-10        	   12549	     96336 ns/op	   82116 B/op	     519 allocs/op
BenchmarkMicroBatchBudget_Throughput/Main/Burst=512-10        	   12939	     99948 ns/op	   93852 B/op	     520 allocs/op
BenchmarkMicroBatchBudget_Throughput/Main/Burst=512-10        	   12312	     98318 ns/op	   86912 B/op	     519 allocs/op
BenchmarkMicroBatchBudget_Throughput/Main/Burst=1024-10       	    5474	    196523 ns/op	  187161 B/op	    1039 allocs/op
BenchmarkMicroBatchBudget_Throughput/Main/Burst=1024-10       	    5460	    194198 ns/op	  177741 B/op	    1039 allocs/op
BenchmarkMicroBatchBudget_Throughput/Main/Burst=1024-10       	    5719	    195745 ns/op	  173404 B/op	    1039 allocs/op
BenchmarkMicroBatchBudget_Throughput/Main/Burst=1024-10       	    5588	    207967 ns/op	  230382 B/op	    1045 allocs/op
BenchmarkMicroBatchBudget_Throughput/Main/Burst=1024-10       	    5494	    195438 ns/op	  178598 B/op	    1039 allocs/op
BenchmarkMicroBatchBudget_Throughput/Main/Burst=2048-10       	    2877	    380949 ns/op	  346558 B/op	    2077 allocs/op
BenchmarkMicroBatchBudget_Throughput/Main/Burst=2048-10       	    2746	    375735 ns/op	  358349 B/op	    2078 allocs/op
BenchmarkMicroBatchBudget_Throughput/Main/Burst=2048-10       	    2640	    380297 ns/op	  324393 B/op	    2076 allocs/op
BenchmarkMicroBatchBudget_Throughput/Main/Burst=2048-10       	    2863	    370284 ns/op	  356218 B/op	    2077 allocs/op
BenchmarkMicroBatchBudget_Throughput/Main/Burst=2048-10       	    2815	    393436 ns/op	  352927 B/op	    2078 allocs/op
BenchmarkMicroBatchBudget_Throughput/Main/Burst=4096-10       	    1462	    774229 ns/op	  705706 B/op	    4155 allocs/op
BenchmarkMicroBatchBudget_Throughput/Main/Burst=4096-10       	    1408	    772757 ns/op	  724127 B/op	    4154 allocs/op
BenchmarkMicroBatchBudget_Throughput/Main/Burst=4096-10       	    1434	    765008 ns/op	  693613 B/op	    4154 allocs/op
BenchmarkMicroBatchBudget_Throughput/Main/Burst=4096-10       	    1467	    826876 ns/op	  896533 B/op	    4178 allocs/op
BenchmarkMicroBatchBudget_Throughput/Main/Burst=4096-10       	    1392	    771164 ns/op	  740333 B/op	    4158 allocs/op
BenchmarkMicroBatchBudget_Throughput/MainFastPathForced/Burst=64-10         	   95806	     12127 ns/op	   11705 B/op	      65 allocs/op
BenchmarkMicroBatchBudget_Throughput/MainFastPathForced/Burst=64-10         	   92422	     12192 ns/op	   11399 B/op	      64 allocs/op
BenchmarkMicroBatchBudget_Throughput/MainFastPathForced/Burst=64-10         	   93530	     12077 ns/op	   11191 B/op	      64 allocs/op
BenchmarkMicroBatchBudget_Throughput/MainFastPathForced/Burst=64-10         	   92052	     12065 ns/op	   11261 B/op	      64 allocs/op
BenchmarkMicroBatchBudget_Throughput/MainFastPathForced/Burst=64-10         	   93234	     11679 ns/op	   11045 B/op	      64 allocs/op
BenchmarkMicroBatchBudget_Throughput/MainFastPathForced/Burst=128-10        	   48051	     23840 ns/op	   21292 B/op	     129 allocs/op
BenchmarkMicroBatchBudget_Throughput/MainFastPathForced/Burst=128-10        	   49642	     23814 ns/op	   21509 B/op	     129 allocs/op
BenchmarkMicroBatchBudget_Throughput/MainFastPathForced/Burst=128-10        	   49544	     24522 ns/op	   21997 B/op	     129 allocs/op
BenchmarkMicroBatchBudget_Throughput/MainFastPathForced/Burst=128-10        	   49544	     23469 ns/op	   22522 B/op	     129 allocs/op
BenchmarkMicroBatchBudget_Throughput/MainFastPathForced/Burst=128-10        	   47037	     24491 ns/op	   21941 B/op	     129 allocs/op
BenchmarkMicroBatchBudget_Throughput/MainFastPathForced/Burst=256-10        	   23692	     48301 ns/op	   43034 B/op	     259 allocs/op
BenchmarkMicroBatchBudget_Throughput/MainFastPathForced/Burst=256-10        	   24304	     46005 ns/op	   41498 B/op	     259 allocs/op
BenchmarkMicroBatchBudget_Throughput/MainFastPathForced/Burst=256-10        	   23886	     48764 ns/op	   40130 B/op	     259 allocs/op
BenchmarkMicroBatchBudget_Throughput/MainFastPathForced/Burst=256-10        	   25453	     46969 ns/op	   40810 B/op	     259 allocs/op
BenchmarkMicroBatchBudget_Throughput/MainFastPathForced/Burst=256-10        	   24189	     47716 ns/op	   42138 B/op	     259 allocs/op
BenchmarkMicroBatchBudget_Throughput/MainFastPathForced/Burst=512-10        	   12408	     93565 ns/op	   87834 B/op	     519 allocs/op
BenchmarkMicroBatchBudget_Throughput/MainFastPathForced/Burst=512-10        	   12549	     96874 ns/op	   87307 B/op	     519 allocs/op
BenchmarkMicroBatchBudget_Throughput/MainFastPathForced/Burst=512-10        	   10000	    100301 ns/op	   96846 B/op	     521 allocs/op
BenchmarkMicroBatchBudget_Throughput/MainFastPathForced/Burst=512-10        	   12736	     94292 ns/op	   85328 B/op	     519 allocs/op
BenchmarkMicroBatchBudget_Throughput/MainFastPathForced/Burst=512-10        	   12283	     98177 ns/op	   89156 B/op	     519 allocs/op
BenchmarkMicroBatchBudget_Throughput/MainFastPathForced/Burst=1024-10       	    5756	    201775 ns/op	  175788 B/op	    1039 allocs/op
BenchmarkMicroBatchBudget_Throughput/MainFastPathForced/Burst=1024-10       	    5536	    199656 ns/op	  187352 B/op	    1039 allocs/op
BenchmarkMicroBatchBudget_Throughput/MainFastPathForced/Burst=1024-10       	    5944	    195464 ns/op	  174393 B/op	    1039 allocs/op
BenchmarkMicroBatchBudget_Throughput/MainFastPathForced/Burst=1024-10       	    5820	    189554 ns/op	  172458 B/op	    1039 allocs/op
BenchmarkMicroBatchBudget_Throughput/MainFastPathForced/Burst=1024-10       	    5622	    189352 ns/op	  177417 B/op	    1039 allocs/op
BenchmarkMicroBatchBudget_Throughput/MainFastPathForced/Burst=2048-10       	    2713	    386438 ns/op	  371650 B/op	    2077 allocs/op
BenchmarkMicroBatchBudget_Throughput/MainFastPathForced/Burst=2048-10       	    2607	    407799 ns/op	  445647 B/op	    2086 allocs/op
BenchmarkMicroBatchBudget_Throughput/MainFastPathForced/Burst=2048-10       	    2766	    379899 ns/op	  362076 B/op	    2078 allocs/op
BenchmarkMicroBatchBudget_Throughput/MainFastPathForced/Burst=2048-10       	    2907	    393128 ns/op	  364490 B/op	    2079 allocs/op
BenchmarkMicroBatchBudget_Throughput/MainFastPathForced/Burst=2048-10       	    2842	    388179 ns/op	  353624 B/op	    2078 allocs/op
BenchmarkMicroBatchBudget_Throughput/MainFastPathForced/Burst=4096-10       	    1456	    783818 ns/op	  718094 B/op	    4158 allocs/op
BenchmarkMicroBatchBudget_Throughput/MainFastPathForced/Burst=4096-10       	    1476	    807061 ns/op	  733703 B/op	    4159 allocs/op
BenchmarkMicroBatchBudget_Throughput/MainFastPathForced/Burst=4096-10       	    1442	    762551 ns/op	  702907 B/op	    4153 allocs/op
BenchmarkMicroBatchBudget_Throughput/MainFastPathForced/Burst=4096-10       	    1378	    768555 ns/op	  704046 B/op	    4156 allocs/op
BenchmarkMicroBatchBudget_Throughput/MainFastPathForced/Burst=4096-10       	    1435	    740552 ns/op	  711018 B/op	    4155 allocs/op
BenchmarkMicroBatchBudget_Throughput/MainFastPathDisabled/Burst=64-10       	   90403	     11686 ns/op	   10951 B/op	      64 allocs/op
BenchmarkMicroBatchBudget_Throughput/MainFastPathDisabled/Burst=64-10       	   89286	     12762 ns/op	   12164 B/op	      65 allocs/op
BenchmarkMicroBatchBudget_Throughput/MainFastPathDisabled/Burst=64-10       	   94804	     12253 ns/op	   10726 B/op	      64 allocs/op
BenchmarkMicroBatchBudget_Throughput/MainFastPathDisabled/Burst=64-10       	   95563	     12559 ns/op	   10936 B/op	      64 allocs/op
BenchmarkMicroBatchBudget_Throughput/MainFastPathDisabled/Burst=64-10       	   92026	     11448 ns/op	   10877 B/op	      64 allocs/op
BenchmarkMicroBatchBudget_Throughput/MainFastPathDisabled/Burst=128-10      	   46628	     23439 ns/op	   21451 B/op	     129 allocs/op
BenchmarkMicroBatchBudget_Throughput/MainFastPathDisabled/Burst=128-10      	   48019	     23685 ns/op	   22073 B/op	     129 allocs/op
BenchmarkMicroBatchBudget_Throughput/MainFastPathDisabled/Burst=128-10      	   52132	     24030 ns/op	   21758 B/op	     129 allocs/op
BenchmarkMicroBatchBudget_Throughput/MainFastPathDisabled/Burst=128-10      	   49245	     23736 ns/op	   20994 B/op	     129 allocs/op
BenchmarkMicroBatchBudget_Throughput/MainFastPathDisabled/Burst=128-10      	   41012	     25308 ns/op	   25011 B/op	     130 allocs/op
BenchmarkMicroBatchBudget_Throughput/MainFastPathDisabled/Burst=256-10      	   23125	     50048 ns/op	   51504 B/op	     260 allocs/op
BenchmarkMicroBatchBudget_Throughput/MainFastPathDisabled/Burst=256-10      	   24739	     46419 ns/op	   42721 B/op	     259 allocs/op
BenchmarkMicroBatchBudget_Throughput/MainFastPathDisabled/Burst=256-10      	   25454	     46624 ns/op	   43376 B/op	     259 allocs/op
BenchmarkMicroBatchBudget_Throughput/MainFastPathDisabled/Burst=256-10      	   24291	     49009 ns/op	   44232 B/op	     259 allocs/op
BenchmarkMicroBatchBudget_Throughput/MainFastPathDisabled/Burst=256-10      	   24564	     47515 ns/op	   45350 B/op	     259 allocs/op
BenchmarkMicroBatchBudget_Throughput/MainFastPathDisabled/Burst=512-10      	   12270	     96910 ns/op	   92828 B/op	     520 allocs/op
BenchmarkMicroBatchBudget_Throughput/MainFastPathDisabled/Burst=512-10      	   12390	     96891 ns/op	   88497 B/op	     519 allocs/op
BenchmarkMicroBatchBudget_Throughput/MainFastPathDisabled/Burst=512-10      	   12392	     97025 ns/op	   89402 B/op	     519 allocs/op
BenchmarkMicroBatchBudget_Throughput/MainFastPathDisabled/Burst=512-10      	   12264	     95063 ns/op	   86487 B/op	     519 allocs/op
BenchmarkMicroBatchBudget_Throughput/MainFastPathDisabled/Burst=512-10      	   12418	     95850 ns/op	   86040 B/op	     519 allocs/op
BenchmarkMicroBatchBudget_Throughput/MainFastPathDisabled/Burst=1024-10     	    5157	    194432 ns/op	  181887 B/op	    1039 allocs/op
BenchmarkMicroBatchBudget_Throughput/MainFastPathDisabled/Burst=1024-10     	    5337	    200722 ns/op	  190653 B/op	    1040 allocs/op
BenchmarkMicroBatchBudget_Throughput/MainFastPathDisabled/Burst=1024-10     	    5317	    199450 ns/op	  178607 B/op	    1039 allocs/op
BenchmarkMicroBatchBudget_Throughput/MainFastPathDisabled/Burst=1024-10     	    6312	    194249 ns/op	  177374 B/op	    1039 allocs/op
BenchmarkMicroBatchBudget_Throughput/MainFastPathDisabled/Burst=1024-10     	    5844	    189903 ns/op	  174609 B/op	    1039 allocs/op
BenchmarkMicroBatchBudget_Throughput/MainFastPathDisabled/Burst=2048-10     	    2776	    385016 ns/op	  351054 B/op	    2077 allocs/op
BenchmarkMicroBatchBudget_Throughput/MainFastPathDisabled/Burst=2048-10     	    2706	    386246 ns/op	  356783 B/op	    2078 allocs/op
BenchmarkMicroBatchBudget_Throughput/MainFastPathDisabled/Burst=2048-10     	    3075	    386505 ns/op	  354510 B/op	    2078 allocs/op
BenchmarkMicroBatchBudget_Throughput/MainFastPathDisabled/Burst=2048-10     	    2858	    387906 ns/op	  350294 B/op	    2077 allocs/op
BenchmarkMicroBatchBudget_Throughput/MainFastPathDisabled/Burst=2048-10     	    2768	    392558 ns/op	  346713 B/op	    2078 allocs/op
BenchmarkMicroBatchBudget_Throughput/MainFastPathDisabled/Burst=4096-10     	    1474	    775810 ns/op	  680554 B/op	    4155 allocs/op
BenchmarkMicroBatchBudget_Throughput/MainFastPathDisabled/Burst=4096-10     	    1407	    830801 ns/op	  830445 B/op	    4166 allocs/op
BenchmarkMicroBatchBudget_Throughput/MainFastPathDisabled/Burst=4096-10     	    1237	    840422 ns/op	  956708 B/op	    4175 allocs/op
BenchmarkMicroBatchBudget_Throughput/MainFastPathDisabled/Burst=4096-10     	    1172	    866196 ns/op	  966640 B/op	    4178 allocs/op
BenchmarkMicroBatchBudget_Throughput/MainFastPathDisabled/Burst=4096-10     	    1344	    846759 ns/op	 1005016 B/op	    4176 allocs/op
BenchmarkMicroBatchBudget_Throughput/AlternateOne/Burst=64-10               	  123717	      9222 ns/op	    1117 B/op	      64 allocs/op
BenchmarkMicroBatchBudget_Throughput/AlternateOne/Burst=64-10               	  115165	      9149 ns/op	    1060 B/op	      64 allocs/op
BenchmarkMicroBatchBudget_Throughput/AlternateOne/Burst=64-10               	  131522	     10397 ns/op	    1032 B/op	      64 allocs/op
BenchmarkMicroBatchBudget_Throughput/AlternateOne/Burst=64-10               	  115897	     10315 ns/op	    1034 B/op	      64 allocs/op
BenchmarkMicroBatchBudget_Throughput/AlternateOne/Burst=64-10               	  116900	      9202 ns/op	    1060 B/op	      64 allocs/op
BenchmarkMicroBatchBudget_Throughput/AlternateOne/Burst=128-10              	   66360	     20096 ns/op	    2077 B/op	     128 allocs/op
BenchmarkMicroBatchBudget_Throughput/AlternateOne/Burst=128-10              	   56563	     18159 ns/op	    2291 B/op	     128 allocs/op
BenchmarkMicroBatchBudget_Throughput/AlternateOne/Burst=128-10              	   67604	     21113 ns/op	    2077 B/op	     128 allocs/op
BenchmarkMicroBatchBudget_Throughput/AlternateOne/Burst=128-10              	   57196	     18278 ns/op	    2245 B/op	     128 allocs/op
BenchmarkMicroBatchBudget_Throughput/AlternateOne/Burst=128-10              	   66888	     18033 ns/op	    2248 B/op	     128 allocs/op
BenchmarkMicroBatchBudget_Throughput/AlternateOne/Burst=256-10              	   33464	     40718 ns/op	    4445 B/op	     256 allocs/op
BenchmarkMicroBatchBudget_Throughput/AlternateOne/Burst=256-10              	   31584	     42288 ns/op	    4267 B/op	     256 allocs/op
BenchmarkMicroBatchBudget_Throughput/AlternateOne/Burst=256-10              	   29022	     37766 ns/op	    4488 B/op	     256 allocs/op
BenchmarkMicroBatchBudget_Throughput/AlternateOne/Burst=256-10              	   32913	     36708 ns/op	    4302 B/op	     256 allocs/op
BenchmarkMicroBatchBudget_Throughput/AlternateOne/Burst=256-10              	   33054	     41705 ns/op	    4170 B/op	     256 allocs/op
BenchmarkMicroBatchBudget_Throughput/AlternateOne/Burst=512-10              	   14716	     83045 ns/op	    8326 B/op	     512 allocs/op
BenchmarkMicroBatchBudget_Throughput/AlternateOne/Burst=512-10              	   14570	     74165 ns/op	    8613 B/op	     512 allocs/op
BenchmarkMicroBatchBudget_Throughput/AlternateOne/Burst=512-10              	   15025	     72146 ns/op	    9241 B/op	     512 allocs/op
BenchmarkMicroBatchBudget_Throughput/AlternateOne/Burst=512-10              	   14504	     83515 ns/op	    8319 B/op	     512 allocs/op
BenchmarkMicroBatchBudget_Throughput/AlternateOne/Burst=512-10              	   14942	     78917 ns/op	    8375 B/op	     512 allocs/op
BenchmarkMicroBatchBudget_Throughput/AlternateOne/Burst=1024-10             	    7328	    155445 ns/op	   17593 B/op	    1024 allocs/op
BenchmarkMicroBatchBudget_Throughput/AlternateOne/Burst=1024-10             	    7699	    165741 ns/op	   16988 B/op	    1024 allocs/op
BenchmarkMicroBatchBudget_Throughput/AlternateOne/Burst=1024-10             	    7170	    164435 ns/op	   16597 B/op	    1024 allocs/op
BenchmarkMicroBatchBudget_Throughput/AlternateOne/Burst=1024-10             	    7114	    165954 ns/op	   16727 B/op	    1024 allocs/op
BenchmarkMicroBatchBudget_Throughput/AlternateOne/Burst=1024-10             	    8138	    166349 ns/op	   16552 B/op	    1024 allocs/op
BenchmarkMicroBatchBudget_Throughput/AlternateOne/Burst=2048-10             	    3708	    297489 ns/op	   37318 B/op	    2049 allocs/op
BenchmarkMicroBatchBudget_Throughput/AlternateOne/Burst=2048-10             	    3561	    328890 ns/op	   33120 B/op	    2048 allocs/op
BenchmarkMicroBatchBudget_Throughput/AlternateOne/Burst=2048-10             	    3648	    331218 ns/op	   33196 B/op	    2048 allocs/op
BenchmarkMicroBatchBudget_Throughput/AlternateOne/Burst=2048-10             	    3513	    329294 ns/op	   34585 B/op	    2048 allocs/op
BenchmarkMicroBatchBudget_Throughput/AlternateOne/Burst=2048-10             	    4179	    331003 ns/op	   33217 B/op	    2048 allocs/op
BenchmarkMicroBatchBudget_Throughput/AlternateOne/Burst=4096-10             	    1844	    604196 ns/op	   71052 B/op	    4098 allocs/op
BenchmarkMicroBatchBudget_Throughput/AlternateOne/Burst=4096-10             	    1921	    639789 ns/op	   66725 B/op	    4096 allocs/op
BenchmarkMicroBatchBudget_Throughput/AlternateOne/Burst=4096-10             	    1885	    663750 ns/op	   66418 B/op	    4096 allocs/op
BenchmarkMicroBatchBudget_Throughput/AlternateOne/Burst=4096-10             	    2082	    666402 ns/op	   66092 B/op	    4096 allocs/op
BenchmarkMicroBatchBudget_Throughput/AlternateOne/Burst=4096-10             	    2098	    655284 ns/op	   66300 B/op	    4096 allocs/op
BenchmarkMicroBatchBudget_Throughput/AlternateTwo/Burst=64-10               	  131977	     10218 ns/op	    1069 B/op	      64 allocs/op
BenchmarkMicroBatchBudget_Throughput/AlternateTwo/Burst=64-10               	  172594	      8690 ns/op	    1064 B/op	      64 allocs/op
BenchmarkMicroBatchBudget_Throughput/AlternateTwo/Burst=64-10               	  163160	      8412 ns/op	    1050 B/op	      64 allocs/op
BenchmarkMicroBatchBudget_Throughput/AlternateTwo/Burst=64-10               	  165921	      9687 ns/op	    1057 B/op	      64 allocs/op
BenchmarkMicroBatchBudget_Throughput/AlternateTwo/Burst=64-10               	  170846	      8917 ns/op	    1060 B/op	      64 allocs/op
BenchmarkMicroBatchBudget_Throughput/AlternateTwo/Burst=128-10              	   65366	     19640 ns/op	    2162 B/op	     128 allocs/op
BenchmarkMicroBatchBudget_Throughput/AlternateTwo/Burst=128-10              	   38587	     31626 ns/op	    5310 B/op	     160 allocs/op
BenchmarkMicroBatchBudget_Throughput/AlternateTwo/Burst=128-10              	   61180	     20544 ns/op	    2492 B/op	     131 allocs/op
BenchmarkMicroBatchBudget_Throughput/AlternateTwo/Burst=128-10              	   62238	     18691 ns/op	    3748 B/op	     138 allocs/op
BenchmarkMicroBatchBudget_Throughput/AlternateTwo/Burst=128-10              	   61095	     19457 ns/op	    2823 B/op	     135 allocs/op
BenchmarkMicroBatchBudget_Throughput/AlternateTwo/Burst=256-10              	   33274	     35527 ns/op	    4359 B/op	     257 allocs/op
BenchmarkMicroBatchBudget_Throughput/AlternateTwo/Burst=256-10              	   31240	     42422 ns/op	    4348 B/op	     257 allocs/op
BenchmarkMicroBatchBudget_Throughput/AlternateTwo/Burst=256-10              	   32659	     42501 ns/op	    4449 B/op	     258 allocs/op
BenchmarkMicroBatchBudget_Throughput/AlternateTwo/Burst=256-10              	   30582	     33652 ns/op	    4371 B/op	     257 allocs/op
BenchmarkMicroBatchBudget_Throughput/AlternateTwo/Burst=256-10              	   31810	     31547 ns/op	    4595 B/op	     259 allocs/op
BenchmarkMicroBatchBudget_Throughput/AlternateTwo/Burst=512-10              	   16921	     62625 ns/op	    8507 B/op	     513 allocs/op
BenchmarkMicroBatchBudget_Throughput/AlternateTwo/Burst=512-10              	   16383	     74666 ns/op	    8658 B/op	     516 allocs/op
BenchmarkMicroBatchBudget_Throughput/AlternateTwo/Burst=512-10              	   15751	     68661 ns/op	    8422 B/op	     512 allocs/op
BenchmarkMicroBatchBudget_Throughput/AlternateTwo/Burst=512-10              	   14863	     76359 ns/op	    8666 B/op	     517 allocs/op
BenchmarkMicroBatchBudget_Throughput/AlternateTwo/Burst=512-10              	   16647	     75549 ns/op	    8410 B/op	     512 allocs/op
BenchmarkMicroBatchBudget_Throughput/AlternateTwo/Burst=1024-10             	    7576	    154423 ns/op	   17098 B/op	    1026 allocs/op
BenchmarkMicroBatchBudget_Throughput/AlternateTwo/Burst=1024-10             	    9950	    137432 ns/op	   16790 B/op	    1024 allocs/op
BenchmarkMicroBatchBudget_Throughput/AlternateTwo/Burst=1024-10             	    6966	    151785 ns/op	   16856 B/op	    1025 allocs/op
BenchmarkMicroBatchBudget_Throughput/AlternateTwo/Burst=1024-10             	    9572	    153867 ns/op	   17151 B/op	    1028 allocs/op
BenchmarkMicroBatchBudget_Throughput/AlternateTwo/Burst=1024-10             	   10000	    156490 ns/op	   17158 B/op	    1026 allocs/op
BenchmarkMicroBatchBudget_Throughput/AlternateTwo/Burst=2048-10             	    5451	    329422 ns/op	   34290 B/op	    2055 allocs/op
BenchmarkMicroBatchBudget_Throughput/AlternateTwo/Burst=2048-10             	    5036	    308580 ns/op	   33641 B/op	    2050 allocs/op
BenchmarkMicroBatchBudget_Throughput/AlternateTwo/Burst=2048-10             	    3919	    303922 ns/op	   34868 B/op	    2060 allocs/op
BenchmarkMicroBatchBudget_Throughput/AlternateTwo/Burst=2048-10             	    4269	    312969 ns/op	   33890 B/op	    2051 allocs/op
BenchmarkMicroBatchBudget_Throughput/AlternateTwo/Burst=2048-10             	    4285	    318654 ns/op	   35396 B/op	    2064 allocs/op
BenchmarkMicroBatchBudget_Throughput/AlternateTwo/Burst=4096-10             	    2289	    584561 ns/op	   69201 B/op	    4111 allocs/op
BenchmarkMicroBatchBudget_Throughput/AlternateTwo/Burst=4096-10             	    2097	    580887 ns/op	   69946 B/op	    4120 allocs/op
BenchmarkMicroBatchBudget_Throughput/AlternateTwo/Burst=4096-10             	    1887	    600290 ns/op	   69770 B/op	    4121 allocs/op
BenchmarkMicroBatchBudget_Throughput/AlternateTwo/Burst=4096-10             	    2136	    520481 ns/op	   69506 B/op	    4113 allocs/op
BenchmarkMicroBatchBudget_Throughput/AlternateTwo/Burst=4096-10             	    1933	    622739 ns/op	   71426 B/op	    4122 allocs/op
BenchmarkMicroBatchBudget_Throughput/AlternateThree/Burst=64-10             	  237825	      5236 ns/op	    1027 B/op	      64 allocs/op
BenchmarkMicroBatchBudget_Throughput/AlternateThree/Burst=64-10             	  241917	      5187 ns/op	    1030 B/op	      64 allocs/op
BenchmarkMicroBatchBudget_Throughput/AlternateThree/Burst=64-10             	  238635	      5198 ns/op	    1026 B/op	      64 allocs/op
BenchmarkMicroBatchBudget_Throughput/AlternateThree/Burst=64-10             	  224475	      5135 ns/op	    1027 B/op	      64 allocs/op
BenchmarkMicroBatchBudget_Throughput/AlternateThree/Burst=64-10             	  258259	      5153 ns/op	    1029 B/op	      64 allocs/op
BenchmarkMicroBatchBudget_Throughput/AlternateThree/Burst=128-10            	  119911	      9919 ns/op	    2055 B/op	     128 allocs/op
BenchmarkMicroBatchBudget_Throughput/AlternateThree/Burst=128-10            	  118827	     10745 ns/op	    2062 B/op	     128 allocs/op
BenchmarkMicroBatchBudget_Throughput/AlternateThree/Burst=128-10            	  103087	     10489 ns/op	    2054 B/op	     128 allocs/op
BenchmarkMicroBatchBudget_Throughput/AlternateThree/Burst=128-10            	  115407	     10442 ns/op	    2054 B/op	     128 allocs/op
BenchmarkMicroBatchBudget_Throughput/AlternateThree/Burst=128-10            	  118656	     10202 ns/op	    2062 B/op	     128 allocs/op
BenchmarkMicroBatchBudget_Throughput/AlternateThree/Burst=256-10            	   60082	     20356 ns/op	    4107 B/op	     256 allocs/op
BenchmarkMicroBatchBudget_Throughput/AlternateThree/Burst=256-10            	   60489	     20942 ns/op	    4127 B/op	     256 allocs/op
BenchmarkMicroBatchBudget_Throughput/AlternateThree/Burst=256-10            	   59156	     20202 ns/op	    4109 B/op	     256 allocs/op
BenchmarkMicroBatchBudget_Throughput/AlternateThree/Burst=256-10            	   61785	     21198 ns/op	    4133 B/op	     256 allocs/op
BenchmarkMicroBatchBudget_Throughput/AlternateThree/Burst=256-10            	   61221	     20149 ns/op	    4110 B/op	     256 allocs/op
BenchmarkMicroBatchBudget_Throughput/AlternateThree/Burst=512-10            	   29252	     42056 ns/op	    8245 B/op	     512 allocs/op
BenchmarkMicroBatchBudget_Throughput/AlternateThree/Burst=512-10            	   28546	     42786 ns/op	    8262 B/op	     512 allocs/op
BenchmarkMicroBatchBudget_Throughput/AlternateThree/Burst=512-10            	   28940	     42836 ns/op	    8238 B/op	     512 allocs/op
BenchmarkMicroBatchBudget_Throughput/AlternateThree/Burst=512-10            	   28502	     42849 ns/op	    8220 B/op	     512 allocs/op
BenchmarkMicroBatchBudget_Throughput/AlternateThree/Burst=512-10            	   28927	     42041 ns/op	    8213 B/op	     512 allocs/op
BenchmarkMicroBatchBudget_Throughput/AlternateThree/Burst=1024-10           	   13980	     93329 ns/op	   16497 B/op	    1024 allocs/op
BenchmarkMicroBatchBudget_Throughput/AlternateThree/Burst=1024-10           	   12338	     95402 ns/op	   16590 B/op	    1024 allocs/op
BenchmarkMicroBatchBudget_Throughput/AlternateThree/Burst=1024-10           	   13842	     86409 ns/op	   16440 B/op	    1024 allocs/op
BenchmarkMicroBatchBudget_Throughput/AlternateThree/Burst=1024-10           	   13882	     87304 ns/op	   16421 B/op	    1024 allocs/op
BenchmarkMicroBatchBudget_Throughput/AlternateThree/Burst=1024-10           	   13723	     85422 ns/op	   16441 B/op	    1024 allocs/op
BenchmarkMicroBatchBudget_Throughput/AlternateThree/Burst=2048-10           	    6435	    178303 ns/op	   32946 B/op	    2048 allocs/op
BenchmarkMicroBatchBudget_Throughput/AlternateThree/Burst=2048-10           	    7189	    172442 ns/op	   32866 B/op	    2048 allocs/op
BenchmarkMicroBatchBudget_Throughput/AlternateThree/Burst=2048-10           	    6822	    175224 ns/op	   32914 B/op	    2048 allocs/op
BenchmarkMicroBatchBudget_Throughput/AlternateThree/Burst=2048-10           	    7237	    169925 ns/op	   32934 B/op	    2048 allocs/op
BenchmarkMicroBatchBudget_Throughput/AlternateThree/Burst=2048-10           	    6772	    172949 ns/op	   33010 B/op	    2048 allocs/op
BenchmarkMicroBatchBudget_Throughput/AlternateThree/Burst=4096-10           	    3319	    346787 ns/op	   65854 B/op	    4096 allocs/op
BenchmarkMicroBatchBudget_Throughput/AlternateThree/Burst=4096-10           	    3469	    368640 ns/op	   66053 B/op	    4096 allocs/op
BenchmarkMicroBatchBudget_Throughput/AlternateThree/Burst=4096-10           	    3680	    346654 ns/op	   65830 B/op	    4096 allocs/op
BenchmarkMicroBatchBudget_Throughput/AlternateThree/Burst=4096-10           	    3004	    336535 ns/op	   65787 B/op	    4096 allocs/op
BenchmarkMicroBatchBudget_Throughput/AlternateThree/Burst=4096-10           	    3658	    346440 ns/op	   66183 B/op	    4096 allocs/op
BenchmarkMicroBatchBudget_Throughput/Baseline/Burst=64-10                   	  139340	      8603 ns/op	    3587 B/op	     192 allocs/op
BenchmarkMicroBatchBudget_Throughput/Baseline/Burst=64-10                   	  148426	      9220 ns/op	    3589 B/op	     192 allocs/op
BenchmarkMicroBatchBudget_Throughput/Baseline/Burst=64-10                   	  142953	      8432 ns/op	    3590 B/op	     192 allocs/op
BenchmarkMicroBatchBudget_Throughput/Baseline/Burst=64-10                   	  129034	      9780 ns/op	    3592 B/op	     192 allocs/op
BenchmarkMicroBatchBudget_Throughput/Baseline/Burst=64-10                   	  125180	      9145 ns/op	    3585 B/op	     192 allocs/op
BenchmarkMicroBatchBudget_Throughput/Baseline/Burst=128-10                  	   80378	     16808 ns/op	    7174 B/op	     384 allocs/op
BenchmarkMicroBatchBudget_Throughput/Baseline/Burst=128-10                  	   66648	     17651 ns/op	    7171 B/op	     384 allocs/op
BenchmarkMicroBatchBudget_Throughput/Baseline/Burst=128-10                  	   65234	     18952 ns/op	    7173 B/op	     384 allocs/op
BenchmarkMicroBatchBudget_Throughput/Baseline/Burst=128-10                  	   68324	     17396 ns/op	    7181 B/op	     384 allocs/op
BenchmarkMicroBatchBudget_Throughput/Baseline/Burst=128-10                  	   73792	     18328 ns/op	    7180 B/op	     384 allocs/op
BenchmarkMicroBatchBudget_Throughput/Baseline/Burst=256-10                  	   33832	     32096 ns/op	   14344 B/op	     768 allocs/op
BenchmarkMicroBatchBudget_Throughput/Baseline/Burst=256-10                  	   37281	     32446 ns/op	   14342 B/op	     768 allocs/op
BenchmarkMicroBatchBudget_Throughput/Baseline/Burst=256-10                  	   36042	     33642 ns/op	   14350 B/op	     768 allocs/op
BenchmarkMicroBatchBudget_Throughput/Baseline/Burst=256-10                  	   36380	     31464 ns/op	   14340 B/op	     768 allocs/op
BenchmarkMicroBatchBudget_Throughput/Baseline/Burst=256-10                  	   38292	     32380 ns/op	   14349 B/op	     768 allocs/op
BenchmarkMicroBatchBudget_Throughput/Baseline/Burst=512-10                  	   18452	     65397 ns/op	   28700 B/op	    1536 allocs/op
BenchmarkMicroBatchBudget_Throughput/Baseline/Burst=512-10                  	   22636	     56865 ns/op	   28679 B/op	    1536 allocs/op
BenchmarkMicroBatchBudget_Throughput/Baseline/Burst=512-10                  	   20186	     63857 ns/op	   28691 B/op	    1536 allocs/op
BenchmarkMicroBatchBudget_Throughput/Baseline/Burst=512-10                  	   20206	     65754 ns/op	   28700 B/op	    1536 allocs/op
BenchmarkMicroBatchBudget_Throughput/Baseline/Burst=512-10                  	   17044	     64882 ns/op	   28697 B/op	    1536 allocs/op
BenchmarkMicroBatchBudget_Throughput/Baseline/Burst=1024-10                 	    8036	    129410 ns/op	   57382 B/op	    3072 allocs/op
BenchmarkMicroBatchBudget_Throughput/Baseline/Burst=1024-10                 	    9111	    127712 ns/op	   57360 B/op	    3072 allocs/op
BenchmarkMicroBatchBudget_Throughput/Baseline/Burst=1024-10                 	   10000	    129914 ns/op	   57359 B/op	    3072 allocs/op
BenchmarkMicroBatchBudget_Throughput/Baseline/Burst=1024-10                 	    8384	    122990 ns/op	   57407 B/op	    3072 allocs/op
BenchmarkMicroBatchBudget_Throughput/Baseline/Burst=1024-10                 	   10000	    133595 ns/op	   57444 B/op	    3072 allocs/op
BenchmarkMicroBatchBudget_Throughput/Baseline/Burst=2048-10                 	    4802	    250160 ns/op	  114725 B/op	    6144 allocs/op
BenchmarkMicroBatchBudget_Throughput/Baseline/Burst=2048-10                 	    5068	    262062 ns/op	  114863 B/op	    6144 allocs/op
BenchmarkMicroBatchBudget_Throughput/Baseline/Burst=2048-10                 	    4900	    259768 ns/op	  114765 B/op	    6144 allocs/op
BenchmarkMicroBatchBudget_Throughput/Baseline/Burst=2048-10                 	    5637	    251223 ns/op	  114878 B/op	    6144 allocs/op
BenchmarkMicroBatchBudget_Throughput/Baseline/Burst=2048-10                 	    4562	    253030 ns/op	  114710 B/op	    6144 allocs/op
BenchmarkMicroBatchBudget_Throughput/Baseline/Burst=4096-10                 	    2470	    494416 ns/op	  229566 B/op	   12288 allocs/op
BenchmarkMicroBatchBudget_Throughput/Baseline/Burst=4096-10                 	    2416	    526502 ns/op	  229511 B/op	   12288 allocs/op
BenchmarkMicroBatchBudget_Throughput/Baseline/Burst=4096-10                 	    3009	    507717 ns/op	  229624 B/op	   12288 allocs/op
BenchmarkMicroBatchBudget_Throughput/Baseline/Burst=4096-10                 	    2823	    503747 ns/op	  229456 B/op	   12288 allocs/op
BenchmarkMicroBatchBudget_Throughput/Baseline/Burst=4096-10                 	    2830	    498034 ns/op	  229565 B/op	   12288 allocs/op
BenchmarkMicroBatchBudget_Latency/Main/Burst=64-10                          	   40036	     31049 ns/op	    1152 B/op	      66 allocs/op
BenchmarkMicroBatchBudget_Latency/Main/Burst=64-10                          	   39436	     30807 ns/op	    1152 B/op	      66 allocs/op
BenchmarkMicroBatchBudget_Latency/Main/Burst=64-10                          	   39481	     30690 ns/op	    1152 B/op	      66 allocs/op
BenchmarkMicroBatchBudget_Latency/Main/Burst=64-10                          	   40014	     29970 ns/op	    1152 B/op	      66 allocs/op
BenchmarkMicroBatchBudget_Latency/Main/Burst=64-10                          	   40033	     29829 ns/op	    1152 B/op	      66 allocs/op
BenchmarkMicroBatchBudget_Latency/Main/Burst=128-10                         	   20677	     58370 ns/op	    2177 B/op	     130 allocs/op
BenchmarkMicroBatchBudget_Latency/Main/Burst=128-10                         	   20661	     58459 ns/op	    2177 B/op	     130 allocs/op
BenchmarkMicroBatchBudget_Latency/Main/Burst=128-10                         	   20664	     58605 ns/op	    2177 B/op	     130 allocs/op
BenchmarkMicroBatchBudget_Latency/Main/Burst=128-10                         	   20496	     58365 ns/op	    2177 B/op	     130 allocs/op
BenchmarkMicroBatchBudget_Latency/Main/Burst=128-10                         	   20535	     59239 ns/op	    2177 B/op	     130 allocs/op
BenchmarkMicroBatchBudget_Latency/Main/Burst=256-10                         	    9465	    125513 ns/op	   41966 B/op	     264 allocs/op
BenchmarkMicroBatchBudget_Latency/Main/Burst=256-10                         	    9440	    125428 ns/op	   41943 B/op	     264 allocs/op
BenchmarkMicroBatchBudget_Latency/Main/Burst=256-10                         	    9483	    124529 ns/op	   42264 B/op	     264 allocs/op
BenchmarkMicroBatchBudget_Latency/Main/Burst=256-10                         	    9714	    124639 ns/op	   41755 B/op	     264 allocs/op
BenchmarkMicroBatchBudget_Latency/Main/Burst=256-10                         	    9565	    124661 ns/op	   40964 B/op	     264 allocs/op
BenchmarkMicroBatchBudget_Latency/Main/Burst=512-10                         	    4921	    248107 ns/op	   79129 B/op	     524 allocs/op
BenchmarkMicroBatchBudget_Latency/Main/Burst=512-10                         	    4827	    247798 ns/op	   78735 B/op	     524 allocs/op
BenchmarkMicroBatchBudget_Latency/Main/Burst=512-10                         	    4968	    249825 ns/op	   78284 B/op	     524 allocs/op
BenchmarkMicroBatchBudget_Latency/Main/Burst=512-10                         	    4863	    248101 ns/op	   78684 B/op	     524 allocs/op
BenchmarkMicroBatchBudget_Latency/Main/Burst=512-10                         	    4818	    247870 ns/op	   77717 B/op	     524 allocs/op
BenchmarkMicroBatchBudget_Latency/Main/Burst=1024-10                        	    2384	    494409 ns/op	  147193 B/op	    1044 allocs/op
BenchmarkMicroBatchBudget_Latency/Main/Burst=1024-10                        	    2419	    493180 ns/op	  141181 B/op	    1043 allocs/op
BenchmarkMicroBatchBudget_Latency/Main/Burst=1024-10                        	    2391	    492324 ns/op	  143159 B/op	    1044 allocs/op
BenchmarkMicroBatchBudget_Latency/Main/Burst=1024-10                        	    2413	    492580 ns/op	  142968 B/op	    1044 allocs/op
BenchmarkMicroBatchBudget_Latency/Main/Burst=1024-10                        	    2442	    491955 ns/op	  144494 B/op	    1044 allocs/op
BenchmarkMicroBatchBudget_Latency/Main/Burst=2048-10                        	    1204	    998744 ns/op	  312643 B/op	    2095 allocs/op
BenchmarkMicroBatchBudget_Latency/Main/Burst=2048-10                        	    1178	    995475 ns/op	  309376 B/op	    2095 allocs/op
BenchmarkMicroBatchBudget_Latency/Main/Burst=2048-10                        	    1207	   1000000 ns/op	  318141 B/op	    2095 allocs/op
BenchmarkMicroBatchBudget_Latency/Main/Burst=2048-10                        	    1194	   1001755 ns/op	  325548 B/op	    2097 allocs/op
BenchmarkMicroBatchBudget_Latency/Main/Burst=2048-10                        	    1208	    999837 ns/op	  311732 B/op	    2095 allocs/op
BenchmarkMicroBatchBudget_Latency/Main/Burst=4096-10                        	     604	   1988900 ns/op	  682885 B/op	    4177 allocs/op
BenchmarkMicroBatchBudget_Latency/Main/Burst=4096-10                        	     595	   1990868 ns/op	  687267 B/op	    4179 allocs/op
BenchmarkMicroBatchBudget_Latency/Main/Burst=4096-10                        	     596	   1998100 ns/op	  683857 B/op	    4178 allocs/op
BenchmarkMicroBatchBudget_Latency/Main/Burst=4096-10                        	     603	   1993102 ns/op	  688199 B/op	    4179 allocs/op
BenchmarkMicroBatchBudget_Latency/Main/Burst=4096-10                        	     597	   2023347 ns/op	  711755 B/op	    4181 allocs/op
BenchmarkMicroBatchBudget_Latency/MainFastPathForced/Burst=64-10            	   39958	     29931 ns/op	    1152 B/op	      66 allocs/op
BenchmarkMicroBatchBudget_Latency/MainFastPathForced/Burst=64-10            	   39901	     29930 ns/op	    1152 B/op	      66 allocs/op
BenchmarkMicroBatchBudget_Latency/MainFastPathForced/Burst=64-10            	   40039	     29922 ns/op	    1152 B/op	      66 allocs/op
BenchmarkMicroBatchBudget_Latency/MainFastPathForced/Burst=64-10            	   39951	     29911 ns/op	    1152 B/op	      66 allocs/op
BenchmarkMicroBatchBudget_Latency/MainFastPathForced/Burst=64-10            	   39824	     29908 ns/op	    1152 B/op	      66 allocs/op
BenchmarkMicroBatchBudget_Latency/MainFastPathForced/Burst=128-10           	   20634	     58491 ns/op	    2177 B/op	     130 allocs/op
BenchmarkMicroBatchBudget_Latency/MainFastPathForced/Burst=128-10           	   20581	     58131 ns/op	    2177 B/op	     130 allocs/op
BenchmarkMicroBatchBudget_Latency/MainFastPathForced/Burst=128-10           	   20668	     59796 ns/op	    2177 B/op	     130 allocs/op
BenchmarkMicroBatchBudget_Latency/MainFastPathForced/Burst=128-10           	   20612	     58182 ns/op	    2177 B/op	     130 allocs/op
BenchmarkMicroBatchBudget_Latency/MainFastPathForced/Burst=128-10           	   20676	     58045 ns/op	    2177 B/op	     130 allocs/op
BenchmarkMicroBatchBudget_Latency/MainFastPathForced/Burst=256-10           	    9522	    124165 ns/op	   41220 B/op	     264 allocs/op
BenchmarkMicroBatchBudget_Latency/MainFastPathForced/Burst=256-10           	    9634	    124474 ns/op	   41843 B/op	     264 allocs/op
BenchmarkMicroBatchBudget_Latency/MainFastPathForced/Burst=256-10           	    9903	    124280 ns/op	   41325 B/op	     264 allocs/op
BenchmarkMicroBatchBudget_Latency/MainFastPathForced/Burst=256-10           	    9451	    125060 ns/op	   41495 B/op	     264 allocs/op
BenchmarkMicroBatchBudget_Latency/MainFastPathForced/Burst=256-10           	    9448	    124808 ns/op	   41038 B/op	     264 allocs/op
BenchmarkMicroBatchBudget_Latency/MainFastPathForced/Burst=512-10           	    4888	    245037 ns/op	   76129 B/op	     523 allocs/op
BenchmarkMicroBatchBudget_Latency/MainFastPathForced/Burst=512-10           	    4856	    248219 ns/op	   77657 B/op	     524 allocs/op
BenchmarkMicroBatchBudget_Latency/MainFastPathForced/Burst=512-10           	    4910	    248530 ns/op	   78700 B/op	     524 allocs/op
BenchmarkMicroBatchBudget_Latency/MainFastPathForced/Burst=512-10           	    4818	    249148 ns/op	   79177 B/op	     524 allocs/op
BenchmarkMicroBatchBudget_Latency/MainFastPathForced/Burst=512-10           	    4825	    248928 ns/op	   78848 B/op	     524 allocs/op
BenchmarkMicroBatchBudget_Latency/MainFastPathForced/Burst=1024-10          	    2446	    494996 ns/op	  148639 B/op	    1044 allocs/op
BenchmarkMicroBatchBudget_Latency/MainFastPathForced/Burst=1024-10          	    2425	    499979 ns/op	  150105 B/op	    1044 allocs/op
BenchmarkMicroBatchBudget_Latency/MainFastPathForced/Burst=1024-10          	    2424	    495054 ns/op	  146688 B/op	    1044 allocs/op
BenchmarkMicroBatchBudget_Latency/MainFastPathForced/Burst=1024-10          	    2416	    496358 ns/op	  147331 B/op	    1044 allocs/op
BenchmarkMicroBatchBudget_Latency/MainFastPathForced/Burst=1024-10          	    2390	    496102 ns/op	  146671 B/op	    1044 allocs/op
BenchmarkMicroBatchBudget_Latency/MainFastPathForced/Burst=2048-10          	    1197	   1010389 ns/op	  331906 B/op	    2097 allocs/op
BenchmarkMicroBatchBudget_Latency/MainFastPathForced/Burst=2048-10          	    1190	   1006024 ns/op	  324207 B/op	    2097 allocs/op
BenchmarkMicroBatchBudget_Latency/MainFastPathForced/Burst=2048-10          	    1188	   1008491 ns/op	  330974 B/op	    2097 allocs/op
BenchmarkMicroBatchBudget_Latency/MainFastPathForced/Burst=2048-10          	    1191	   1011543 ns/op	  326811 B/op	    2096 allocs/op
BenchmarkMicroBatchBudget_Latency/MainFastPathForced/Burst=2048-10          	    1185	   1006537 ns/op	  325781 B/op	    2097 allocs/op
BenchmarkMicroBatchBudget_Latency/MainFastPathForced/Burst=4096-10          	     601	   2011259 ns/op	  700441 B/op	    4180 allocs/op
BenchmarkMicroBatchBudget_Latency/MainFastPathForced/Burst=4096-10          	     600	   2005142 ns/op	  685244 B/op	    4178 allocs/op
BenchmarkMicroBatchBudget_Latency/MainFastPathForced/Burst=4096-10          	     603	   2008245 ns/op	  682776 B/op	    4178 allocs/op
BenchmarkMicroBatchBudget_Latency/MainFastPathForced/Burst=4096-10          	     595	   2003933 ns/op	  690359 B/op	    4179 allocs/op
BenchmarkMicroBatchBudget_Latency/MainFastPathForced/Burst=4096-10          	     597	   2006349 ns/op	  690755 B/op	    4179 allocs/op
BenchmarkMicroBatchBudget_Latency/MainFastPathDisabled/Burst=64-10          	   30468	     39135 ns/op	    1180 B/op	      67 allocs/op
BenchmarkMicroBatchBudget_Latency/MainFastPathDisabled/Burst=64-10          	   30668	     39112 ns/op	    1180 B/op	      67 allocs/op
BenchmarkMicroBatchBudget_Latency/MainFastPathDisabled/Burst=64-10          	   30633	     39126 ns/op	    1179 B/op	      67 allocs/op
BenchmarkMicroBatchBudget_Latency/MainFastPathDisabled/Burst=64-10          	   30570	     39405 ns/op	    1179 B/op	      67 allocs/op
BenchmarkMicroBatchBudget_Latency/MainFastPathDisabled/Burst=64-10          	   30644	     39151 ns/op	    1179 B/op	      67 allocs/op
BenchmarkMicroBatchBudget_Latency/MainFastPathDisabled/Burst=128-10         	   18040	     66202 ns/op	    2204 B/op	     131 allocs/op
BenchmarkMicroBatchBudget_Latency/MainFastPathDisabled/Burst=128-10         	   18039	     66517 ns/op	    2204 B/op	     131 allocs/op
BenchmarkMicroBatchBudget_Latency/MainFastPathDisabled/Burst=128-10         	   17958	     66559 ns/op	    2204 B/op	     131 allocs/op
BenchmarkMicroBatchBudget_Latency/MainFastPathDisabled/Burst=128-10         	   18152	     66837 ns/op	    2204 B/op	     131 allocs/op
BenchmarkMicroBatchBudget_Latency/MainFastPathDisabled/Burst=128-10         	   18096	     67257 ns/op	    2204 B/op	     131 allocs/op
BenchmarkMicroBatchBudget_Latency/MainFastPathDisabled/Burst=256-10         	    9031	    131601 ns/op	   34846 B/op	     265 allocs/op
BenchmarkMicroBatchBudget_Latency/MainFastPathDisabled/Burst=256-10         	    9308	    131405 ns/op	   34663 B/op	     265 allocs/op
BenchmarkMicroBatchBudget_Latency/MainFastPathDisabled/Burst=256-10         	    9171	    131898 ns/op	   35029 B/op	     265 allocs/op
BenchmarkMicroBatchBudget_Latency/MainFastPathDisabled/Burst=256-10         	    8928	    131898 ns/op	   35425 B/op	     265 allocs/op
BenchmarkMicroBatchBudget_Latency/MainFastPathDisabled/Burst=256-10         	    8366	    132041 ns/op	   35161 B/op	     265 allocs/op
BenchmarkMicroBatchBudget_Latency/MainFastPathDisabled/Burst=512-10         	    4594	    254290 ns/op	   70830 B/op	     524 allocs/op
BenchmarkMicroBatchBudget_Latency/MainFastPathDisabled/Burst=512-10         	    4687	    254906 ns/op	   71401 B/op	     524 allocs/op
BenchmarkMicroBatchBudget_Latency/MainFastPathDisabled/Burst=512-10         	    4754	    255280 ns/op	   72335 B/op	     525 allocs/op
BenchmarkMicroBatchBudget_Latency/MainFastPathDisabled/Burst=512-10         	    4770	    256783 ns/op	   71025 B/op	     524 allocs/op
BenchmarkMicroBatchBudget_Latency/MainFastPathDisabled/Burst=512-10         	    4705	    255505 ns/op	   73200 B/op	     525 allocs/op
BenchmarkMicroBatchBudget_Latency/MainFastPathDisabled/Burst=1024-10        	    2403	    501114 ns/op	  138542 B/op	    1044 allocs/op
BenchmarkMicroBatchBudget_Latency/MainFastPathDisabled/Burst=1024-10        	    2409	    501486 ns/op	  142117 B/op	    1045 allocs/op
BenchmarkMicroBatchBudget_Latency/MainFastPathDisabled/Burst=1024-10        	    2444	    504559 ns/op	  141655 B/op	    1045 allocs/op
BenchmarkMicroBatchBudget_Latency/MainFastPathDisabled/Burst=1024-10        	    2389	    501221 ns/op	  141934 B/op	    1045 allocs/op
BenchmarkMicroBatchBudget_Latency/MainFastPathDisabled/Burst=1024-10        	    2427	    499128 ns/op	  135737 B/op	    1044 allocs/op
BenchmarkMicroBatchBudget_Latency/MainFastPathDisabled/Burst=2048-10        	    1195	   1010254 ns/op	  315383 B/op	    2097 allocs/op
BenchmarkMicroBatchBudget_Latency/MainFastPathDisabled/Burst=2048-10        	    1184	   1014529 ns/op	  321378 B/op	    2097 allocs/op
BenchmarkMicroBatchBudget_Latency/MainFastPathDisabled/Burst=2048-10        	    1198	   1002694 ns/op	  311107 B/op	    2096 allocs/op
BenchmarkMicroBatchBudget_Latency/MainFastPathDisabled/Burst=2048-10        	    1173	   1014214 ns/op	  319131 B/op	    2097 allocs/op
BenchmarkMicroBatchBudget_Latency/MainFastPathDisabled/Burst=2048-10        	    1173	   1013426 ns/op	  330438 B/op	    2098 allocs/op
BenchmarkMicroBatchBudget_Latency/MainFastPathDisabled/Burst=4096-10        	     589	   2005786 ns/op	  689816 B/op	    4180 allocs/op
BenchmarkMicroBatchBudget_Latency/MainFastPathDisabled/Burst=4096-10        	     585	   2012641 ns/op	  688907 B/op	    4180 allocs/op
BenchmarkMicroBatchBudget_Latency/MainFastPathDisabled/Burst=4096-10        	     601	   2015397 ns/op	  698464 B/op	    4181 allocs/op
BenchmarkMicroBatchBudget_Latency/MainFastPathDisabled/Burst=4096-10        	     591	   2000320 ns/op	  679074 B/op	    4179 allocs/op
BenchmarkMicroBatchBudget_Latency/MainFastPathDisabled/Burst=4096-10        	     594	   2013656 ns/op	  689779 B/op	    4180 allocs/op
BenchmarkMicroBatchBudget_Latency/AlternateOne/Burst=64-10                  	   77097	     15044 ns/op	    1152 B/op	      66 allocs/op
BenchmarkMicroBatchBudget_Latency/AlternateOne/Burst=64-10                  	   78128	     14921 ns/op	    1152 B/op	      66 allocs/op
BenchmarkMicroBatchBudget_Latency/AlternateOne/Burst=64-10                  	   79147	     14959 ns/op	    1152 B/op	      66 allocs/op
BenchmarkMicroBatchBudget_Latency/AlternateOne/Burst=64-10                  	   81075	     14987 ns/op	    1152 B/op	      66 allocs/op
BenchmarkMicroBatchBudget_Latency/AlternateOne/Burst=64-10                  	   78469	     15001 ns/op	    1152 B/op	      66 allocs/op
BenchmarkMicroBatchBudget_Latency/AlternateOne/Burst=128-10                 	   65216	     18639 ns/op	    2176 B/op	     130 allocs/op
BenchmarkMicroBatchBudget_Latency/AlternateOne/Burst=128-10                 	   64096	     18597 ns/op	    2176 B/op	     130 allocs/op
BenchmarkMicroBatchBudget_Latency/AlternateOne/Burst=128-10                 	   64204	     18745 ns/op	    2176 B/op	     130 allocs/op
BenchmarkMicroBatchBudget_Latency/AlternateOne/Burst=128-10                 	   63860	     18758 ns/op	    2176 B/op	     130 allocs/op
BenchmarkMicroBatchBudget_Latency/AlternateOne/Burst=128-10                 	   64918	     18381 ns/op	    2176 B/op	     130 allocs/op
BenchmarkMicroBatchBudget_Latency/AlternateOne/Burst=256-10                 	   31382	     40929 ns/op	    4232 B/op	     258 allocs/op
BenchmarkMicroBatchBudget_Latency/AlternateOne/Burst=256-10                 	   29020	     38444 ns/op	    4235 B/op	     258 allocs/op
BenchmarkMicroBatchBudget_Latency/AlternateOne/Burst=256-10                 	   31058	     38504 ns/op	    4235 B/op	     258 allocs/op
BenchmarkMicroBatchBudget_Latency/AlternateOne/Burst=256-10                 	   31624	     40934 ns/op	    4233 B/op	     258 allocs/op
BenchmarkMicroBatchBudget_Latency/AlternateOne/Burst=256-10                 	   31346	     40864 ns/op	    4232 B/op	     258 allocs/op
BenchmarkMicroBatchBudget_Latency/AlternateOne/Burst=512-10                 	   14188	     73191 ns/op	    8342 B/op	     514 allocs/op
BenchmarkMicroBatchBudget_Latency/AlternateOne/Burst=512-10                 	   14350	     84656 ns/op	    8337 B/op	     514 allocs/op
BenchmarkMicroBatchBudget_Latency/AlternateOne/Burst=512-10                 	   14218	     84351 ns/op	    8338 B/op	     514 allocs/op
BenchmarkMicroBatchBudget_Latency/AlternateOne/Burst=512-10                 	   14257	     73065 ns/op	    8342 B/op	     514 allocs/op
BenchmarkMicroBatchBudget_Latency/AlternateOne/Burst=512-10                 	   16473	     84525 ns/op	    8337 B/op	     514 allocs/op
BenchmarkMicroBatchBudget_Latency/AlternateOne/Burst=1024-10                	    8059	    140757 ns/op	   16560 B/op	    1026 allocs/op
BenchmarkMicroBatchBudget_Latency/AlternateOne/Burst=1024-10                	    7108	    143937 ns/op	   16558 B/op	    1026 allocs/op
BenchmarkMicroBatchBudget_Latency/AlternateOne/Burst=1024-10                	    8490	    160932 ns/op	   16546 B/op	    1026 allocs/op
BenchmarkMicroBatchBudget_Latency/AlternateOne/Burst=1024-10                	    8700	    168153 ns/op	   16548 B/op	    1026 allocs/op
BenchmarkMicroBatchBudget_Latency/AlternateOne/Burst=1024-10                	    8545	    167547 ns/op	   16547 B/op	    1026 allocs/op
BenchmarkMicroBatchBudget_Latency/AlternateOne/Burst=2048-10                	    4275	    275614 ns/op	   33008 B/op	    2050 allocs/op
BenchmarkMicroBatchBudget_Latency/AlternateOne/Burst=2048-10                	    4232	    333835 ns/op	   33008 B/op	    2050 allocs/op
BenchmarkMicroBatchBudget_Latency/AlternateOne/Burst=2048-10                	    4173	    331982 ns/op	   33005 B/op	    2050 allocs/op
BenchmarkMicroBatchBudget_Latency/AlternateOne/Burst=2048-10                	    4248	    332821 ns/op	   33003 B/op	    2050 allocs/op
BenchmarkMicroBatchBudget_Latency/AlternateOne/Burst=2048-10                	    4244	    334579 ns/op	   33011 B/op	    2050 allocs/op
BenchmarkMicroBatchBudget_Latency/AlternateOne/Burst=4096-10                	    2179	    542939 ns/op	   65987 B/op	    4098 allocs/op
BenchmarkMicroBatchBudget_Latency/AlternateOne/Burst=4096-10                	    2160	    670467 ns/op	   65990 B/op	    4098 allocs/op
BenchmarkMicroBatchBudget_Latency/AlternateOne/Burst=4096-10                	    2036	    669156 ns/op	   66018 B/op	    4098 allocs/op
BenchmarkMicroBatchBudget_Latency/AlternateOne/Burst=4096-10                	    2144	    670264 ns/op	   66018 B/op	    4098 allocs/op
BenchmarkMicroBatchBudget_Latency/AlternateOne/Burst=4096-10                	    2155	    672405 ns/op	   66033 B/op	    4098 allocs/op
BenchmarkMicroBatchBudget_Latency/AlternateTwo/Burst=64-10                  	   80756	     15339 ns/op	    1158 B/op	      66 allocs/op
BenchmarkMicroBatchBudget_Latency/AlternateTwo/Burst=64-10                  	   78888	     15548 ns/op	    1156 B/op	      66 allocs/op
BenchmarkMicroBatchBudget_Latency/AlternateTwo/Burst=64-10                  	   70940	     15736 ns/op	    1157 B/op	      66 allocs/op
BenchmarkMicroBatchBudget_Latency/AlternateTwo/Burst=64-10                  	   77373	     15551 ns/op	    1156 B/op	      66 allocs/op
BenchmarkMicroBatchBudget_Latency/AlternateTwo/Burst=64-10                  	   77226	     15639 ns/op	    1157 B/op	      66 allocs/op
BenchmarkMicroBatchBudget_Latency/AlternateTwo/Burst=128-10                 	   59278	     21177 ns/op	    2191 B/op	     130 allocs/op
BenchmarkMicroBatchBudget_Latency/AlternateTwo/Burst=128-10                 	   54969	     23009 ns/op	    2191 B/op	     130 allocs/op
BenchmarkMicroBatchBudget_Latency/AlternateTwo/Burst=128-10                 	   49236	     22183 ns/op	    2190 B/op	     130 allocs/op
BenchmarkMicroBatchBudget_Latency/AlternateTwo/Burst=128-10                 	   58018	     21643 ns/op	    2190 B/op	     130 allocs/op
BenchmarkMicroBatchBudget_Latency/AlternateTwo/Burst=128-10                 	   53943	     21812 ns/op	    2189 B/op	     130 allocs/op
BenchmarkMicroBatchBudget_Latency/AlternateTwo/Burst=256-10                 	   32954	     38709 ns/op	    4273 B/op	     258 allocs/op
BenchmarkMicroBatchBudget_Latency/AlternateTwo/Burst=256-10                 	   32406	     38287 ns/op	    4264 B/op	     258 allocs/op
BenchmarkMicroBatchBudget_Latency/AlternateTwo/Burst=256-10                 	   32475	     37074 ns/op	    4265 B/op	     258 allocs/op
BenchmarkMicroBatchBudget_Latency/AlternateTwo/Burst=256-10                 	   32368	     37300 ns/op	    4267 B/op	     258 allocs/op
BenchmarkMicroBatchBudget_Latency/AlternateTwo/Burst=256-10                 	   32574	     36159 ns/op	    4263 B/op	     258 allocs/op
BenchmarkMicroBatchBudget_Latency/AlternateTwo/Burst=512-10                 	   18460	     65400 ns/op	    8459 B/op	     514 allocs/op
BenchmarkMicroBatchBudget_Latency/AlternateTwo/Burst=512-10                 	   18602	     61774 ns/op	    8451 B/op	     514 allocs/op
BenchmarkMicroBatchBudget_Latency/AlternateTwo/Burst=512-10                 	   18896	     64597 ns/op	    8454 B/op	     514 allocs/op
BenchmarkMicroBatchBudget_Latency/AlternateTwo/Burst=512-10                 	   19417	     62992 ns/op	    8452 B/op	     514 allocs/op
BenchmarkMicroBatchBudget_Latency/AlternateTwo/Burst=512-10                 	   18336	     62850 ns/op	    8451 B/op	     514 allocs/op
BenchmarkMicroBatchBudget_Latency/AlternateTwo/Burst=1024-10                	   10000	    119084 ns/op	   16884 B/op	    1027 allocs/op
BenchmarkMicroBatchBudget_Latency/AlternateTwo/Burst=1024-10                	   10400	    120614 ns/op	   16838 B/op	    1026 allocs/op
BenchmarkMicroBatchBudget_Latency/AlternateTwo/Burst=1024-10                	    8608	    118682 ns/op	   16843 B/op	    1027 allocs/op
BenchmarkMicroBatchBudget_Latency/AlternateTwo/Burst=1024-10                	    8973	    113194 ns/op	   16833 B/op	    1026 allocs/op
BenchmarkMicroBatchBudget_Latency/AlternateTwo/Burst=1024-10                	    8997	    116563 ns/op	   16883 B/op	    1026 allocs/op
BenchmarkMicroBatchBudget_Latency/AlternateTwo/Burst=2048-10                	    4136	    313940 ns/op	   34037 B/op	    2053 allocs/op
BenchmarkMicroBatchBudget_Latency/AlternateTwo/Burst=2048-10                	    5320	    228568 ns/op	   33719 B/op	    2052 allocs/op
BenchmarkMicroBatchBudget_Latency/AlternateTwo/Burst=2048-10                	    4822	    224316 ns/op	   33705 B/op	    2052 allocs/op
BenchmarkMicroBatchBudget_Latency/AlternateTwo/Burst=2048-10                	    5349	    226592 ns/op	   33626 B/op	    2052 allocs/op
BenchmarkMicroBatchBudget_Latency/AlternateTwo/Burst=2048-10                	    5491	    245109 ns/op	   33640 B/op	    2052 allocs/op
BenchmarkMicroBatchBudget_Latency/AlternateTwo/Burst=4096-10                	    2479	    525572 ns/op	   67642 B/op	    4104 allocs/op
BenchmarkMicroBatchBudget_Latency/AlternateTwo/Burst=4096-10                	    2661	    505122 ns/op	   67544 B/op	    4103 allocs/op
BenchmarkMicroBatchBudget_Latency/AlternateTwo/Burst=4096-10                	    2823	    447986 ns/op	   67285 B/op	    4103 allocs/op
BenchmarkMicroBatchBudget_Latency/AlternateTwo/Burst=4096-10                	    2300	    462709 ns/op	   67382 B/op	    4103 allocs/op
BenchmarkMicroBatchBudget_Latency/AlternateTwo/Burst=4096-10                	    2907	    479307 ns/op	   67107 B/op	    4102 allocs/op
BenchmarkMicroBatchBudget_Latency/AlternateThree/Burst=64-10                	   86611	     13884 ns/op	    1152 B/op	      66 allocs/op
BenchmarkMicroBatchBudget_Latency/AlternateThree/Burst=64-10                	   88311	     13925 ns/op	    1152 B/op	      66 allocs/op
BenchmarkMicroBatchBudget_Latency/AlternateThree/Burst=64-10                	   84914	     13898 ns/op	    1152 B/op	      66 allocs/op
BenchmarkMicroBatchBudget_Latency/AlternateThree/Burst=64-10                	   85398	     13949 ns/op	    1152 B/op	      66 allocs/op
BenchmarkMicroBatchBudget_Latency/AlternateThree/Burst=64-10                	   87151	     13994 ns/op	    1152 B/op	      66 allocs/op
BenchmarkMicroBatchBudget_Latency/AlternateThree/Burst=128-10               	   71602	     16602 ns/op	    2176 B/op	     130 allocs/op
BenchmarkMicroBatchBudget_Latency/AlternateThree/Burst=128-10               	   71858	     16344 ns/op	    2176 B/op	     130 allocs/op
BenchmarkMicroBatchBudget_Latency/AlternateThree/Burst=128-10               	   73758	     16297 ns/op	    2176 B/op	     130 allocs/op
BenchmarkMicroBatchBudget_Latency/AlternateThree/Burst=128-10               	   71764	     16860 ns/op	    2176 B/op	     130 allocs/op
BenchmarkMicroBatchBudget_Latency/AlternateThree/Burst=128-10               	   68275	     17009 ns/op	    2176 B/op	     130 allocs/op
BenchmarkMicroBatchBudget_Latency/AlternateThree/Burst=256-10               	   39256	     30695 ns/op	    4228 B/op	     258 allocs/op
BenchmarkMicroBatchBudget_Latency/AlternateThree/Burst=256-10               	   36519	     31174 ns/op	    4228 B/op	     258 allocs/op
BenchmarkMicroBatchBudget_Latency/AlternateThree/Burst=256-10               	   39781	     30192 ns/op	    4228 B/op	     258 allocs/op
BenchmarkMicroBatchBudget_Latency/AlternateThree/Burst=256-10               	   39093	     30270 ns/op	    4228 B/op	     258 allocs/op
BenchmarkMicroBatchBudget_Latency/AlternateThree/Burst=256-10               	   39583	     30368 ns/op	    4228 B/op	     258 allocs/op
BenchmarkMicroBatchBudget_Latency/AlternateThree/Burst=512-10               	   22990	     52248 ns/op	    8329 B/op	     514 allocs/op
BenchmarkMicroBatchBudget_Latency/AlternateThree/Burst=512-10               	   23191	     51901 ns/op	    8329 B/op	     514 allocs/op
BenchmarkMicroBatchBudget_Latency/AlternateThree/Burst=512-10               	   23252	     51709 ns/op	    8330 B/op	     514 allocs/op
BenchmarkMicroBatchBudget_Latency/AlternateThree/Burst=512-10               	   23294	     51483 ns/op	    8329 B/op	     514 allocs/op
BenchmarkMicroBatchBudget_Latency/AlternateThree/Burst=512-10               	   23254	     51433 ns/op	    8330 B/op	     514 allocs/op
BenchmarkMicroBatchBudget_Latency/AlternateThree/Burst=1024-10              	   12904	     94136 ns/op	   16533 B/op	    1026 allocs/op
BenchmarkMicroBatchBudget_Latency/AlternateThree/Burst=1024-10              	   12948	     94588 ns/op	   16533 B/op	    1026 allocs/op
BenchmarkMicroBatchBudget_Latency/AlternateThree/Burst=1024-10              	   12486	     94581 ns/op	   16534 B/op	    1026 allocs/op
BenchmarkMicroBatchBudget_Latency/AlternateThree/Burst=1024-10              	   12783	     93564 ns/op	   16533 B/op	    1026 allocs/op
BenchmarkMicroBatchBudget_Latency/AlternateThree/Burst=1024-10              	   12799	     94066 ns/op	   16534 B/op	    1026 allocs/op
BenchmarkMicroBatchBudget_Latency/AlternateThree/Burst=2048-10              	    6850	    175934 ns/op	   32950 B/op	    2050 allocs/op
BenchmarkMicroBatchBudget_Latency/AlternateThree/Burst=2048-10              	    7149	    177716 ns/op	   32953 B/op	    2050 allocs/op
BenchmarkMicroBatchBudget_Latency/AlternateThree/Burst=2048-10              	    6780	    179000 ns/op	   32952 B/op	    2050 allocs/op
BenchmarkMicroBatchBudget_Latency/AlternateThree/Burst=2048-10              	    6922	    177942 ns/op	   32953 B/op	    2050 allocs/op
BenchmarkMicroBatchBudget_Latency/AlternateThree/Burst=2048-10              	    6622	    176570 ns/op	   32956 B/op	    2050 allocs/op
BenchmarkMicroBatchBudget_Latency/AlternateThree/Burst=4096-10              	    3723	    337054 ns/op	   65795 B/op	    4098 allocs/op
BenchmarkMicroBatchBudget_Latency/AlternateThree/Burst=4096-10              	    3506	    334859 ns/op	   65807 B/op	    4098 allocs/op
BenchmarkMicroBatchBudget_Latency/AlternateThree/Burst=4096-10              	    3546	    334534 ns/op	   65801 B/op	    4098 allocs/op
BenchmarkMicroBatchBudget_Latency/AlternateThree/Burst=4096-10              	    3663	    336911 ns/op	   65803 B/op	    4098 allocs/op
BenchmarkMicroBatchBudget_Latency/AlternateThree/Burst=4096-10              	    3468	    341586 ns/op	   65814 B/op	    4098 allocs/op
BenchmarkMicroBatchBudget_Latency/Baseline/Burst=64-10                      	  163345	      7342 ns/op	    3712 B/op	     194 allocs/op
BenchmarkMicroBatchBudget_Latency/Baseline/Burst=64-10                      	  153490	      7807 ns/op	    3712 B/op	     194 allocs/op
BenchmarkMicroBatchBudget_Latency/Baseline/Burst=64-10                      	  159925	      7206 ns/op	    3712 B/op	     194 allocs/op
BenchmarkMicroBatchBudget_Latency/Baseline/Burst=64-10                      	  155521	      7761 ns/op	    3712 B/op	     194 allocs/op
BenchmarkMicroBatchBudget_Latency/Baseline/Burst=64-10                      	  159616	      7765 ns/op	    3712 B/op	     194 allocs/op
BenchmarkMicroBatchBudget_Latency/Baseline/Burst=128-10                     	   85938	     13280 ns/op	    7296 B/op	     386 allocs/op
BenchmarkMicroBatchBudget_Latency/Baseline/Burst=128-10                     	   83103	     14374 ns/op	    7296 B/op	     386 allocs/op
BenchmarkMicroBatchBudget_Latency/Baseline/Burst=128-10                     	   83330	     13856 ns/op	    7296 B/op	     386 allocs/op
BenchmarkMicroBatchBudget_Latency/Baseline/Burst=128-10                     	   88693	     13723 ns/op	    7296 B/op	     386 allocs/op
BenchmarkMicroBatchBudget_Latency/Baseline/Burst=128-10                     	   88488	     14337 ns/op	    7296 B/op	     386 allocs/op
BenchmarkMicroBatchBudget_Latency/Baseline/Burst=256-10                     	   38390	     30804 ns/op	   14464 B/op	     770 allocs/op
BenchmarkMicroBatchBudget_Latency/Baseline/Burst=256-10                     	   41751	     27998 ns/op	   14464 B/op	     770 allocs/op
BenchmarkMicroBatchBudget_Latency/Baseline/Burst=256-10                     	   37597	     28714 ns/op	   14464 B/op	     770 allocs/op
BenchmarkMicroBatchBudget_Latency/Baseline/Burst=256-10                     	   38178	     28761 ns/op	   14464 B/op	     770 allocs/op
BenchmarkMicroBatchBudget_Latency/Baseline/Burst=256-10                     	   39282	     29286 ns/op	   14464 B/op	     770 allocs/op
BenchmarkMicroBatchBudget_Latency/Baseline/Burst=512-10                     	   19233	     62535 ns/op	   28801 B/op	    1538 allocs/op
BenchmarkMicroBatchBudget_Latency/Baseline/Burst=512-10                     	   23372	     62371 ns/op	   28801 B/op	    1538 allocs/op
BenchmarkMicroBatchBudget_Latency/Baseline/Burst=512-10                     	   18814	     65900 ns/op	   28801 B/op	    1538 allocs/op
BenchmarkMicroBatchBudget_Latency/Baseline/Burst=512-10                     	   23379	     55779 ns/op	   28801 B/op	    1538 allocs/op
BenchmarkMicroBatchBudget_Latency/Baseline/Burst=512-10                     	   19124	     56247 ns/op	   28801 B/op	    1538 allocs/op
BenchmarkMicroBatchBudget_Latency/Baseline/Burst=1024-10                    	   12106	    107564 ns/op	   57477 B/op	    3074 allocs/op
BenchmarkMicroBatchBudget_Latency/Baseline/Burst=1024-10                    	    9237	    126282 ns/op	   57479 B/op	    3074 allocs/op
BenchmarkMicroBatchBudget_Latency/Baseline/Burst=1024-10                    	   10000	    123976 ns/op	   57478 B/op	    3074 allocs/op
BenchmarkMicroBatchBudget_Latency/Baseline/Burst=1024-10                    	   10000	    123781 ns/op	   57478 B/op	    3074 allocs/op
BenchmarkMicroBatchBudget_Latency/Baseline/Burst=1024-10                    	    9237	    125168 ns/op	   57478 B/op	    3074 allocs/op
BenchmarkMicroBatchBudget_Latency/Baseline/Burst=2048-10                    	    5469	    249788 ns/op	  114834 B/op	    6146 allocs/op
BenchmarkMicroBatchBudget_Latency/Baseline/Burst=2048-10                    	    5040	    220246 ns/op	  114836 B/op	    6146 allocs/op
BenchmarkMicroBatchBudget_Latency/Baseline/Burst=2048-10                    	    5558	    217188 ns/op	  114834 B/op	    6146 allocs/op
BenchmarkMicroBatchBudget_Latency/Baseline/Burst=2048-10                    	    5581	    218435 ns/op	  114834 B/op	    6146 allocs/op
BenchmarkMicroBatchBudget_Latency/Baseline/Burst=2048-10                    	    5538	    217393 ns/op	  114834 B/op	    6146 allocs/op
BenchmarkMicroBatchBudget_Latency/Baseline/Burst=4096-10                    	    2350	    444173 ns/op	  229568 B/op	   12290 allocs/op
BenchmarkMicroBatchBudget_Latency/Baseline/Burst=4096-10                    	    2647	    395584 ns/op	  229543 B/op	   12290 allocs/op
BenchmarkMicroBatchBudget_Latency/Baseline/Burst=4096-10                    	    2739	    439916 ns/op	  229571 B/op	   12290 allocs/op
BenchmarkMicroBatchBudget_Latency/Baseline/Burst=4096-10                    	    2738	    509695 ns/op	  229540 B/op	   12290 allocs/op
BenchmarkMicroBatchBudget_Latency/Baseline/Burst=4096-10                    	    2262	    516667 ns/op	  229574 B/op	   12290 allocs/op
BenchmarkMicroBatchBudget_Continuous/Main-10                                	 2111919	       564.5 ns/op	     190 B/op	       1 allocs/op
BenchmarkMicroBatchBudget_Continuous/Main-10                                	 2111760	       561.1 ns/op	     185 B/op	       1 allocs/op
BenchmarkMicroBatchBudget_Continuous/Main-10                                	 2132401	       563.3 ns/op	     181 B/op	       1 allocs/op
BenchmarkMicroBatchBudget_Continuous/Main-10                                	 2124315	       562.8 ns/op	     187 B/op	       1 allocs/op
BenchmarkMicroBatchBudget_Continuous/Main-10                                	 2136183	       559.9 ns/op	     184 B/op	       1 allocs/op
BenchmarkMicroBatchBudget_Continuous/MainFastPathForced-10                  	 2122532	       560.4 ns/op	     186 B/op	       1 allocs/op
BenchmarkMicroBatchBudget_Continuous/MainFastPathForced-10                  	 2148402	       561.7 ns/op	     186 B/op	       1 allocs/op
BenchmarkMicroBatchBudget_Continuous/MainFastPathForced-10                  	 2128006	       555.0 ns/op	     184 B/op	       1 allocs/op
BenchmarkMicroBatchBudget_Continuous/MainFastPathForced-10                  	 2140752	       561.2 ns/op	     188 B/op	       1 allocs/op
BenchmarkMicroBatchBudget_Continuous/MainFastPathForced-10                  	 2132220	       559.6 ns/op	     184 B/op	       1 allocs/op
BenchmarkMicroBatchBudget_Continuous/MainFastPathDisabled-10                	 2092269	       574.2 ns/op	     190 B/op	       1 allocs/op
BenchmarkMicroBatchBudget_Continuous/MainFastPathDisabled-10                	 2122672	       559.1 ns/op	     185 B/op	       1 allocs/op
BenchmarkMicroBatchBudget_Continuous/MainFastPathDisabled-10                	 2127542	       563.9 ns/op	     184 B/op	       1 allocs/op
BenchmarkMicroBatchBudget_Continuous/MainFastPathDisabled-10                	 2113785	       559.1 ns/op	     188 B/op	       1 allocs/op
BenchmarkMicroBatchBudget_Continuous/MainFastPathDisabled-10                	 2125662	       558.7 ns/op	     189 B/op	       1 allocs/op
BenchmarkMicroBatchBudget_Continuous/AlternateOne-10                        	 6786583	       203.5 ns/op	      33 B/op	       1 allocs/op
BenchmarkMicroBatchBudget_Continuous/AlternateOne-10                        	 6784584	       175.0 ns/op	      33 B/op	       1 allocs/op
BenchmarkMicroBatchBudget_Continuous/AlternateOne-10                        	 5937936	       174.6 ns/op	      33 B/op	       1 allocs/op
BenchmarkMicroBatchBudget_Continuous/AlternateOne-10                        	 6846078	       200.9 ns/op	      33 B/op	       1 allocs/op
BenchmarkMicroBatchBudget_Continuous/AlternateOne-10                        	 6750993	       174.7 ns/op	      33 B/op	       1 allocs/op
BenchmarkMicroBatchBudget_Continuous/AlternateTwo-10                        	 6266349	       193.5 ns/op	      25 B/op	       1 allocs/op
BenchmarkMicroBatchBudget_Continuous/AlternateTwo-10                        	 6242526	       183.3 ns/op	      31 B/op	       1 allocs/op
BenchmarkMicroBatchBudget_Continuous/AlternateTwo-10                        	 6280716	       187.1 ns/op	      32 B/op	       1 allocs/op
BenchmarkMicroBatchBudget_Continuous/AlternateTwo-10                        	 6232828	       186.0 ns/op	      30 B/op	       1 allocs/op
BenchmarkMicroBatchBudget_Continuous/AlternateTwo-10                        	 6192872	       186.2 ns/op	      32 B/op	       1 allocs/op
BenchmarkMicroBatchBudget_Continuous/AlternateThree-10                      	 7339796	       162.6 ns/op	      16 B/op	       1 allocs/op
BenchmarkMicroBatchBudget_Continuous/AlternateThree-10                      	 7316948	       159.8 ns/op	      16 B/op	       1 allocs/op
BenchmarkMicroBatchBudget_Continuous/AlternateThree-10                      	 7682778	       163.8 ns/op	      16 B/op	       1 allocs/op
BenchmarkMicroBatchBudget_Continuous/AlternateThree-10                      	 7452378	       163.1 ns/op	      16 B/op	       1 allocs/op
BenchmarkMicroBatchBudget_Continuous/AlternateThree-10                      	 7291687	       162.7 ns/op	      16 B/op	       1 allocs/op
BenchmarkMicroBatchBudget_Continuous/Baseline-10                            	 5538950	       250.0 ns/op	      56 B/op	       3 allocs/op
BenchmarkMicroBatchBudget_Continuous/Baseline-10                            	 5536660	       217.6 ns/op	      56 B/op	       3 allocs/op
BenchmarkMicroBatchBudget_Continuous/Baseline-10                            	 5455754	       221.6 ns/op	      56 B/op	       3 allocs/op
BenchmarkMicroBatchBudget_Continuous/Baseline-10                            	 5483762	       219.5 ns/op	      56 B/op	       3 allocs/op
BenchmarkMicroBatchBudget_Continuous/Baseline-10                            	 5539012	       220.6 ns/op	      56 B/op	       3 allocs/op
BenchmarkMicroBatchBudget_Mixed/Main/Burst=100-10                           	   10000	    114281 ns/op	    7329 B/op	     152 allocs/op
BenchmarkMicroBatchBudget_Mixed/Main/Burst=100-10                           	   10000	    113190 ns/op	    7329 B/op	     152 allocs/op
BenchmarkMicroBatchBudget_Mixed/Main/Burst=100-10                           	   10000	    114300 ns/op	    7329 B/op	     152 allocs/op
BenchmarkMicroBatchBudget_Mixed/Main/Burst=100-10                           	   10000	    113852 ns/op	    7329 B/op	     152 allocs/op
BenchmarkMicroBatchBudget_Mixed/Main/Burst=100-10                           	   10000	    114573 ns/op	    7329 B/op	     152 allocs/op
BenchmarkMicroBatchBudget_Mixed/Main/Burst=500-10                           	    2059	    573690 ns/op	   72095 B/op	     758 allocs/op
BenchmarkMicroBatchBudget_Mixed/Main/Burst=500-10                           	    2068	    575389 ns/op	   72508 B/op	     758 allocs/op
BenchmarkMicroBatchBudget_Mixed/Main/Burst=500-10                           	    2088	    574220 ns/op	   71883 B/op	     758 allocs/op
BenchmarkMicroBatchBudget_Mixed/Main/Burst=500-10                           	    2052	    578090 ns/op	   73794 B/op	     758 allocs/op
BenchmarkMicroBatchBudget_Mixed/Main/Burst=500-10                           	    2008	    591189 ns/op	   76408 B/op	     759 allocs/op
BenchmarkMicroBatchBudget_Mixed/Main/Burst=1000-10                          	    1010	   1172843 ns/op	  154476 B/op	    1513 allocs/op
BenchmarkMicroBatchBudget_Mixed/Main/Burst=1000-10                          	    1030	   1176862 ns/op	  153544 B/op	    1513 allocs/op
BenchmarkMicroBatchBudget_Mixed/Main/Burst=1000-10                          	    1035	   1168269 ns/op	  152202 B/op	    1513 allocs/op
BenchmarkMicroBatchBudget_Mixed/Main/Burst=1000-10                          	    1020	   1164625 ns/op	  153354 B/op	    1513 allocs/op
BenchmarkMicroBatchBudget_Mixed/Main/Burst=1000-10                          	    1045	   1168466 ns/op	  154054 B/op	    1513 allocs/op
BenchmarkMicroBatchBudget_Mixed/Main/Burst=2000-10                          	     517	   2333021 ns/op	  299089 B/op	    3021 allocs/op
BenchmarkMicroBatchBudget_Mixed/Main/Burst=2000-10                          	     518	   2327612 ns/op	  298250 B/op	    3022 allocs/op
BenchmarkMicroBatchBudget_Mixed/Main/Burst=2000-10                          	     471	   2491198 ns/op	  325571 B/op	    3023 allocs/op
BenchmarkMicroBatchBudget_Mixed/Main/Burst=2000-10                          	     508	   2337084 ns/op	  304147 B/op	    3022 allocs/op
BenchmarkMicroBatchBudget_Mixed/Main/Burst=2000-10                          	     529	   2292202 ns/op	  282392 B/op	    3020 allocs/op
BenchmarkMicroBatchBudget_Mixed/Main/Burst=5000-10                          	     207	   5731887 ns/op	  742186 B/op	    7558 allocs/op
BenchmarkMicroBatchBudget_Mixed/Main/Burst=5000-10                          	     206	   5780775 ns/op	  733379 B/op	    7556 allocs/op
BenchmarkMicroBatchBudget_Mixed/Main/Burst=5000-10                          	     208	   5760953 ns/op	  727468 B/op	    7555 allocs/op
BenchmarkMicroBatchBudget_Mixed/Main/Burst=5000-10                          	     207	   5760415 ns/op	  738324 B/op	    7557 allocs/op
BenchmarkMicroBatchBudget_Mixed/Main/Burst=5000-10                          	     208	   5772359 ns/op	  742623 B/op	    7556 allocs/op
BenchmarkMicroBatchBudget_Mixed/MainFastPathForced/Burst=100-10             	   10000	    114346 ns/op	    7329 B/op	     152 allocs/op
BenchmarkMicroBatchBudget_Mixed/MainFastPathForced/Burst=100-10             	   10000	    113945 ns/op	    7329 B/op	     152 allocs/op
BenchmarkMicroBatchBudget_Mixed/MainFastPathForced/Burst=100-10             	   10000	    114366 ns/op	    7329 B/op	     152 allocs/op
BenchmarkMicroBatchBudget_Mixed/MainFastPathForced/Burst=100-10             	   10000	    113823 ns/op	    7329 B/op	     152 allocs/op
BenchmarkMicroBatchBudget_Mixed/MainFastPathForced/Burst=100-10             	   10000	    113781 ns/op	    7329 B/op	     152 allocs/op
BenchmarkMicroBatchBudget_Mixed/MainFastPathForced/Burst=500-10             	    2061	    572057 ns/op	   72620 B/op	     758 allocs/op
BenchmarkMicroBatchBudget_Mixed/MainFastPathForced/Burst=500-10             	    2065	    580429 ns/op	   74033 B/op	     758 allocs/op
BenchmarkMicroBatchBudget_Mixed/MainFastPathForced/Burst=500-10             	    2049	    600216 ns/op	   79112 B/op	     759 allocs/op
BenchmarkMicroBatchBudget_Mixed/MainFastPathForced/Burst=500-10             	    1992	    606207 ns/op	   79640 B/op	     760 allocs/op
BenchmarkMicroBatchBudget_Mixed/MainFastPathForced/Burst=500-10             	    2091	    575015 ns/op	   75166 B/op	     759 allocs/op
BenchmarkMicroBatchBudget_Mixed/MainFastPathForced/Burst=1000-10            	    1062	   1141061 ns/op	  145821 B/op	    1512 allocs/op
BenchmarkMicroBatchBudget_Mixed/MainFastPathForced/Burst=1000-10            	    1051	   1141550 ns/op	  143559 B/op	    1512 allocs/op
BenchmarkMicroBatchBudget_Mixed/MainFastPathForced/Burst=1000-10            	    1050	   1147275 ns/op	  145240 B/op	    1512 allocs/op
BenchmarkMicroBatchBudget_Mixed/MainFastPathForced/Burst=1000-10            	    1040	   1151891 ns/op	  146983 B/op	    1512 allocs/op
BenchmarkMicroBatchBudget_Mixed/MainFastPathForced/Burst=1000-10            	    1047	   1146905 ns/op	  144815 B/op	    1512 allocs/op
BenchmarkMicroBatchBudget_Mixed/MainFastPathForced/Burst=2000-10            	     525	   2391134 ns/op	  309648 B/op	    3023 allocs/op
BenchmarkMicroBatchBudget_Mixed/MainFastPathForced/Burst=2000-10            	     519	   2346008 ns/op	  299536 B/op	    3022 allocs/op
BenchmarkMicroBatchBudget_Mixed/MainFastPathForced/Burst=2000-10            	     511	   2342140 ns/op	  306063 B/op	    3023 allocs/op
BenchmarkMicroBatchBudget_Mixed/MainFastPathForced/Burst=2000-10            	     500	   2345065 ns/op	  309535 B/op	    3023 allocs/op
BenchmarkMicroBatchBudget_Mixed/MainFastPathForced/Burst=2000-10            	     522	   2312133 ns/op	  301491 B/op	    3022 allocs/op
BenchmarkMicroBatchBudget_Mixed/MainFastPathForced/Burst=5000-10            	     204	   5849215 ns/op	  804539 B/op	    7565 allocs/op
BenchmarkMicroBatchBudget_Mixed/MainFastPathForced/Burst=5000-10            	     205	   5794160 ns/op	  812753 B/op	    7563 allocs/op
BenchmarkMicroBatchBudget_Mixed/MainFastPathForced/Burst=5000-10            	     204	   5939616 ns/op	  818818 B/op	    7564 allocs/op
BenchmarkMicroBatchBudget_Mixed/MainFastPathForced/Burst=5000-10            	     202	   5922106 ns/op	  847676 B/op	    7566 allocs/op
BenchmarkMicroBatchBudget_Mixed/MainFastPathForced/Burst=5000-10            	     204	   5950458 ns/op	  823995 B/op	    7564 allocs/op
BenchmarkMicroBatchBudget_Mixed/MainFastPathDisabled/Burst=100-10           	    1764	    772535 ns/op	    8865 B/op	     247 allocs/op
BenchmarkMicroBatchBudget_Mixed/MainFastPathDisabled/Burst=100-10           	    1783	    737689 ns/op	    8871 B/op	     247 allocs/op
BenchmarkMicroBatchBudget_Mixed/MainFastPathDisabled/Burst=100-10           	    1537	    743561 ns/op	    8877 B/op	     248 allocs/op
BenchmarkMicroBatchBudget_Mixed/MainFastPathDisabled/Burst=100-10           	    1633	    649310 ns/op	    8902 B/op	     249 allocs/op
BenchmarkMicroBatchBudget_Mixed/MainFastPathDisabled/Burst=100-10           	    1929	    622979 ns/op	    8910 B/op	     250 allocs/op
BenchmarkMicroBatchBudget_Mixed/MainFastPathDisabled/Burst=500-10           	     387	   2983784 ns/op	   71289 B/op	    1243 allocs/op
BenchmarkMicroBatchBudget_Mixed/MainFastPathDisabled/Burst=500-10           	     397	   3031648 ns/op	   74164 B/op	    1243 allocs/op
BenchmarkMicroBatchBudget_Mixed/MainFastPathDisabled/Burst=500-10           	     393	   3057091 ns/op	   74128 B/op	    1244 allocs/op
BenchmarkMicroBatchBudget_Mixed/MainFastPathDisabled/Burst=500-10           	     385	   3000023 ns/op	   72331 B/op	    1240 allocs/op
BenchmarkMicroBatchBudget_Mixed/MainFastPathDisabled/Burst=500-10           	     386	   3028079 ns/op	   72417 B/op	    1246 allocs/op
BenchmarkMicroBatchBudget_Mixed/MainFastPathDisabled/Burst=1000-10          	     195	   6107122 ns/op	  142642 B/op	    2485 allocs/op
BenchmarkMicroBatchBudget_Mixed/MainFastPathDisabled/Burst=1000-10          	     196	   6432677 ns/op	  156286 B/op	    2480 allocs/op
BenchmarkMicroBatchBudget_Mixed/MainFastPathDisabled/Burst=1000-10          	     146	   7187825 ns/op	  154740 B/op	    2437 allocs/op
BenchmarkMicroBatchBudget_Mixed/MainFastPathDisabled/Burst=1000-10          	     196	   6045771 ns/op	  147211 B/op	    2472 allocs/op
BenchmarkMicroBatchBudget_Mixed/MainFastPathDisabled/Burst=1000-10          	     196	   6151130 ns/op	  159468 B/op	    2485 allocs/op
BenchmarkMicroBatchBudget_Mixed/MainFastPathDisabled/Burst=2000-10          	      91	  12090116 ns/op	  293569 B/op	    4969 allocs/op
BenchmarkMicroBatchBudget_Mixed/MainFastPathDisabled/Burst=2000-10          	     100	  12432774 ns/op	  300808 B/op	    4979 allocs/op
BenchmarkMicroBatchBudget_Mixed/MainFastPathDisabled/Burst=2000-10          	      92	  13933759 ns/op	  306460 B/op	    4947 allocs/op
BenchmarkMicroBatchBudget_Mixed/MainFastPathDisabled/Burst=2000-10          	      72	  19616071 ns/op	  341894 B/op	    4897 allocs/op
BenchmarkMicroBatchBudget_Mixed/MainFastPathDisabled/Burst=2000-10          	      69	  14968122 ns/op	  331741 B/op	    4916 allocs/op
BenchmarkMicroBatchBudget_Mixed/MainFastPathDisabled/Burst=5000-10          	      31	  56403952 ns/op	 1009871 B/op	   10675 allocs/op
BenchmarkMicroBatchBudget_Mixed/MainFastPathDisabled/Burst=5000-10          	      19	  84845432 ns/op	 1090185 B/op	    9929 allocs/op
BenchmarkMicroBatchBudget_Mixed/MainFastPathDisabled/Burst=5000-10          	      15	  95608983 ns/op	 1018600 B/op	   11048 allocs/op
BenchmarkMicroBatchBudget_Mixed/MainFastPathDisabled/Burst=5000-10          	      24	  55777932 ns/op	  934159 B/op	   11619 allocs/op
BenchmarkMicroBatchBudget_Mixed/MainFastPathDisabled/Burst=5000-10          	      26	  41092466 ns/op	  931596 B/op	   11891 allocs/op
BenchmarkMicroBatchBudget_Mixed/AlternateOne/Burst=100-10                   	    1670	    878771 ns/op	    7328 B/op	     152 allocs/op
BenchmarkMicroBatchBudget_Mixed/AlternateOne/Burst=100-10                   	    1188	    914354 ns/op	    7329 B/op	     152 allocs/op
BenchmarkMicroBatchBudget_Mixed/AlternateOne/Burst=100-10                   	    1558	    907793 ns/op	    7328 B/op	     152 allocs/op
BenchmarkMicroBatchBudget_Mixed/AlternateOne/Burst=100-10                   	    1582	    917065 ns/op	    7328 B/op	     152 allocs/op
BenchmarkMicroBatchBudget_Mixed/AlternateOne/Burst=100-10                   	    1405	    959302 ns/op	    7328 B/op	     152 allocs/op
BenchmarkMicroBatchBudget_Mixed/AlternateOne/Burst=500-10                   	     266	   4116922 ns/op	   36219 B/op	     752 allocs/op
BenchmarkMicroBatchBudget_Mixed/AlternateOne/Burst=500-10                   	     363	   3486744 ns/op	   36246 B/op	     752 allocs/op
BenchmarkMicroBatchBudget_Mixed/AlternateOne/Burst=500-10                   	     363	   4112644 ns/op	   36227 B/op	     752 allocs/op
BenchmarkMicroBatchBudget_Mixed/AlternateOne/Burst=500-10                   	     338	   3823081 ns/op	   36204 B/op	     752 allocs/op
BenchmarkMicroBatchBudget_Mixed/AlternateOne/Burst=500-10                   	     321	   3632688 ns/op	   36202 B/op	     752 allocs/op
BenchmarkMicroBatchBudget_Mixed/AlternateOne/Burst=1000-10                  	     157	   7194035 ns/op	   72259 B/op	    1502 allocs/op
BenchmarkMicroBatchBudget_Mixed/AlternateOne/Burst=1000-10                  	     162	   6954740 ns/op	   72298 B/op	    1502 allocs/op
BenchmarkMicroBatchBudget_Mixed/AlternateOne/Burst=1000-10                  	     129	   8998829 ns/op	   72365 B/op	    1502 allocs/op
BenchmarkMicroBatchBudget_Mixed/AlternateOne/Burst=1000-10                  	     130	   9388096 ns/op	   72289 B/op	    1502 allocs/op
BenchmarkMicroBatchBudget_Mixed/AlternateOne/Burst=1000-10                  	     127	   8058248 ns/op	   72316 B/op	    1502 allocs/op
BenchmarkMicroBatchBudget_Mixed/AlternateOne/Burst=2000-10                  	      68	  16979660 ns/op	  144437 B/op	    3002 allocs/op
BenchmarkMicroBatchBudget_Mixed/AlternateOne/Burst=2000-10                  	      84	  16589381 ns/op	  144632 B/op	    3002 allocs/op
BenchmarkMicroBatchBudget_Mixed/AlternateOne/Burst=2000-10                  	      74	  14028370 ns/op	  144760 B/op	    3003 allocs/op
BenchmarkMicroBatchBudget_Mixed/AlternateOne/Burst=2000-10                  	      79	  13073640 ns/op	  144727 B/op	    3002 allocs/op
BenchmarkMicroBatchBudget_Mixed/AlternateOne/Burst=2000-10                  	     100	  13399241 ns/op	  144585 B/op	    3002 allocs/op
BenchmarkMicroBatchBudget_Mixed/AlternateOne/Burst=5000-10                  	      39	  28843523 ns/op	  361995 B/op	    7505 allocs/op
BenchmarkMicroBatchBudget_Mixed/AlternateOne/Burst=5000-10                  	      45	  27607099 ns/op	  362136 B/op	    7504 allocs/op
BenchmarkMicroBatchBudget_Mixed/AlternateOne/Burst=5000-10                  	      43	  28044116 ns/op	  361132 B/op	    7504 allocs/op
BenchmarkMicroBatchBudget_Mixed/AlternateOne/Burst=5000-10                  	      32	  35856656 ns/op	  362214 B/op	    7505 allocs/op
BenchmarkMicroBatchBudget_Mixed/AlternateOne/Burst=5000-10                  	      37	  29541367 ns/op	  362575 B/op	    7505 allocs/op
BenchmarkMicroBatchBudget_Mixed/AlternateTwo/Burst=100-10                   	    2082	    600163 ns/op	    7368 B/op	     152 allocs/op
BenchmarkMicroBatchBudget_Mixed/AlternateTwo/Burst=100-10                   	    2239	    644301 ns/op	    7354 B/op	     152 allocs/op
BenchmarkMicroBatchBudget_Mixed/AlternateTwo/Burst=100-10                   	    1905	    663159 ns/op	    7356 B/op	     152 allocs/op
BenchmarkMicroBatchBudget_Mixed/AlternateTwo/Burst=100-10                   	    1854	    655882 ns/op	    7356 B/op	     152 allocs/op
BenchmarkMicroBatchBudget_Mixed/AlternateTwo/Burst=100-10                   	    1828	    674755 ns/op	    7356 B/op	     152 allocs/op
BenchmarkMicroBatchBudget_Mixed/AlternateTwo/Burst=500-10                   	     340	   3266257 ns/op	   36915 B/op	     753 allocs/op
BenchmarkMicroBatchBudget_Mixed/AlternateTwo/Burst=500-10                   	     372	   3203426 ns/op	   36614 B/op	     752 allocs/op
BenchmarkMicroBatchBudget_Mixed/AlternateTwo/Burst=500-10                   	     368	   3178624 ns/op	   36632 B/op	     752 allocs/op
BenchmarkMicroBatchBudget_Mixed/AlternateTwo/Burst=500-10                   	     376	   3248234 ns/op	   36684 B/op	     752 allocs/op
BenchmarkMicroBatchBudget_Mixed/AlternateTwo/Burst=500-10                   	     367	   3219687 ns/op	   36618 B/op	     752 allocs/op
BenchmarkMicroBatchBudget_Mixed/AlternateTwo/Burst=1000-10                  	     184	   6395462 ns/op	   74646 B/op	    1508 allocs/op
BenchmarkMicroBatchBudget_Mixed/AlternateTwo/Burst=1000-10                  	     184	   6191758 ns/op	   73409 B/op	    1504 allocs/op
BenchmarkMicroBatchBudget_Mixed/AlternateTwo/Burst=1000-10                  	     201	   5540453 ns/op	   73658 B/op	    1506 allocs/op
BenchmarkMicroBatchBudget_Mixed/AlternateTwo/Burst=1000-10                  	     219	   5492743 ns/op	   73395 B/op	    1505 allocs/op
BenchmarkMicroBatchBudget_Mixed/AlternateTwo/Burst=1000-10                  	     180	   6413080 ns/op	   73725 B/op	    1505 allocs/op
BenchmarkMicroBatchBudget_Mixed/AlternateTwo/Burst=2000-10                  	     100	  10954444 ns/op	  149292 B/op	    3015 allocs/op
BenchmarkMicroBatchBudget_Mixed/AlternateTwo/Burst=2000-10                  	     100	  11291732 ns/op	  146182 B/op	    3006 allocs/op
BenchmarkMicroBatchBudget_Mixed/AlternateTwo/Burst=2000-10                  	     100	  11357340 ns/op	  147541 B/op	    3009 allocs/op
BenchmarkMicroBatchBudget_Mixed/AlternateTwo/Burst=2000-10                  	     100	  10854886 ns/op	  147443 B/op	    3011 allocs/op
BenchmarkMicroBatchBudget_Mixed/AlternateTwo/Burst=2000-10                  	     100	  10873122 ns/op	  146904 B/op	    3008 allocs/op
BenchmarkMicroBatchBudget_Mixed/AlternateTwo/Burst=5000-10                  	      46	  28054019 ns/op	  366608 B/op	    7515 allocs/op
BenchmarkMicroBatchBudget_Mixed/AlternateTwo/Burst=5000-10                  	      45	  27795866 ns/op	  365547 B/op	    7510 allocs/op
BenchmarkMicroBatchBudget_Mixed/AlternateTwo/Burst=5000-10                  	      42	  26612412 ns/op	  369717 B/op	    7518 allocs/op
BenchmarkMicroBatchBudget_Mixed/AlternateTwo/Burst=5000-10                  	      43	  28484884 ns/op	  369527 B/op	    7532 allocs/op
BenchmarkMicroBatchBudget_Mixed/AlternateTwo/Burst=5000-10                  	      37	  31756743 ns/op	  366374 B/op	    7514 allocs/op
BenchmarkMicroBatchBudget_Mixed/AlternateThree/Burst=100-10                 	    2173	    554965 ns/op	    7328 B/op	     152 allocs/op
BenchmarkMicroBatchBudget_Mixed/AlternateThree/Burst=100-10                 	    2256	    543943 ns/op	    7328 B/op	     152 allocs/op
BenchmarkMicroBatchBudget_Mixed/AlternateThree/Burst=100-10                 	    2096	    555914 ns/op	    7328 B/op	     152 allocs/op
BenchmarkMicroBatchBudget_Mixed/AlternateThree/Burst=100-10                 	    2253	    539755 ns/op	    7328 B/op	     152 allocs/op
BenchmarkMicroBatchBudget_Mixed/AlternateThree/Burst=100-10                 	    2239	    546849 ns/op	    7328 B/op	     152 allocs/op
BenchmarkMicroBatchBudget_Mixed/AlternateThree/Burst=500-10                 	     445	   2723993 ns/op	   36189 B/op	     752 allocs/op
BenchmarkMicroBatchBudget_Mixed/AlternateThree/Burst=500-10                 	     441	   2739574 ns/op	   36173 B/op	     752 allocs/op
BenchmarkMicroBatchBudget_Mixed/AlternateThree/Burst=500-10                 	     427	   2734639 ns/op	   36183 B/op	     752 allocs/op
BenchmarkMicroBatchBudget_Mixed/AlternateThree/Burst=500-10                 	     448	   2894759 ns/op	   36181 B/op	     752 allocs/op
BenchmarkMicroBatchBudget_Mixed/AlternateThree/Burst=500-10                 	     343	   3042823 ns/op	   36188 B/op	     752 allocs/op
BenchmarkMicroBatchBudget_Mixed/AlternateThree/Burst=1000-10                	     220	   5355339 ns/op	   72251 B/op	    1502 allocs/op
BenchmarkMicroBatchBudget_Mixed/AlternateThree/Burst=1000-10                	     226	   5347998 ns/op	   72245 B/op	    1502 allocs/op
BenchmarkMicroBatchBudget_Mixed/AlternateThree/Burst=1000-10                	     228	   5260408 ns/op	   72254 B/op	    1502 allocs/op
BenchmarkMicroBatchBudget_Mixed/AlternateThree/Burst=1000-10                	     214	   5466657 ns/op	   72262 B/op	    1502 allocs/op
BenchmarkMicroBatchBudget_Mixed/AlternateThree/Burst=1000-10                	     223	   7333739 ns/op	   72266 B/op	    1502 allocs/op
BenchmarkMicroBatchBudget_Mixed/AlternateThree/Burst=2000-10                	     111	  10655843 ns/op	  144387 B/op	    3002 allocs/op
BenchmarkMicroBatchBudget_Mixed/AlternateThree/Burst=2000-10                	     100	  10620671 ns/op	  144488 B/op	    3002 allocs/op
BenchmarkMicroBatchBudget_Mixed/AlternateThree/Burst=2000-10                	     100	  10599566 ns/op	  144497 B/op	    3002 allocs/op
BenchmarkMicroBatchBudget_Mixed/AlternateThree/Burst=2000-10                	     100	  10711588 ns/op	  144556 B/op	    3002 allocs/op
BenchmarkMicroBatchBudget_Mixed/AlternateThree/Burst=2000-10                	      97	  10691051 ns/op	  144546 B/op	    3002 allocs/op
BenchmarkMicroBatchBudget_Mixed/AlternateThree/Burst=5000-10                	      38	  27206383 ns/op	  361117 B/op	    7503 allocs/op
BenchmarkMicroBatchBudget_Mixed/AlternateThree/Burst=5000-10                	      43	  26681220 ns/op	  361452 B/op	    7504 allocs/op
BenchmarkMicroBatchBudget_Mixed/AlternateThree/Burst=5000-10                	      45	  27047596 ns/op	  361167 B/op	    7503 allocs/op
BenchmarkMicroBatchBudget_Mixed/AlternateThree/Burst=5000-10                	      43	  26330199 ns/op	  361055 B/op	    7503 allocs/op
BenchmarkMicroBatchBudget_Mixed/AlternateThree/Burst=5000-10                	      45	  26419628 ns/op	  361497 B/op	    7504 allocs/op
BenchmarkMicroBatchBudget_Mixed/Baseline/Burst=100-10                       	   25402	     47413 ns/op	   11328 B/op	     352 allocs/op
BenchmarkMicroBatchBudget_Mixed/Baseline/Burst=100-10                       	   24589	     49576 ns/op	   11328 B/op	     352 allocs/op
BenchmarkMicroBatchBudget_Mixed/Baseline/Burst=100-10                       	   25566	     46765 ns/op	   11328 B/op	     352 allocs/op
BenchmarkMicroBatchBudget_Mixed/Baseline/Burst=100-10                       	   25675	     46898 ns/op	   11328 B/op	     352 allocs/op
BenchmarkMicroBatchBudget_Mixed/Baseline/Burst=100-10                       	   25648	     46748 ns/op	   11328 B/op	     352 allocs/op
BenchmarkMicroBatchBudget_Mixed/Baseline/Burst=500-10                       	    5144	    229141 ns/op	   56130 B/op	    1752 allocs/op
BenchmarkMicroBatchBudget_Mixed/Baseline/Burst=500-10                       	    5193	    228748 ns/op	   56130 B/op	    1752 allocs/op
BenchmarkMicroBatchBudget_Mixed/Baseline/Burst=500-10                       	    5139	    230298 ns/op	   56130 B/op	    1752 allocs/op
BenchmarkMicroBatchBudget_Mixed/Baseline/Burst=500-10                       	    5131	    232766 ns/op	   56130 B/op	    1752 allocs/op
BenchmarkMicroBatchBudget_Mixed/Baseline/Burst=500-10                       	    5061	    233662 ns/op	   56130 B/op	    1752 allocs/op
BenchmarkMicroBatchBudget_Mixed/Baseline/Burst=1000-10                      	    2532	    459774 ns/op	  112136 B/op	    3502 allocs/op
BenchmarkMicroBatchBudget_Mixed/Baseline/Burst=1000-10                      	    2535	    458308 ns/op	  112136 B/op	    3502 allocs/op
BenchmarkMicroBatchBudget_Mixed/Baseline/Burst=1000-10                      	    2570	    465785 ns/op	  112136 B/op	    3502 allocs/op
BenchmarkMicroBatchBudget_Mixed/Baseline/Burst=1000-10                      	    2552	    457111 ns/op	  112136 B/op	    3502 allocs/op
BenchmarkMicroBatchBudget_Mixed/Baseline/Burst=1000-10                      	    2628	    468059 ns/op	  112136 B/op	    3502 allocs/op
BenchmarkMicroBatchBudget_Mixed/Baseline/Burst=2000-10                      	    1268	    946518 ns/op	  224156 B/op	    7002 allocs/op
BenchmarkMicroBatchBudget_Mixed/Baseline/Burst=2000-10                      	    1304	    946584 ns/op	  224156 B/op	    7002 allocs/op
BenchmarkMicroBatchBudget_Mixed/Baseline/Burst=2000-10                      	    1263	    945437 ns/op	  224156 B/op	    7002 allocs/op
BenchmarkMicroBatchBudget_Mixed/Baseline/Burst=2000-10                      	    1266	    939799 ns/op	  224158 B/op	    7002 allocs/op
BenchmarkMicroBatchBudget_Mixed/Baseline/Burst=2000-10                      	    1276	    917508 ns/op	  224156 B/op	    7002 allocs/op
BenchmarkMicroBatchBudget_Mixed/Baseline/Burst=5000-10                      	     511	   2344217 ns/op	  560368 B/op	   17502 allocs/op
BenchmarkMicroBatchBudget_Mixed/Baseline/Burst=5000-10                      	     526	   2344371 ns/op	  560280 B/op	   17502 allocs/op
BenchmarkMicroBatchBudget_Mixed/Baseline/Burst=5000-10                      	     506	   2299570 ns/op	  560286 B/op	   17502 allocs/op
BenchmarkMicroBatchBudget_Mixed/Baseline/Burst=5000-10                      	     504	   2340093 ns/op	  560285 B/op	   17502 allocs/op
BenchmarkMicroBatchBudget_Mixed/Baseline/Burst=5000-10                      	     506	   2309195 ns/op	  560334 B/op	   17502 allocs/op
BenchmarkMicroCASContention/Main/N=01-10                                    	 6031046	       189.4 ns/op	     159 B/op	       1 allocs/op
BenchmarkMicroCASContention/Main/N=01-10                                    	 6237878	       186.6 ns/op	     154 B/op	       1 allocs/op
BenchmarkMicroCASContention/Main/N=01-10                                    	 5968400	       187.7 ns/op	     152 B/op	       1 allocs/op
BenchmarkMicroCASContention/Main/N=01-10                                    	 5908419	       195.7 ns/op	     146 B/op	       1 allocs/op
BenchmarkMicroCASContention/Main/N=01-10                                    	 6083653	       195.2 ns/op	     145 B/op	       1 allocs/op
BenchmarkMicroCASContention/Main/N=02-10                                    	 4939184	       237.5 ns/op	     142 B/op	       1 allocs/op
BenchmarkMicroCASContention/Main/N=02-10                                    	 4834549	       241.5 ns/op	     146 B/op	       1 allocs/op
BenchmarkMicroCASContention/Main/N=02-10                                    	 4707250	       229.3 ns/op	     152 B/op	       1 allocs/op
BenchmarkMicroCASContention/Main/N=02-10                                    	 4756626	       240.0 ns/op	     141 B/op	       1 allocs/op
BenchmarkMicroCASContention/Main/N=02-10                                    	 4859533	       237.0 ns/op	     140 B/op	       1 allocs/op
BenchmarkMicroCASContention/Main/N=04-10                                    	 4544482	       265.6 ns/op	     190 B/op	       1 allocs/op
BenchmarkMicroCASContention/Main/N=04-10                                    	 4631793	       258.1 ns/op	     191 B/op	       1 allocs/op
BenchmarkMicroCASContention/Main/N=04-10                                    	 4614559	       267.0 ns/op	     189 B/op	       1 allocs/op
BenchmarkMicroCASContention/Main/N=04-10                                    	 4572118	       269.4 ns/op	     187 B/op	       1 allocs/op
BenchmarkMicroCASContention/Main/N=04-10                                    	 4507934	       268.0 ns/op	     191 B/op	       1 allocs/op
BenchmarkMicroCASContention/Main/N=08-10                                    	 4001902	       266.8 ns/op	     245 B/op	       1 allocs/op
BenchmarkMicroCASContention/Main/N=08-10                                    	 4274960	       266.9 ns/op	     244 B/op	       1 allocs/op
BenchmarkMicroCASContention/Main/N=08-10                                    	 4365940	       264.7 ns/op	     251 B/op	       1 allocs/op
BenchmarkMicroCASContention/Main/N=08-10                                    	 4206378	       266.0 ns/op	     244 B/op	       1 allocs/op
BenchmarkMicroCASContention/Main/N=08-10                                    	 4171200	       263.8 ns/op	     247 B/op	       1 allocs/op
BenchmarkMicroCASContention/Main/N=16-10                                    	 4371309	       269.3 ns/op	     299 B/op	       1 allocs/op
BenchmarkMicroCASContention/Main/N=16-10                                    	 4420666	       262.5 ns/op	     297 B/op	       1 allocs/op
BenchmarkMicroCASContention/Main/N=16-10                                    	 4302674	       266.3 ns/op	     288 B/op	       1 allocs/op
BenchmarkMicroCASContention/Main/N=16-10                                    	 4403108	       265.5 ns/op	     300 B/op	       1 allocs/op
BenchmarkMicroCASContention/Main/N=16-10                                    	 4363984	       269.8 ns/op	     300 B/op	       1 allocs/op
BenchmarkMicroCASContention/Main/N=32-10                                    	 4351136	       267.6 ns/op	     335 B/op	       1 allocs/op
BenchmarkMicroCASContention/Main/N=32-10                                    	 4467082	       263.8 ns/op	     333 B/op	       1 allocs/op
BenchmarkMicroCASContention/Main/N=32-10                                    	 4447410	       264.0 ns/op	     332 B/op	       1 allocs/op
BenchmarkMicroCASContention/Main/N=32-10                                    	 4403461	       260.8 ns/op	     333 B/op	       1 allocs/op
BenchmarkMicroCASContention/Main/N=32-10                                    	 4579928	       259.4 ns/op	     335 B/op	       1 allocs/op
BenchmarkMicroCASContention/MainFastPathForced/N=01-10                      	 6041043	       195.3 ns/op	     143 B/op	       1 allocs/op
BenchmarkMicroCASContention/MainFastPathForced/N=01-10                      	 6007900	       187.7 ns/op	     148 B/op	       1 allocs/op
BenchmarkMicroCASContention/MainFastPathForced/N=01-10                      	 5948338	       189.2 ns/op	     154 B/op	       1 allocs/op
BenchmarkMicroCASContention/MainFastPathForced/N=01-10                      	 5761928	       189.7 ns/op	     154 B/op	       1 allocs/op
BenchmarkMicroCASContention/MainFastPathForced/N=01-10                      	 6095480	       192.6 ns/op	     140 B/op	       1 allocs/op
BenchmarkMicroCASContention/MainFastPathForced/N=02-10                      	 5036704	       239.6 ns/op	     143 B/op	       1 allocs/op
BenchmarkMicroCASContention/MainFastPathForced/N=02-10                      	 4680674	       236.3 ns/op	     152 B/op	       1 allocs/op
BenchmarkMicroCASContention/MainFastPathForced/N=02-10                      	 4963825	       240.6 ns/op	     151 B/op	       1 allocs/op
BenchmarkMicroCASContention/MainFastPathForced/N=02-10                      	 4840245	       228.1 ns/op	     151 B/op	       1 allocs/op
BenchmarkMicroCASContention/MainFastPathForced/N=02-10                      	 4889281	       236.3 ns/op	     145 B/op	       1 allocs/op
BenchmarkMicroCASContention/MainFastPathForced/N=04-10                      	 4678327	       262.0 ns/op	     187 B/op	       1 allocs/op
BenchmarkMicroCASContention/MainFastPathForced/N=04-10                      	 4651652	       265.5 ns/op	     200 B/op	       1 allocs/op
BenchmarkMicroCASContention/MainFastPathForced/N=04-10                      	 4475149	       264.6 ns/op	     191 B/op	       1 allocs/op
BenchmarkMicroCASContention/MainFastPathForced/N=04-10                      	 4557476	       264.1 ns/op	     195 B/op	       1 allocs/op
BenchmarkMicroCASContention/MainFastPathForced/N=04-10                      	 4445870	       268.2 ns/op	     194 B/op	       1 allocs/op
BenchmarkMicroCASContention/MainFastPathForced/N=08-10                      	 4129225	       271.2 ns/op	     246 B/op	       1 allocs/op
BenchmarkMicroCASContention/MainFastPathForced/N=08-10                      	 3862766	       268.2 ns/op	     248 B/op	       1 allocs/op
BenchmarkMicroCASContention/MainFastPathForced/N=08-10                      	 4275496	       264.2 ns/op	     243 B/op	       1 allocs/op
BenchmarkMicroCASContention/MainFastPathForced/N=08-10                      	 4310583	       264.3 ns/op	     244 B/op	       1 allocs/op
BenchmarkMicroCASContention/MainFastPathForced/N=08-10                      	 4338655	       270.3 ns/op	     241 B/op	       1 allocs/op
BenchmarkMicroCASContention/MainFastPathForced/N=16-10                      	 4295053	       267.5 ns/op	     289 B/op	       1 allocs/op
BenchmarkMicroCASContention/MainFastPathForced/N=16-10                      	 4485225	       273.0 ns/op	     296 B/op	       1 allocs/op
BenchmarkMicroCASContention/MainFastPathForced/N=16-10                      	 4405370	       266.4 ns/op	     303 B/op	       1 allocs/op
BenchmarkMicroCASContention/MainFastPathForced/N=16-10                      	 4283421	       266.3 ns/op	     301 B/op	       1 allocs/op
BenchmarkMicroCASContention/MainFastPathForced/N=16-10                      	 4449508	       267.1 ns/op	     306 B/op	       1 allocs/op
BenchmarkMicroCASContention/MainFastPathForced/N=32-10                      	 4334155	       260.6 ns/op	     341 B/op	       1 allocs/op
BenchmarkMicroCASContention/MainFastPathForced/N=32-10                      	 4454606	       267.6 ns/op	     344 B/op	       1 allocs/op
BenchmarkMicroCASContention/MainFastPathForced/N=32-10                      	 4344762	       265.2 ns/op	     349 B/op	       1 allocs/op
BenchmarkMicroCASContention/MainFastPathForced/N=32-10                      	 4416183	       263.0 ns/op	     345 B/op	       1 allocs/op
BenchmarkMicroCASContention/MainFastPathForced/N=32-10                      	 4486790	       257.7 ns/op	     351 B/op	       1 allocs/op
BenchmarkMicroCASContention/MainFastPathDisabled/N=01-10                    	 5780535	       217.7 ns/op	     211 B/op	       1 allocs/op
BenchmarkMicroCASContention/MainFastPathDisabled/N=01-10                    	 5557476	       226.6 ns/op	     237 B/op	       1 allocs/op
BenchmarkMicroCASContention/MainFastPathDisabled/N=01-10                    	 5856716	       203.3 ns/op	     188 B/op	       1 allocs/op
BenchmarkMicroCASContention/MainFastPathDisabled/N=01-10                    	 5800470	       208.3 ns/op	     192 B/op	       1 allocs/op
BenchmarkMicroCASContention/MainFastPathDisabled/N=01-10                    	 6048794	       215.4 ns/op	     206 B/op	       1 allocs/op
BenchmarkMicroCASContention/MainFastPathDisabled/N=02-10                    	 4807305	       267.2 ns/op	     198 B/op	       1 allocs/op
BenchmarkMicroCASContention/MainFastPathDisabled/N=02-10                    	 4741270	       256.7 ns/op	     188 B/op	       1 allocs/op
BenchmarkMicroCASContention/MainFastPathDisabled/N=02-10                    	 4252186	       252.3 ns/op	     186 B/op	       1 allocs/op
BenchmarkMicroCASContention/MainFastPathDisabled/N=02-10                    	 4723911	       251.3 ns/op	     187 B/op	       1 allocs/op
BenchmarkMicroCASContention/MainFastPathDisabled/N=02-10                    	 4606352	       259.2 ns/op	     187 B/op	       1 allocs/op
BenchmarkMicroCASContention/MainFastPathDisabled/N=04-10                    	 4305628	       272.8 ns/op	     213 B/op	       1 allocs/op
BenchmarkMicroCASContention/MainFastPathDisabled/N=04-10                    	 4222730	       282.6 ns/op	     228 B/op	       1 allocs/op
BenchmarkMicroCASContention/MainFastPathDisabled/N=04-10                    	 3960952	       281.2 ns/op	     220 B/op	       1 allocs/op
BenchmarkMicroCASContention/MainFastPathDisabled/N=04-10                    	 4097104	       282.2 ns/op	     230 B/op	       1 allocs/op
BenchmarkMicroCASContention/MainFastPathDisabled/N=04-10                    	 4012422	       279.9 ns/op	     225 B/op	       1 allocs/op
BenchmarkMicroCASContention/MainFastPathDisabled/N=08-10                    	 4067034	       284.2 ns/op	     275 B/op	       1 allocs/op
BenchmarkMicroCASContention/MainFastPathDisabled/N=08-10                    	 4078051	       286.4 ns/op	     266 B/op	       1 allocs/op
BenchmarkMicroCASContention/MainFastPathDisabled/N=08-10                    	 4211038	       324.7 ns/op	     278 B/op	       1 allocs/op
BenchmarkMicroCASContention/MainFastPathDisabled/N=08-10                    	 4413832	       279.6 ns/op	     270 B/op	       1 allocs/op
BenchmarkMicroCASContention/MainFastPathDisabled/N=08-10                    	 4141477	       272.6 ns/op	     260 B/op	       1 allocs/op
BenchmarkMicroCASContention/MainFastPathDisabled/N=16-10                    	 4172383	       278.6 ns/op	     297 B/op	       1 allocs/op
BenchmarkMicroCASContention/MainFastPathDisabled/N=16-10                    	 4016894	       279.5 ns/op	     304 B/op	       1 allocs/op
BenchmarkMicroCASContention/MainFastPathDisabled/N=16-10                    	 4190000	       293.4 ns/op	     302 B/op	       1 allocs/op
BenchmarkMicroCASContention/MainFastPathDisabled/N=16-10                    	 4232706	       331.4 ns/op	     323 B/op	       1 allocs/op
BenchmarkMicroCASContention/MainFastPathDisabled/N=16-10                    	 3993474	       278.7 ns/op	     299 B/op	       1 allocs/op
BenchmarkMicroCASContention/MainFastPathDisabled/N=32-10                    	 4169208	       268.2 ns/op	     338 B/op	       1 allocs/op
BenchmarkMicroCASContention/MainFastPathDisabled/N=32-10                    	 3988660	       267.9 ns/op	     338 B/op	       1 allocs/op
BenchmarkMicroCASContention/MainFastPathDisabled/N=32-10                    	 4292560	       260.0 ns/op	     335 B/op	       1 allocs/op
BenchmarkMicroCASContention/MainFastPathDisabled/N=32-10                    	 4184833	       283.8 ns/op	     348 B/op	       1 allocs/op
BenchmarkMicroCASContention/MainFastPathDisabled/N=32-10                    	 4097206	       281.9 ns/op	     349 B/op	       1 allocs/op
BenchmarkMicroCASContention/AlternateOne/N=01-10                            	 7627976	       147.6 ns/op	      16 B/op	       1 allocs/op
BenchmarkMicroCASContention/AlternateOne/N=01-10                            	 7580185	       155.1 ns/op	      16 B/op	       1 allocs/op
BenchmarkMicroCASContention/AlternateOne/N=01-10                            	 7758394	       155.5 ns/op	      16 B/op	       1 allocs/op
BenchmarkMicroCASContention/AlternateOne/N=01-10                            	 7929163	       157.9 ns/op	      16 B/op	       1 allocs/op
BenchmarkMicroCASContention/AlternateOne/N=01-10                            	 7659590	       162.5 ns/op	      16 B/op	       1 allocs/op
BenchmarkMicroCASContention/AlternateOne/N=02-10                            	 7974951	       171.9 ns/op	      29 B/op	       1 allocs/op
BenchmarkMicroCASContention/AlternateOne/N=02-10                            	 6804692	       148.2 ns/op	      27 B/op	       1 allocs/op
BenchmarkMicroCASContention/AlternateOne/N=02-10                            	 7176523	       174.9 ns/op	      29 B/op	       1 allocs/op
BenchmarkMicroCASContention/AlternateOne/N=02-10                            	 7425140	       145.8 ns/op	      27 B/op	       1 allocs/op
BenchmarkMicroCASContention/AlternateOne/N=02-10                            	 7141186	       164.8 ns/op	      30 B/op	       1 allocs/op
BenchmarkMicroCASContention/AlternateOne/N=04-10                            	 7687878	       177.7 ns/op	      33 B/op	       1 allocs/op
BenchmarkMicroCASContention/AlternateOne/N=04-10                            	 8278675	       139.7 ns/op	      19 B/op	       1 allocs/op
BenchmarkMicroCASContention/AlternateOne/N=04-10                            	 6939579	       148.4 ns/op	      33 B/op	       1 allocs/op
BenchmarkMicroCASContention/AlternateOne/N=04-10                            	 7984657	       151.3 ns/op	      33 B/op	       1 allocs/op
BenchmarkMicroCASContention/AlternateOne/N=04-10                            	 7118344	       146.3 ns/op	      33 B/op	       1 allocs/op
BenchmarkMicroCASContention/AlternateOne/N=08-10                            	 7128360	       165.1 ns/op	      34 B/op	       1 allocs/op
BenchmarkMicroCASContention/AlternateOne/N=08-10                            	 7139658	       153.0 ns/op	      35 B/op	       1 allocs/op
BenchmarkMicroCASContention/AlternateOne/N=08-10                            	 7215500	       165.1 ns/op	      35 B/op	       1 allocs/op
BenchmarkMicroCASContention/AlternateOne/N=08-10                            	 7730642	       164.6 ns/op	      35 B/op	       1 allocs/op
BenchmarkMicroCASContention/AlternateOne/N=08-10                            	 7076803	       155.9 ns/op	      35 B/op	       1 allocs/op
BenchmarkMicroCASContention/AlternateOne/N=16-10                            	 7173040	       168.8 ns/op	      36 B/op	       1 allocs/op
BenchmarkMicroCASContention/AlternateOne/N=16-10                            	 7690240	       157.3 ns/op	      36 B/op	       1 allocs/op
BenchmarkMicroCASContention/AlternateOne/N=16-10                            	 7318238	       157.2 ns/op	      36 B/op	       1 allocs/op
BenchmarkMicroCASContention/AlternateOne/N=16-10                            	 7650812	       167.4 ns/op	      36 B/op	       1 allocs/op
BenchmarkMicroCASContention/AlternateOne/N=16-10                            	 7632962	       157.7 ns/op	      36 B/op	       1 allocs/op
BenchmarkMicroCASContention/AlternateOne/N=32-10                            	 7521213	       152.9 ns/op	      36 B/op	       1 allocs/op
BenchmarkMicroCASContention/AlternateOne/N=32-10                            	 7443050	       160.3 ns/op	      36 B/op	       1 allocs/op
BenchmarkMicroCASContention/AlternateOne/N=32-10                            	 7801687	       162.3 ns/op	      36 B/op	       1 allocs/op
BenchmarkMicroCASContention/AlternateOne/N=32-10                            	 7815117	       159.6 ns/op	      36 B/op	       1 allocs/op
BenchmarkMicroCASContention/AlternateOne/N=32-10                            	 7508590	       161.5 ns/op	      36 B/op	       1 allocs/op
BenchmarkMicroCASContention/AlternateTwo/N=01-10                            	 9250226	       137.5 ns/op	      16 B/op	       1 allocs/op
BenchmarkMicroCASContention/AlternateTwo/N=01-10                            	 8683546	       126.2 ns/op	      16 B/op	       1 allocs/op
BenchmarkMicroCASContention/AlternateTwo/N=01-10                            	11029102	       123.5 ns/op	      16 B/op	       1 allocs/op
BenchmarkMicroCASContention/AlternateTwo/N=01-10                            	 9872395	       138.6 ns/op	      16 B/op	       1 allocs/op
BenchmarkMicroCASContention/AlternateTwo/N=01-10                            	 9412474	       132.4 ns/op	      16 B/op	       1 allocs/op
BenchmarkMicroCASContention/AlternateTwo/N=02-10                            	 6289056	       173.8 ns/op	      26 B/op	       1 allocs/op
BenchmarkMicroCASContention/AlternateTwo/N=02-10                            	 7004306	       187.9 ns/op	      21 B/op	       1 allocs/op
BenchmarkMicroCASContention/AlternateTwo/N=02-10                            	 7185844	       198.6 ns/op	      23 B/op	       1 allocs/op
BenchmarkMicroCASContention/AlternateTwo/N=02-10                            	 6984015	       195.8 ns/op	      21 B/op	       1 allocs/op
BenchmarkMicroCASContention/AlternateTwo/N=02-10                            	 7219410	       203.4 ns/op	      22 B/op	       1 allocs/op
BenchmarkMicroCASContention/AlternateTwo/N=04-10                            	 6572251	       191.1 ns/op	      25 B/op	       1 allocs/op
BenchmarkMicroCASContention/AlternateTwo/N=04-10                            	 6200467	       178.3 ns/op	      29 B/op	       1 allocs/op
BenchmarkMicroCASContention/AlternateTwo/N=04-10                            	 6233322	       179.4 ns/op	      30 B/op	       1 allocs/op
BenchmarkMicroCASContention/AlternateTwo/N=04-10                            	 6353587	       180.4 ns/op	      26 B/op	       1 allocs/op
BenchmarkMicroCASContention/AlternateTwo/N=04-10                            	 6235172	       182.5 ns/op	      28 B/op	       1 allocs/op
BenchmarkMicroCASContention/AlternateTwo/N=08-10                            	 7673259	       194.9 ns/op	      28 B/op	       1 allocs/op
BenchmarkMicroCASContention/AlternateTwo/N=08-10                            	 8582214	       199.9 ns/op	      26 B/op	       1 allocs/op
BenchmarkMicroCASContention/AlternateTwo/N=08-10                            	 8439836	       202.9 ns/op	      18 B/op	       1 allocs/op
BenchmarkMicroCASContention/AlternateTwo/N=08-10                            	 8498594	       200.6 ns/op	      21 B/op	       1 allocs/op
BenchmarkMicroCASContention/AlternateTwo/N=08-10                            	 8592314	       198.5 ns/op	      18 B/op	       1 allocs/op
BenchmarkMicroCASContention/AlternateTwo/N=16-10                            	 8429752	       183.1 ns/op	      28 B/op	       1 allocs/op
BenchmarkMicroCASContention/AlternateTwo/N=16-10                            	 9361456	       189.7 ns/op	      27 B/op	       1 allocs/op
BenchmarkMicroCASContention/AlternateTwo/N=16-10                            	 8953755	       196.9 ns/op	      22 B/op	       1 allocs/op
BenchmarkMicroCASContention/AlternateTwo/N=16-10                            	 8742766	       186.5 ns/op	      31 B/op	       1 allocs/op
BenchmarkMicroCASContention/AlternateTwo/N=16-10                            	 9209082	       188.1 ns/op	      28 B/op	       1 allocs/op
BenchmarkMicroCASContention/AlternateTwo/N=32-10                            	 9246015	       174.6 ns/op	      29 B/op	       1 allocs/op
BenchmarkMicroCASContention/AlternateTwo/N=32-10                            	 9791180	       175.6 ns/op	      30 B/op	       1 allocs/op
BenchmarkMicroCASContention/AlternateTwo/N=32-10                            	 9886951	       181.5 ns/op	      29 B/op	       1 allocs/op
BenchmarkMicroCASContention/AlternateTwo/N=32-10                            	 9684728	       181.3 ns/op	      31 B/op	       1 allocs/op
BenchmarkMicroCASContention/AlternateTwo/N=32-10                            	10392572	       175.4 ns/op	      29 B/op	       1 allocs/op
BenchmarkMicroCASContention/AlternateThree/N=01-10                          	15252588	        76.07 ns/op	      16 B/op	       1 allocs/op
BenchmarkMicroCASContention/AlternateThree/N=01-10                          	15571935	        77.31 ns/op	      16 B/op	       1 allocs/op
BenchmarkMicroCASContention/AlternateThree/N=01-10                          	15219830	        76.53 ns/op	      16 B/op	       1 allocs/op
BenchmarkMicroCASContention/AlternateThree/N=01-10                          	15768846	        77.67 ns/op	      16 B/op	       1 allocs/op
BenchmarkMicroCASContention/AlternateThree/N=01-10                          	13758436	        86.01 ns/op	      16 B/op	       1 allocs/op
BenchmarkMicroCASContention/AlternateThree/N=02-10                          	 9017005	       130.0 ns/op	      16 B/op	       1 allocs/op
BenchmarkMicroCASContention/AlternateThree/N=02-10                          	 9281166	       131.9 ns/op	      16 B/op	       1 allocs/op
BenchmarkMicroCASContention/AlternateThree/N=02-10                          	 9317270	       132.0 ns/op	      16 B/op	       1 allocs/op
BenchmarkMicroCASContention/AlternateThree/N=02-10                          	 8983063	       132.1 ns/op	      16 B/op	       1 allocs/op
BenchmarkMicroCASContention/AlternateThree/N=02-10                          	 9235182	       131.8 ns/op	      16 B/op	       1 allocs/op
BenchmarkMicroCASContention/AlternateThree/N=04-10                          	 7376145	       161.8 ns/op	      16 B/op	       1 allocs/op
BenchmarkMicroCASContention/AlternateThree/N=04-10                          	 7408758	       162.8 ns/op	      16 B/op	       1 allocs/op
BenchmarkMicroCASContention/AlternateThree/N=04-10                          	 7463385	       162.4 ns/op	      16 B/op	       1 allocs/op
BenchmarkMicroCASContention/AlternateThree/N=04-10                          	 7446088	       162.2 ns/op	      16 B/op	       1 allocs/op
BenchmarkMicroCASContention/AlternateThree/N=04-10                          	 7356243	       159.2 ns/op	      16 B/op	       1 allocs/op
BenchmarkMicroCASContention/AlternateThree/N=08-10                          	 7791340	       156.0 ns/op	      16 B/op	       1 allocs/op
BenchmarkMicroCASContention/AlternateThree/N=08-10                          	 7663136	       156.9 ns/op	      16 B/op	       1 allocs/op
BenchmarkMicroCASContention/AlternateThree/N=08-10                          	 7582672	       156.8 ns/op	      16 B/op	       1 allocs/op
BenchmarkMicroCASContention/AlternateThree/N=08-10                          	 7675429	       156.1 ns/op	      16 B/op	       1 allocs/op
BenchmarkMicroCASContention/AlternateThree/N=08-10                          	 7600592	       156.4 ns/op	      16 B/op	       1 allocs/op
BenchmarkMicroCASContention/AlternateThree/N=16-10                          	 7802676	       152.0 ns/op	      16 B/op	       1 allocs/op
BenchmarkMicroCASContention/AlternateThree/N=16-10                          	 7741244	       150.4 ns/op	      16 B/op	       1 allocs/op
BenchmarkMicroCASContention/AlternateThree/N=16-10                          	 8288539	       146.9 ns/op	      16 B/op	       1 allocs/op
BenchmarkMicroCASContention/AlternateThree/N=16-10                          	 8115793	       148.3 ns/op	      16 B/op	       1 allocs/op
BenchmarkMicroCASContention/AlternateThree/N=16-10                          	 8079787	       149.4 ns/op	      16 B/op	       1 allocs/op
BenchmarkMicroCASContention/AlternateThree/N=32-10                          	 8308941	       140.9 ns/op	      16 B/op	       1 allocs/op
BenchmarkMicroCASContention/AlternateThree/N=32-10                          	 8429262	       141.5 ns/op	      16 B/op	       1 allocs/op
BenchmarkMicroCASContention/AlternateThree/N=32-10                          	 8544796	       142.6 ns/op	      16 B/op	       1 allocs/op
BenchmarkMicroCASContention/AlternateThree/N=32-10                          	 8476588	       140.8 ns/op	      16 B/op	       1 allocs/op
BenchmarkMicroCASContention/AlternateThree/N=32-10                          	 8375308	       140.7 ns/op	      16 B/op	       1 allocs/op
BenchmarkMicroCASContention/Baseline/N=01-10                                	 9398596	       113.8 ns/op	      56 B/op	       3 allocs/op
BenchmarkMicroCASContention/Baseline/N=01-10                                	12450440	       107.0 ns/op	      56 B/op	       3 allocs/op
BenchmarkMicroCASContention/Baseline/N=01-10                                	11265154	       105.0 ns/op	      56 B/op	       3 allocs/op
BenchmarkMicroCASContention/Baseline/N=01-10                                	11716130	        97.62 ns/op	      56 B/op	       3 allocs/op
BenchmarkMicroCASContention/Baseline/N=01-10                                	11802882	        97.62 ns/op	      56 B/op	       3 allocs/op
BenchmarkMicroCASContention/Baseline/N=02-10                                	 8685576	       166.9 ns/op	      56 B/op	       3 allocs/op
BenchmarkMicroCASContention/Baseline/N=02-10                                	 9133276	       133.4 ns/op	      56 B/op	       3 allocs/op
BenchmarkMicroCASContention/Baseline/N=02-10                                	 8814517	       136.0 ns/op	      56 B/op	       3 allocs/op
BenchmarkMicroCASContention/Baseline/N=02-10                                	 7545128	       145.5 ns/op	      56 B/op	       3 allocs/op
BenchmarkMicroCASContention/Baseline/N=02-10                                	 8829033	       132.6 ns/op	      56 B/op	       3 allocs/op
BenchmarkMicroCASContention/Baseline/N=04-10                                	 5417570	       248.3 ns/op	      56 B/op	       3 allocs/op
BenchmarkMicroCASContention/Baseline/N=04-10                                	 5449208	       218.9 ns/op	      56 B/op	       3 allocs/op
BenchmarkMicroCASContention/Baseline/N=04-10                                	 5441346	       222.9 ns/op	      56 B/op	       3 allocs/op
BenchmarkMicroCASContention/Baseline/N=04-10                                	 5570887	       220.7 ns/op	      56 B/op	       3 allocs/op
BenchmarkMicroCASContention/Baseline/N=04-10                                	 5367375	       218.6 ns/op	      56 B/op	       3 allocs/op
BenchmarkMicroCASContention/Baseline/N=08-10                                	 5463932	       241.0 ns/op	      56 B/op	       3 allocs/op
BenchmarkMicroCASContention/Baseline/N=08-10                                	 5516592	       216.7 ns/op	      56 B/op	       3 allocs/op
BenchmarkMicroCASContention/Baseline/N=08-10                                	 5489964	       217.4 ns/op	      56 B/op	       3 allocs/op
BenchmarkMicroCASContention/Baseline/N=08-10                                	 5510400	       214.4 ns/op	      56 B/op	       3 allocs/op
BenchmarkMicroCASContention/Baseline/N=08-10                                	 5550081	       217.7 ns/op	      56 B/op	       3 allocs/op
BenchmarkMicroCASContention/Baseline/N=16-10                                	 5728614	       236.2 ns/op	      56 B/op	       3 allocs/op
BenchmarkMicroCASContention/Baseline/N=16-10                                	 5648990	       208.2 ns/op	      56 B/op	       3 allocs/op
BenchmarkMicroCASContention/Baseline/N=16-10                                	 5671940	       208.4 ns/op	      56 B/op	       3 allocs/op
BenchmarkMicroCASContention/Baseline/N=16-10                                	 5699439	       206.2 ns/op	      56 B/op	       3 allocs/op
BenchmarkMicroCASContention/Baseline/N=16-10                                	 5883403	       204.0 ns/op	      56 B/op	       3 allocs/op
BenchmarkMicroCASContention/Baseline/N=32-10                                	 6179154	       211.3 ns/op	      56 B/op	       3 allocs/op
BenchmarkMicroCASContention/Baseline/N=32-10                                	 6212367	       193.6 ns/op	      56 B/op	       3 allocs/op
BenchmarkMicroCASContention/Baseline/N=32-10                                	 6079632	       194.5 ns/op	      56 B/op	       3 allocs/op
BenchmarkMicroCASContention/Baseline/N=32-10                                	 6110736	       193.4 ns/op	      56 B/op	       3 allocs/op
BenchmarkMicroCASContention/Baseline/N=32-10                                	 6141120	       194.9 ns/op	      56 B/op	       3 allocs/op
BenchmarkMicroCASContention_Latency/Main-10                                 	  624769	      1900 ns/op	      1209 p50_ns	      5000 p95_ns	      9709 p99_ns	     128 B/op	       2 allocs/op
BenchmarkMicroCASContention_Latency/Main-10                                 	  613072	      1850 ns/op	      1208 p50_ns	      4625 p95_ns	      9208 p99_ns	     128 B/op	       2 allocs/op
BenchmarkMicroCASContention_Latency/Main-10                                 	  594991	      1912 ns/op	      1209 p50_ns	      5042 p95_ns	      9875 p99_ns	     128 B/op	       2 allocs/op
BenchmarkMicroCASContention_Latency/Main-10                                 	  617067	      1886 ns/op	      1250 p50_ns	      4666 p95_ns	      8917 p99_ns	     128 B/op	       2 allocs/op
BenchmarkMicroCASContention_Latency/Main-10                                 	  626990	      1862 ns/op	      1250 p50_ns	      4250 p95_ns	      8167 p99_ns	     128 B/op	       2 allocs/op
BenchmarkMicroCASContention_Latency/MainFastPathForced-10                   	  645247	      1874 ns/op	      1250 p50_ns	      4292 p95_ns	      8167 p99_ns	     128 B/op	       2 allocs/op
BenchmarkMicroCASContention_Latency/MainFastPathForced-10                   	  642432	      1846 ns/op	      1250 p50_ns	      4209 p95_ns	      8125 p99_ns	     128 B/op	       2 allocs/op
BenchmarkMicroCASContention_Latency/MainFastPathForced-10                   	  630736	      1869 ns/op	      1250 p50_ns	      4292 p95_ns	      8208 p99_ns	     128 B/op	       2 allocs/op
BenchmarkMicroCASContention_Latency/MainFastPathForced-10                   	  642369	      1858 ns/op	      1250 p50_ns	      4250 p95_ns	      8250 p99_ns	     128 B/op	       2 allocs/op
BenchmarkMicroCASContention_Latency/MainFastPathForced-10                   	  655226	      1857 ns/op	      1250 p50_ns	      4333 p95_ns	      8209 p99_ns	     128 B/op	       2 allocs/op
BenchmarkMicroCASContention_Latency/MainFastPathDisabled-10                 	   97694	     11951 ns/op	     10417 p50_ns	     21750 p95_ns	     26833 p99_ns	     159 B/op	       3 allocs/op
BenchmarkMicroCASContention_Latency/MainFastPathDisabled-10                 	  102502	     11790 ns/op	     10333 p50_ns	     21334 p95_ns	     26542 p99_ns	     159 B/op	       3 allocs/op
BenchmarkMicroCASContention_Latency/MainFastPathDisabled-10                 	  107162	     11744 ns/op	     10250 p50_ns	     21500 p95_ns	     26667 p99_ns	     159 B/op	       3 allocs/op
BenchmarkMicroCASContention_Latency/MainFastPathDisabled-10                 	  102240	     11827 ns/op	     10333 p50_ns	     21458 p95_ns	     26375 p99_ns	     159 B/op	       3 allocs/op
BenchmarkMicroCASContention_Latency/MainFastPathDisabled-10                 	   99745	     11871 ns/op	     10416 p50_ns	     21250 p95_ns	     26333 p99_ns	     159 B/op	       3 allocs/op
BenchmarkMicroCASContention_Latency/AlternateOne-10                         	  110025	     10705 ns/op	      9667 p50_ns	     16583 p95_ns	     22958 p99_ns	     128 B/op	       2 allocs/op
BenchmarkMicroCASContention_Latency/AlternateOne-10                         	  107550	     10713 ns/op	      9750 p50_ns	     16125 p95_ns	     22125 p99_ns	     128 B/op	       2 allocs/op
BenchmarkMicroCASContention_Latency/AlternateOne-10                         	  109822	     10818 ns/op	      9709 p50_ns	     16750 p95_ns	     22833 p99_ns	     128 B/op	       2 allocs/op
BenchmarkMicroCASContention_Latency/AlternateOne-10                         	  108735	     10715 ns/op	      9708 p50_ns	     16333 p95_ns	     22333 p99_ns	     128 B/op	       2 allocs/op
BenchmarkMicroCASContention_Latency/AlternateOne-10                         	  113695	     10654 ns/op	      9667 p50_ns	     16000 p95_ns	     21833 p99_ns	     128 B/op	       2 allocs/op
BenchmarkMicroCASContention_Latency/AlternateTwo-10                         	  114646	     10584 ns/op	      9666 p50_ns	     16166 p95_ns	     22292 p99_ns	     128 B/op	       2 allocs/op
BenchmarkMicroCASContention_Latency/AlternateTwo-10                         	  113100	     10715 ns/op	      9750 p50_ns	     16542 p95_ns	     23291 p99_ns	     128 B/op	       2 allocs/op
BenchmarkMicroCASContention_Latency/AlternateTwo-10                         	  111583	     10875 ns/op	      9791 p50_ns	     17167 p95_ns	     24167 p99_ns	     128 B/op	       2 allocs/op
BenchmarkMicroCASContention_Latency/AlternateTwo-10                         	  108313	     10946 ns/op	      9875 p50_ns	     17584 p95_ns	     24500 p99_ns	     128 B/op	       2 allocs/op
BenchmarkMicroCASContention_Latency/AlternateTwo-10                         	  112897	     12591 ns/op	     11250 p50_ns	     21000 p95_ns	     27625 p99_ns	     128 B/op	       2 allocs/op
BenchmarkMicroCASContention_Latency/AlternateThree-10                       	  110367	     10768 ns/op	      9708 p50_ns	     16791 p95_ns	     22792 p99_ns	     128 B/op	       2 allocs/op
BenchmarkMicroCASContention_Latency/AlternateThree-10                       	  107538	     10709 ns/op	      9667 p50_ns	     16459 p95_ns	     22375 p99_ns	     128 B/op	       2 allocs/op
BenchmarkMicroCASContention_Latency/AlternateThree-10                       	  115208	     10636 ns/op	      9666 p50_ns	     16166 p95_ns	     22083 p99_ns	     128 B/op	       2 allocs/op
BenchmarkMicroCASContention_Latency/AlternateThree-10                       	  114092	     10691 ns/op	      9708 p50_ns	     16292 p95_ns	     22458 p99_ns	     128 B/op	       2 allocs/op
BenchmarkMicroCASContention_Latency/AlternateThree-10                       	  105703	     11168 ns/op	      9875 p50_ns	     18250 p95_ns	     26042 p99_ns	     128 B/op	       2 allocs/op
BenchmarkMicroCASContention_Latency/Baseline-10                             	 1392264	       864.2 ns/op	       666.0 p50_ns	      1750 p95_ns	      4250 p99_ns	     168 B/op	       4 allocs/op
BenchmarkMicroCASContention_Latency/Baseline-10                             	 1375294	       903.6 ns/op	       625.0 p50_ns	      1792 p95_ns	      5417 p99_ns	     168 B/op	       4 allocs/op
BenchmarkMicroCASContention_Latency/Baseline-10                             	 1348370	       890.2 ns/op	       625.0 p50_ns	      1792 p95_ns	      5167 p99_ns	     168 B/op	       4 allocs/op
BenchmarkMicroCASContention_Latency/Baseline-10                             	 1313425	       875.0 ns/op	       625.0 p50_ns	      1750 p95_ns	      4834 p99_ns	     168 B/op	       4 allocs/op
BenchmarkMicroCASContention_Latency/Baseline-10                             	 1363486	       915.5 ns/op	       625.0 p50_ns	      1875 p95_ns	      5542 p99_ns	     168 B/op	       4 allocs/op
BenchmarkMicroWakeupSyscall_Running/Main-10                                 	 9204798	       152.7 ns/op	     551 B/op	       1 allocs/op
BenchmarkMicroWakeupSyscall_Running/Main-10                                 	10608656	       119.8 ns/op	     480 B/op	       1 allocs/op
BenchmarkMicroWakeupSyscall_Running/Main-10                                 	11213503	        99.94 ns/op	     455 B/op	       1 allocs/op
BenchmarkMicroWakeupSyscall_Running/Main-10                                 	11181434	        97.98 ns/op	     457 B/op	       1 allocs/op
BenchmarkMicroWakeupSyscall_Running/Main-10                                 	11129500	        96.94 ns/op	     459 B/op	       1 allocs/op
BenchmarkMicroWakeupSyscall_Running/MainFastPathForced-10                   	11064764	        97.08 ns/op	     461 B/op	       1 allocs/op
BenchmarkMicroWakeupSyscall_Running/MainFastPathForced-10                   	11122258	        98.67 ns/op	     459 B/op	       1 allocs/op
BenchmarkMicroWakeupSyscall_Running/MainFastPathForced-10                   	10835181	       100.0 ns/op	     471 B/op	       1 allocs/op
BenchmarkMicroWakeupSyscall_Running/MainFastPathForced-10                   	11307655	        94.22 ns/op	     561 B/op	       1 allocs/op
BenchmarkMicroWakeupSyscall_Running/MainFastPathForced-10                   	11448464	        98.06 ns/op	     554 B/op	       1 allocs/op
BenchmarkMicroWakeupSyscall_Running/MainFastPathDisabled-10                 	11252469	       104.1 ns/op	     563 B/op	       1 allocs/op
BenchmarkMicroWakeupSyscall_Running/MainFastPathDisabled-10                 	11139583	        99.53 ns/op	     458 B/op	       1 allocs/op
BenchmarkMicroWakeupSyscall_Running/MainFastPathDisabled-10                 	11529268	        99.97 ns/op	     550 B/op	       1 allocs/op
BenchmarkMicroWakeupSyscall_Running/MainFastPathDisabled-10                 	11345398	       100.2 ns/op	     559 B/op	       1 allocs/op
BenchmarkMicroWakeupSyscall_Running/MainFastPathDisabled-10                 	11145985	        91.74 ns/op	     458 B/op	       1 allocs/op
BenchmarkMicroWakeupSyscall_Running/AlternateOne-10                         	30486739	        35.08 ns/op	      40 B/op	       1 allocs/op
BenchmarkMicroWakeupSyscall_Running/AlternateOne-10                         	34508829	        35.37 ns/op	      40 B/op	       1 allocs/op
BenchmarkMicroWakeupSyscall_Running/AlternateOne-10                         	35085795	        35.06 ns/op	      40 B/op	       1 allocs/op
BenchmarkMicroWakeupSyscall_Running/AlternateOne-10                         	34106330	        35.02 ns/op	      40 B/op	       1 allocs/op
BenchmarkMicroWakeupSyscall_Running/AlternateOne-10                         	33908642	        34.81 ns/op	      40 B/op	       1 allocs/op
BenchmarkMicroWakeupSyscall_Running/AlternateTwo-10                         	13914165	        84.85 ns/op	      30 B/op	       1 allocs/op
BenchmarkMicroWakeupSyscall_Running/AlternateTwo-10                         	15372289	        79.44 ns/op	      30 B/op	       1 allocs/op
BenchmarkMicroWakeupSyscall_Running/AlternateTwo-10                         	15175497	        79.55 ns/op	      30 B/op	       1 allocs/op
BenchmarkMicroWakeupSyscall_Running/AlternateTwo-10                         	13081269	        82.04 ns/op	      30 B/op	       1 allocs/op
BenchmarkMicroWakeupSyscall_Running/AlternateTwo-10                         	15577554	        79.13 ns/op	      30 B/op	       1 allocs/op
BenchmarkMicroWakeupSyscall_Running/AlternateThree-10                       	43197838	        27.99 ns/op	      24 B/op	       1 allocs/op
BenchmarkMicroWakeupSyscall_Running/AlternateThree-10                       	42608971	        27.33 ns/op	      24 B/op	       1 allocs/op
BenchmarkMicroWakeupSyscall_Running/AlternateThree-10                       	41434972	        28.27 ns/op	      24 B/op	       1 allocs/op
BenchmarkMicroWakeupSyscall_Running/AlternateThree-10                       	41795221	        27.74 ns/op	      24 B/op	       1 allocs/op
BenchmarkMicroWakeupSyscall_Running/AlternateThree-10                       	42965388	        26.94 ns/op	      24 B/op	       1 allocs/op
BenchmarkMicroWakeupSyscall_Running/Baseline-10                             	13730434	        73.15 ns/op	     104 B/op	       3 allocs/op
BenchmarkMicroWakeupSyscall_Running/Baseline-10                             	20733445	        74.00 ns/op	     105 B/op	       3 allocs/op
BenchmarkMicroWakeupSyscall_Running/Baseline-10                             	20859588	        73.27 ns/op	     105 B/op	       3 allocs/op
BenchmarkMicroWakeupSyscall_Running/Baseline-10                             	20888864	        72.96 ns/op	     105 B/op	       3 allocs/op
BenchmarkMicroWakeupSyscall_Running/Baseline-10                             	20711244	        74.89 ns/op	     105 B/op	       3 allocs/op
BenchmarkMicroWakeupSyscall_Sleeping/Main-10                                	  716805	      1742 ns/op	     128 B/op	       2 allocs/op
BenchmarkMicroWakeupSyscall_Sleeping/Main-10                                	  674937	      1767 ns/op	     128 B/op	       2 allocs/op
BenchmarkMicroWakeupSyscall_Sleeping/Main-10                                	  676551	      1773 ns/op	     128 B/op	       2 allocs/op
BenchmarkMicroWakeupSyscall_Sleeping/Main-10                                	  671322	      1778 ns/op	     128 B/op	       2 allocs/op
BenchmarkMicroWakeupSyscall_Sleeping/Main-10                                	  658770	      1785 ns/op	     128 B/op	       2 allocs/op
BenchmarkMicroWakeupSyscall_Sleeping/MainFastPathForced-10                  	  666632	      1776 ns/op	     128 B/op	       2 allocs/op
BenchmarkMicroWakeupSyscall_Sleeping/MainFastPathForced-10                  	  662062	      1777 ns/op	     128 B/op	       2 allocs/op
BenchmarkMicroWakeupSyscall_Sleeping/MainFastPathForced-10                  	  671866	      1784 ns/op	     128 B/op	       2 allocs/op
BenchmarkMicroWakeupSyscall_Sleeping/MainFastPathForced-10                  	  664124	      1777 ns/op	     128 B/op	       2 allocs/op
BenchmarkMicroWakeupSyscall_Sleeping/MainFastPathForced-10                  	  633262	      1792 ns/op	     128 B/op	       2 allocs/op
BenchmarkMicroWakeupSyscall_Sleeping/MainFastPathDisabled-10                	  104841	     12203 ns/op	     159 B/op	       3 allocs/op
BenchmarkMicroWakeupSyscall_Sleeping/MainFastPathDisabled-10                	   99290	     11773 ns/op	     159 B/op	       3 allocs/op
BenchmarkMicroWakeupSyscall_Sleeping/MainFastPathDisabled-10                	  104269	     12823 ns/op	     159 B/op	       3 allocs/op
BenchmarkMicroWakeupSyscall_Sleeping/MainFastPathDisabled-10                	  100340	     13898 ns/op	     158 B/op	       3 allocs/op
BenchmarkMicroWakeupSyscall_Sleeping/MainFastPathDisabled-10                	   87237	     14323 ns/op	     159 B/op	       3 allocs/op
BenchmarkMicroWakeupSyscall_Sleeping/AlternateOne-10                        	   96247	     12835 ns/op	     128 B/op	       2 allocs/op
BenchmarkMicroWakeupSyscall_Sleeping/AlternateOne-10                        	   94534	     13103 ns/op	     128 B/op	       2 allocs/op
BenchmarkMicroWakeupSyscall_Sleeping/AlternateOne-10                        	   89325	     12352 ns/op	     128 B/op	       2 allocs/op
BenchmarkMicroWakeupSyscall_Sleeping/AlternateOne-10                        	  101136	     14810 ns/op	     128 B/op	       2 allocs/op
BenchmarkMicroWakeupSyscall_Sleeping/AlternateOne-10                        	   83263	     15038 ns/op	     128 B/op	       2 allocs/op
BenchmarkMicroWakeupSyscall_Sleeping/AlternateTwo-10                        	  103407	     10902 ns/op	     128 B/op	       2 allocs/op
BenchmarkMicroWakeupSyscall_Sleeping/AlternateTwo-10                        	   98071	     12368 ns/op	     128 B/op	       2 allocs/op
BenchmarkMicroWakeupSyscall_Sleeping/AlternateTwo-10                        	  100024	     12319 ns/op	     128 B/op	       2 allocs/op
BenchmarkMicroWakeupSyscall_Sleeping/AlternateTwo-10                        	   91232	     13448 ns/op	     128 B/op	       2 allocs/op
BenchmarkMicroWakeupSyscall_Sleeping/AlternateTwo-10                        	  111098	     12518 ns/op	     128 B/op	       2 allocs/op
BenchmarkMicroWakeupSyscall_Sleeping/AlternateThree-10                      	   94020	     13574 ns/op	     128 B/op	       2 allocs/op
BenchmarkMicroWakeupSyscall_Sleeping/AlternateThree-10                      	   97982	     12584 ns/op	     128 B/op	       2 allocs/op
BenchmarkMicroWakeupSyscall_Sleeping/AlternateThree-10                      	  101397	     12233 ns/op	     128 B/op	       2 allocs/op
BenchmarkMicroWakeupSyscall_Sleeping/AlternateThree-10                      	   96736	     12553 ns/op	     128 B/op	       2 allocs/op
BenchmarkMicroWakeupSyscall_Sleeping/AlternateThree-10                      	   98284	     13065 ns/op	     128 B/op	       2 allocs/op
BenchmarkMicroWakeupSyscall_Sleeping/Baseline-10                            	 1487748	       819.7 ns/op	     168 B/op	       4 allocs/op
BenchmarkMicroWakeupSyscall_Sleeping/Baseline-10                            	 1464434	       814.4 ns/op	     168 B/op	       4 allocs/op
BenchmarkMicroWakeupSyscall_Sleeping/Baseline-10                            	 1459881	       815.4 ns/op	     168 B/op	       4 allocs/op
BenchmarkMicroWakeupSyscall_Sleeping/Baseline-10                            	 1457544	       835.8 ns/op	     168 B/op	       4 allocs/op
BenchmarkMicroWakeupSyscall_Sleeping/Baseline-10                            	 1357537	       818.1 ns/op	     168 B/op	       4 allocs/op
BenchmarkMicroWakeupSyscall_Burst/Main-10                                   	 2626804	       462.8 ns/op	      17 B/op	       1 allocs/op
BenchmarkMicroWakeupSyscall_Burst/Main-10                                   	 2574112	       461.8 ns/op	      17 B/op	       1 allocs/op
BenchmarkMicroWakeupSyscall_Burst/Main-10                                   	 2499237	       464.0 ns/op	      17 B/op	       1 allocs/op
BenchmarkMicroWakeupSyscall_Burst/Main-10                                   	 2610307	       468.9 ns/op	      17 B/op	       1 allocs/op
BenchmarkMicroWakeupSyscall_Burst/Main-10                                   	 2745261	       474.2 ns/op	      17 B/op	       1 allocs/op
BenchmarkMicroWakeupSyscall_Burst/MainFastPathForced-10                     	 2647078	       461.6 ns/op	      17 B/op	       1 allocs/op
BenchmarkMicroWakeupSyscall_Burst/MainFastPathForced-10                     	 2596965	       467.8 ns/op	      17 B/op	       1 allocs/op
BenchmarkMicroWakeupSyscall_Burst/MainFastPathForced-10                     	 2481340	       487.6 ns/op	      17 B/op	       1 allocs/op
BenchmarkMicroWakeupSyscall_Burst/MainFastPathForced-10                     	 2417198	       467.0 ns/op	      17 B/op	       1 allocs/op
BenchmarkMicroWakeupSyscall_Burst/MainFastPathForced-10                     	 2157627	       639.7 ns/op	      17 B/op	       1 allocs/op
BenchmarkMicroWakeupSyscall_Burst/MainFastPathDisabled-10                   	 2118306	       616.8 ns/op	      17 B/op	       1 allocs/op
BenchmarkMicroWakeupSyscall_Burst/MainFastPathDisabled-10                   	 2143587	       569.1 ns/op	      17 B/op	       1 allocs/op
BenchmarkMicroWakeupSyscall_Burst/MainFastPathDisabled-10                   	 2045032	       589.0 ns/op	      17 B/op	       1 allocs/op
BenchmarkMicroWakeupSyscall_Burst/MainFastPathDisabled-10                   	 2086966	       601.5 ns/op	      17 B/op	       1 allocs/op
BenchmarkMicroWakeupSyscall_Burst/MainFastPathDisabled-10                   	 2017974	       592.9 ns/op	      17 B/op	       1 allocs/op
BenchmarkMicroWakeupSyscall_Burst/AlternateOne-10                           	 4892928	       213.9 ns/op	      17 B/op	       1 allocs/op
BenchmarkMicroWakeupSyscall_Burst/AlternateOne-10                           	 5890077	       216.9 ns/op	      17 B/op	       1 allocs/op
BenchmarkMicroWakeupSyscall_Burst/AlternateOne-10                           	 5976052	       216.6 ns/op	      17 B/op	       1 allocs/op
BenchmarkMicroWakeupSyscall_Burst/AlternateOne-10                           	 4782579	       225.8 ns/op	      17 B/op	       1 allocs/op
BenchmarkMicroWakeupSyscall_Burst/AlternateOne-10                           	 5439949	       218.4 ns/op	      17 B/op	       1 allocs/op
BenchmarkMicroWakeupSyscall_Burst/AlternateTwo-10                           	 5272264	       241.6 ns/op	      17 B/op	       1 allocs/op
BenchmarkMicroWakeupSyscall_Burst/AlternateTwo-10                           	 5504575	       228.0 ns/op	      17 B/op	       1 allocs/op
BenchmarkMicroWakeupSyscall_Burst/AlternateTwo-10                           	 6226788	       219.8 ns/op	      17 B/op	       1 allocs/op
BenchmarkMicroWakeupSyscall_Burst/AlternateTwo-10                           	 5818572	       234.0 ns/op	      17 B/op	       1 allocs/op
BenchmarkMicroWakeupSyscall_Burst/AlternateTwo-10                           	 5334279	       219.5 ns/op	      17 B/op	       1 allocs/op
BenchmarkMicroWakeupSyscall_Burst/AlternateThree-10                         	 6285200	       194.3 ns/op	      17 B/op	       1 allocs/op
BenchmarkMicroWakeupSyscall_Burst/AlternateThree-10                         	 5810478	       212.0 ns/op	      17 B/op	       1 allocs/op
BenchmarkMicroWakeupSyscall_Burst/AlternateThree-10                         	 6339848	       202.2 ns/op	      17 B/op	       1 allocs/op
BenchmarkMicroWakeupSyscall_Burst/AlternateThree-10                         	 6368997	       203.3 ns/op	      17 B/op	       1 allocs/op
BenchmarkMicroWakeupSyscall_Burst/AlternateThree-10                         	 6436281	       191.9 ns/op	      17 B/op	       1 allocs/op
BenchmarkMicroWakeupSyscall_Burst/Baseline-10                               	 9649132	       157.3 ns/op	      57 B/op	       3 allocs/op
BenchmarkMicroWakeupSyscall_Burst/Baseline-10                               	 8152581	       131.0 ns/op	      57 B/op	       3 allocs/op
BenchmarkMicroWakeupSyscall_Burst/Baseline-10                               	 9606849	       117.7 ns/op	      57 B/op	       3 allocs/op
BenchmarkMicroWakeupSyscall_Burst/Baseline-10                               	10399468	       111.6 ns/op	      57 B/op	       3 allocs/op
BenchmarkMicroWakeupSyscall_Burst/Baseline-10                               	10262385	       125.9 ns/op	      57 B/op	       3 allocs/op
BenchmarkMicroWakeupSyscall_RapidSubmit/Main-10                             	 5832009	       453.4 ns/op	     370 B/op	       1 allocs/op
BenchmarkMicroWakeupSyscall_RapidSubmit/Main-10                             	 4750774	       219.3 ns/op	     255 B/op	       1 allocs/op
BenchmarkMicroWakeupSyscall_RapidSubmit/Main-10                             	 4745325	       237.3 ns/op	     263 B/op	       1 allocs/op
BenchmarkMicroWakeupSyscall_RapidSubmit/Main-10                             	 1816582	       573.6 ns/op	     375 B/op	       1 allocs/op
BenchmarkMicroWakeupSyscall_RapidSubmit/Main-10                             	 4705762	       240.7 ns/op	     261 B/op	       1 allocs/op
BenchmarkMicroWakeupSyscall_RapidSubmit/MainFastPathForced-10               	 5699832	       216.6 ns/op	     223 B/op	       1 allocs/op
BenchmarkMicroWakeupSyscall_RapidSubmit/MainFastPathForced-10               	 6126027	       206.6 ns/op	     212 B/op	       1 allocs/op
BenchmarkMicroWakeupSyscall_RapidSubmit/MainFastPathForced-10               	 5410962	       209.9 ns/op	     216 B/op	       1 allocs/op
BenchmarkMicroWakeupSyscall_RapidSubmit/MainFastPathForced-10               	 6006422	       213.8 ns/op	     225 B/op	       1 allocs/op
BenchmarkMicroWakeupSyscall_RapidSubmit/MainFastPathForced-10               	 5630180	       209.4 ns/op	     220 B/op	       1 allocs/op
BenchmarkMicroWakeupSyscall_RapidSubmit/MainFastPathDisabled-10             	 5272288	       195.1 ns/op	     202 B/op	       1 allocs/op
BenchmarkMicroWakeupSyscall_RapidSubmit/MainFastPathDisabled-10             	 5673644	       211.9 ns/op	     212 B/op	       1 allocs/op
BenchmarkMicroWakeupSyscall_RapidSubmit/MainFastPathDisabled-10             	 5569320	       218.9 ns/op	     226 B/op	       1 allocs/op
BenchmarkMicroWakeupSyscall_RapidSubmit/MainFastPathDisabled-10             	 5707113	       187.4 ns/op	     178 B/op	       1 allocs/op
BenchmarkMicroWakeupSyscall_RapidSubmit/MainFastPathDisabled-10             	 6103798	       189.3 ns/op	     173 B/op	       1 allocs/op
BenchmarkMicroWakeupSyscall_RapidSubmit/AlternateOne-10                     	 8711643	       131.2 ns/op	      20 B/op	       1 allocs/op
BenchmarkMicroWakeupSyscall_RapidSubmit/AlternateOne-10                     	 7511757	       161.3 ns/op	      16 B/op	       1 allocs/op
BenchmarkMicroWakeupSyscall_RapidSubmit/AlternateOne-10                     	 8452993	       163.5 ns/op	      16 B/op	       1 allocs/op
BenchmarkMicroWakeupSyscall_RapidSubmit/AlternateOne-10                     	 8486679	       162.5 ns/op	      16 B/op	       1 allocs/op
BenchmarkMicroWakeupSyscall_RapidSubmit/AlternateOne-10                     	 8236537	       163.3 ns/op	      16 B/op	       1 allocs/op
BenchmarkMicroWakeupSyscall_RapidSubmit/AlternateTwo-10                     	 9338990	       147.0 ns/op	      16 B/op	       1 allocs/op
BenchmarkMicroWakeupSyscall_RapidSubmit/AlternateTwo-10                     	10263189	       137.7 ns/op	      16 B/op	       1 allocs/op
BenchmarkMicroWakeupSyscall_RapidSubmit/AlternateTwo-10                     	 8851868	       153.3 ns/op	      16 B/op	       1 allocs/op
BenchmarkMicroWakeupSyscall_RapidSubmit/AlternateTwo-10                     	 7797608	       150.3 ns/op	      17 B/op	       1 allocs/op
BenchmarkMicroWakeupSyscall_RapidSubmit/AlternateTwo-10                     	 8134356	       145.8 ns/op	      16 B/op	       1 allocs/op
BenchmarkMicroWakeupSyscall_RapidSubmit/AlternateThree-10                   	16137373	        74.68 ns/op	      16 B/op	       1 allocs/op
BenchmarkMicroWakeupSyscall_RapidSubmit/AlternateThree-10                   	15032334	        79.58 ns/op	      16 B/op	       1 allocs/op
BenchmarkMicroWakeupSyscall_RapidSubmit/AlternateThree-10                   	15245362	        80.42 ns/op	      16 B/op	       1 allocs/op
BenchmarkMicroWakeupSyscall_RapidSubmit/AlternateThree-10                   	14154128	        81.76 ns/op	      16 B/op	       1 allocs/op
BenchmarkMicroWakeupSyscall_RapidSubmit/AlternateThree-10                   	14540607	        81.12 ns/op	      16 B/op	       1 allocs/op
BenchmarkMicroWakeupSyscall_RapidSubmit/Baseline-10                         	 8963688	       129.4 ns/op	      56 B/op	       3 allocs/op
BenchmarkMicroWakeupSyscall_RapidSubmit/Baseline-10                         	 8949340	       127.0 ns/op	      56 B/op	       3 allocs/op
BenchmarkMicroWakeupSyscall_RapidSubmit/Baseline-10                         	 9968229	       117.8 ns/op	      56 B/op	       3 allocs/op
BenchmarkMicroWakeupSyscall_RapidSubmit/Baseline-10                         	 8848081	       128.0 ns/op	      56 B/op	       3 allocs/op
BenchmarkMicroWakeupSyscall_RapidSubmit/Baseline-10                         	 9291961	       125.5 ns/op	      56 B/op	       3 allocs/op
BenchmarkMicrotaskRoundTrip/Main-10                                         	  317192	      3684 ns/op	     369 B/op	      12 allocs/op
BenchmarkMicrotaskRoundTrip/Main-10                                         	  308644	      3666 ns/op	     372 B/op	      12 allocs/op
BenchmarkMicrotaskRoundTrip/Main-10                                         	  291343	      3690 ns/op	     371 B/op	      12 allocs/op
BenchmarkMicrotaskRoundTrip/Main-10                                         	  328603	      3710 ns/op	     373 B/op	      12 allocs/op
BenchmarkMicrotaskRoundTrip/Main-10                                         	  303088	      3692 ns/op	     370 B/op	      12 allocs/op
BenchmarkMicrotaskRoundTrip/MainFastPathForced-10                           	  327798	      3726 ns/op	     372 B/op	      12 allocs/op
BenchmarkMicrotaskRoundTrip/MainFastPathForced-10                           	  333040	      3672 ns/op	     368 B/op	      12 allocs/op
BenchmarkMicrotaskRoundTrip/MainFastPathForced-10                           	  332002	      3622 ns/op	     369 B/op	      12 allocs/op
BenchmarkMicrotaskRoundTrip/MainFastPathForced-10                           	  340246	      3654 ns/op	     369 B/op	      12 allocs/op
BenchmarkMicrotaskRoundTrip/MainFastPathForced-10                           	  332616	      3627 ns/op	     369 B/op	      12 allocs/op
BenchmarkMicrotaskRoundTrip/MainFastPathDisabled-10                         	  159662	      8641 ns/op	     390 B/op	      13 allocs/op
BenchmarkMicrotaskRoundTrip/MainFastPathDisabled-10                         	  130106	      8912 ns/op	     394 B/op	      13 allocs/op
BenchmarkMicrotaskRoundTrip/MainFastPathDisabled-10                         	  134265	      8887 ns/op	     394 B/op	      13 allocs/op
BenchmarkMicrotaskRoundTrip/MainFastPathDisabled-10                         	  136264	      8764 ns/op	     392 B/op	      13 allocs/op
BenchmarkMicrotaskRoundTrip/MainFastPathDisabled-10                         	  139915	      8837 ns/op	     393 B/op	      13 allocs/op
BenchmarkMicrotaskRoundTrip/AlternateOne-10                                 	       1	10001192875 ns/op	    4672 B/op	      28 allocs/op
BenchmarkMicrotaskRoundTrip/AlternateOne-10                                 	       1	10001223041 ns/op	    4672 B/op	      28 allocs/op
BenchmarkMicrotaskRoundTrip/AlternateOne-10                                 	       1	10000931875 ns/op	    4672 B/op	      28 allocs/op
BenchmarkMicrotaskRoundTrip/AlternateOne-10                                 	       1	10001194333 ns/op	    4672 B/op	      28 allocs/op
BenchmarkMicrotaskRoundTrip/AlternateOne-10                                 	       1	10000144625 ns/op	    4672 B/op	      28 allocs/op
BenchmarkMicrotaskRoundTrip/AlternateTwo-10                                 	     122	   9776983 ns/op	     138 B/op	       2 allocs/op
BenchmarkMicrotaskRoundTrip/AlternateTwo-10                                 	     100	  10001780 ns/op	     140 B/op	       2 allocs/op
BenchmarkMicrotaskRoundTrip/AlternateTwo-10                                 	     100	  10545015 ns/op	     140 B/op	       2 allocs/op
BenchmarkMicrotaskRoundTrip/AlternateTwo-10                                 	     121	  10128697 ns/op	     138 B/op	       2 allocs/op
BenchmarkMicrotaskRoundTrip/AlternateTwo-10                                 	     100	  10316095 ns/op	     140 B/op	       2 allocs/op
BenchmarkPromisesV2/ChainedPromise/ChainDepth100EndToEnd-10                 	   38808	     28713 ns/op	   14671 B/op	     334 allocs/op
BenchmarkPromisesV2/ChainedPromise/ChainDepth100EndToEnd-10                 	   42105	     28592 ns/op	   14671 B/op	     334 allocs/op
BenchmarkPromisesV2/ChainedPromise/ChainDepth100EndToEnd-10                 	   41734	     28582 ns/op	   14671 B/op	     334 allocs/op
BenchmarkPromisesV2/ChainedPromise/ChainDepth100EndToEnd-10                 	   41745	     28601 ns/op	   14671 B/op	     334 allocs/op
BenchmarkPromisesV2/ChainedPromise/ChainDepth100EndToEnd-10                 	   42219	     28690 ns/op	   14671 B/op	     334 allocs/op
BenchmarkPromisesV2/ChainedPromise/ResolvedHandlerEndToEnd-10               	  122832	      8985 ns/op	     874 B/op	      27 allocs/op
BenchmarkPromisesV2/ChainedPromise/ResolvedHandlerEndToEnd-10               	  140886	      8266 ns/op	     902 B/op	      28 allocs/op
BenchmarkPromisesV2/ChainedPromise/ResolvedHandlerEndToEnd-10               	  152662	      8130 ns/op	     894 B/op	      28 allocs/op
BenchmarkPromisesV2/ChainedPromise/ResolvedHandlerEndToEnd-10               	  148581	      8205 ns/op	     898 B/op	      28 allocs/op
BenchmarkPromisesV2/ChainedPromise/ResolvedHandlerEndToEnd-10               	  148975	      8196 ns/op	     897 B/op	      28 allocs/op
BenchmarkPromisesV2/ChainedPromise/FanOut100EndToEnd-10                     	   16267	     73927 ns/op	   45697 B/op	     549 allocs/op
BenchmarkPromisesV2/ChainedPromise/FanOut100EndToEnd-10                     	   16317	     74487 ns/op	   45700 B/op	     549 allocs/op
BenchmarkPromisesV2/ChainedPromise/FanOut100EndToEnd-10                     	   16275	     74050 ns/op	   45745 B/op	     549 allocs/op
BenchmarkPromisesV2/ChainedPromise/FanOut100EndToEnd-10                     	   16270	     74364 ns/op	   45603 B/op	     549 allocs/op
BenchmarkPromisesV2/ChainedPromise/FanOut100EndToEnd-10                     	   15597	     77262 ns/op	   45411 B/op	     549 allocs/op
BenchmarkPromisesV2/ChainedPromise/Race100EndToEnd-10                       	   18328	     65854 ns/op	   45290 B/op	     752 allocs/op
BenchmarkPromisesV2/ChainedPromise/Race100EndToEnd-10                       	   18068	     66370 ns/op	   45210 B/op	     752 allocs/op
BenchmarkPromisesV2/ChainedPromise/Race100EndToEnd-10                       	   17919	     65933 ns/op	   45204 B/op	     752 allocs/op
BenchmarkPromisesV2/ChainedPromise/Race100EndToEnd-10                       	   18034	     65947 ns/op	   45016 B/op	     752 allocs/op
BenchmarkPromisesV2/ChainedPromise/Race100EndToEnd-10                       	   18109	     66174 ns/op	   45039 B/op	     752 allocs/op
BenchmarkPromisesV2/PromiseAltOne/ChainDepth100EndToEnd-10                  	   51508	     23223 ns/op	   14669 B/op	     334 allocs/op
BenchmarkPromisesV2/PromiseAltOne/ChainDepth100EndToEnd-10                  	   51812	     23438 ns/op	   14669 B/op	     334 allocs/op
BenchmarkPromisesV2/PromiseAltOne/ChainDepth100EndToEnd-10                  	   50918	     23624 ns/op	   14668 B/op	     334 allocs/op
BenchmarkPromisesV2/PromiseAltOne/ChainDepth100EndToEnd-10                  	   52119	     23541 ns/op	   14668 B/op	     334 allocs/op
BenchmarkPromisesV2/PromiseAltOne/ChainDepth100EndToEnd-10                  	   51240	     23577 ns/op	   14669 B/op	     334 allocs/op
BenchmarkPromisesV2/PromiseAltOne/ResolvedHandlerEndToEnd-10                	  154945	      8114 ns/op	     890 B/op	      27 allocs/op
BenchmarkPromisesV2/PromiseAltOne/ResolvedHandlerEndToEnd-10                	  145645	      8099 ns/op	     894 B/op	      28 allocs/op
BenchmarkPromisesV2/PromiseAltOne/ResolvedHandlerEndToEnd-10                	  154562	      7990 ns/op	     894 B/op	      28 allocs/op
BenchmarkPromisesV2/PromiseAltOne/ResolvedHandlerEndToEnd-10                	  151568	      8086 ns/op	     897 B/op	      28 allocs/op
BenchmarkPromisesV2/PromiseAltOne/ResolvedHandlerEndToEnd-10                	  148960	      8144 ns/op	     898 B/op	      28 allocs/op
BenchmarkPromisesV2/PromiseAltOne/FanOut100EndToEnd-10                      	   21696	     55610 ns/op	   27796 B/op	     538 allocs/op
BenchmarkPromisesV2/PromiseAltOne/FanOut100EndToEnd-10                      	   21498	     55940 ns/op	   27796 B/op	     538 allocs/op
BenchmarkPromisesV2/PromiseAltOne/FanOut100EndToEnd-10                      	   21715	     55458 ns/op	   27796 B/op	     538 allocs/op
BenchmarkPromisesV2/PromiseAltOne/FanOut100EndToEnd-10                      	   21634	     55429 ns/op	   27796 B/op	     538 allocs/op
BenchmarkPromisesV2/PromiseAltOne/FanOut100EndToEnd-10                      	   21646	     55688 ns/op	   27797 B/op	     538 allocs/op
BenchmarkPromisesV2/PromiseAltOne/Race100EndToEnd-10                        	   36736	     32516 ns/op	   17417 B/op	     338 allocs/op
BenchmarkPromisesV2/PromiseAltOne/Race100EndToEnd-10                        	   36396	     32486 ns/op	   17417 B/op	     338 allocs/op
BenchmarkPromisesV2/PromiseAltOne/Race100EndToEnd-10                        	   36458	     32660 ns/op	   17416 B/op	     338 allocs/op
BenchmarkPromisesV2/PromiseAltOne/Race100EndToEnd-10                        	   36814	     32858 ns/op	   17416 B/op	     338 allocs/op
BenchmarkPromisesV2/PromiseAltOne/Race100EndToEnd-10                        	   36698	     32553 ns/op	   17416 B/op	     338 allocs/op
BenchmarkPromisesV2/PromiseAltTwo/ChainDepth100EndToEnd-10                  	   47128	     25350 ns/op	   14652 B/op	     435 allocs/op
BenchmarkPromisesV2/PromiseAltTwo/ChainDepth100EndToEnd-10                  	   47200	     25400 ns/op	   14651 B/op	     435 allocs/op
BenchmarkPromisesV2/PromiseAltTwo/ChainDepth100EndToEnd-10                  	   46690	     25285 ns/op	   14652 B/op	     435 allocs/op
BenchmarkPromisesV2/PromiseAltTwo/ChainDepth100EndToEnd-10                  	   47119	     25335 ns/op	   14652 B/op	     435 allocs/op
BenchmarkPromisesV2/PromiseAltTwo/ChainDepth100EndToEnd-10                  	   47654	     25369 ns/op	   14651 B/op	     435 allocs/op
BenchmarkPromisesV2/PromiseAltTwo/ResolvedHandlerEndToEnd-10                	  146532	      8223 ns/op	     898 B/op	      29 allocs/op
BenchmarkPromisesV2/PromiseAltTwo/ResolvedHandlerEndToEnd-10                	  142524	      8168 ns/op	     897 B/op	      29 allocs/op
BenchmarkPromisesV2/PromiseAltTwo/ResolvedHandlerEndToEnd-10                	  145621	      8204 ns/op	     898 B/op	      29 allocs/op
BenchmarkPromisesV2/PromiseAltTwo/ResolvedHandlerEndToEnd-10                	  147301	      8206 ns/op	     898 B/op	      29 allocs/op
BenchmarkPromisesV2/PromiseAltTwo/ResolvedHandlerEndToEnd-10                	  145509	      8197 ns/op	     899 B/op	      29 allocs/op
BenchmarkPromisesV2/PromiseAltTwo/FanOut100EndToEnd-10                      	   23978	     49856 ns/op	   17899 B/op	     532 allocs/op
BenchmarkPromisesV2/PromiseAltTwo/FanOut100EndToEnd-10                      	   23878	     50123 ns/op	   17899 B/op	     532 allocs/op
BenchmarkPromisesV2/PromiseAltTwo/FanOut100EndToEnd-10                      	   24039	     50085 ns/op	   17899 B/op	     532 allocs/op
BenchmarkPromisesV2/PromiseAltTwo/FanOut100EndToEnd-10                      	   23985	     50099 ns/op	   17899 B/op	     532 allocs/op
BenchmarkPromisesV2/PromiseAltTwo/FanOut100EndToEnd-10                      	   24112	     49971 ns/op	   17899 B/op	     532 allocs/op
BenchmarkPromisesV2/PromiseAltThree/ChainDepth100EndToEnd-10                	   49758	     23861 ns/op	   11516 B/op	     335 allocs/op
BenchmarkPromisesV2/PromiseAltThree/ChainDepth100EndToEnd-10                	   49825	     24067 ns/op	   11519 B/op	     335 allocs/op
BenchmarkPromisesV2/PromiseAltThree/ChainDepth100EndToEnd-10                	   50118	     23922 ns/op	   11516 B/op	     335 allocs/op
BenchmarkPromisesV2/PromiseAltThree/ChainDepth100EndToEnd-10                	   50210	     24030 ns/op	   11517 B/op	     335 allocs/op
BenchmarkPromisesV2/PromiseAltThree/ChainDepth100EndToEnd-10                	   49220	     24109 ns/op	   11516 B/op	     335 allocs/op
BenchmarkPromisesV2/PromiseAltThree/ResolvedHandlerEndToEnd-10              	  144774	      8287 ns/op	     871 B/op	      28 allocs/op
BenchmarkPromisesV2/PromiseAltThree/ResolvedHandlerEndToEnd-10              	  149146	      8359 ns/op	     874 B/op	      28 allocs/op
BenchmarkPromisesV2/PromiseAltThree/ResolvedHandlerEndToEnd-10              	  144007	      8410 ns/op	     870 B/op	      28 allocs/op
BenchmarkPromisesV2/PromiseAltThree/ResolvedHandlerEndToEnd-10              	  139052	      8229 ns/op	     867 B/op	      28 allocs/op
BenchmarkPromisesV2/PromiseAltThree/ResolvedHandlerEndToEnd-10              	  144907	      8234 ns/op	     870 B/op	      28 allocs/op
BenchmarkPromisesV2/PromiseAltThree/FanOut100EndToEnd-10                    	   23457	     51688 ns/op	   14807 B/op	     432 allocs/op
BenchmarkPromisesV2/PromiseAltThree/FanOut100EndToEnd-10                    	   23185	     51705 ns/op	   14810 B/op	     432 allocs/op
BenchmarkPromisesV2/PromiseAltThree/FanOut100EndToEnd-10                    	   23044	     51454 ns/op	   14812 B/op	     432 allocs/op
BenchmarkPromisesV2/PromiseAltThree/FanOut100EndToEnd-10                    	   23173	     51768 ns/op	   14813 B/op	     432 allocs/op
BenchmarkPromisesV2/PromiseAltThree/FanOut100EndToEnd-10                    	   23342	     51752 ns/op	   14810 B/op	     432 allocs/op
BenchmarkPromisesV2/PromiseAltFour/ChainDepth100EndToEnd-10                 	   36135	     33154 ns/op	   30958 B/op	     638 allocs/op
BenchmarkPromisesV2/PromiseAltFour/ChainDepth100EndToEnd-10                 	   36108	     33626 ns/op	   30958 B/op	     638 allocs/op
BenchmarkPromisesV2/PromiseAltFour/ChainDepth100EndToEnd-10                 	   35707	     33481 ns/op	   30958 B/op	     638 allocs/op
BenchmarkPromisesV2/PromiseAltFour/ChainDepth100EndToEnd-10                 	   35630	     33468 ns/op	   30958 B/op	     638 allocs/op
BenchmarkPromisesV2/PromiseAltFour/ChainDepth100EndToEnd-10                 	   36394	     33461 ns/op	   30958 B/op	     638 allocs/op
BenchmarkPromisesV2/PromiseAltFour/ResolvedHandlerEndToEnd-10               	  143058	      8435 ns/op	    1050 B/op	      31 allocs/op
BenchmarkPromisesV2/PromiseAltFour/ResolvedHandlerEndToEnd-10               	  139399	      8434 ns/op	    1043 B/op	      31 allocs/op
BenchmarkPromisesV2/PromiseAltFour/ResolvedHandlerEndToEnd-10               	  139550	      8444 ns/op	    1050 B/op	      31 allocs/op
BenchmarkPromisesV2/PromiseAltFour/ResolvedHandlerEndToEnd-10               	  145663	      8396 ns/op	    1045 B/op	      31 allocs/op
BenchmarkPromisesV2/PromiseAltFour/ResolvedHandlerEndToEnd-10               	  137611	      8526 ns/op	    1048 B/op	      31 allocs/op
BenchmarkPromisesV2/PromiseAltFour/FanOut100EndToEnd-10                     	   18589	     64431 ns/op	   43261 B/op	     739 allocs/op
BenchmarkPromisesV2/PromiseAltFour/FanOut100EndToEnd-10                     	   18224	     64442 ns/op	   43261 B/op	     739 allocs/op
BenchmarkPromisesV2/PromiseAltFour/FanOut100EndToEnd-10                     	   18750	     64573 ns/op	   43260 B/op	     739 allocs/op
BenchmarkPromisesV2/PromiseAltFour/FanOut100EndToEnd-10                     	   18594	     64352 ns/op	   43261 B/op	     739 allocs/op
BenchmarkPromisesV2/PromiseAltFour/FanOut100EndToEnd-10                     	   18556	     64686 ns/op	   43260 B/op	     739 allocs/op
BenchmarkPromisesV2/PromiseAltFour/Race100EndToEnd-10                       	   21085	     57399 ns/op	   56942 B/op	    1045 allocs/op
BenchmarkPromisesV2/PromiseAltFour/Race100EndToEnd-10                       	   20911	     57426 ns/op	   56941 B/op	    1045 allocs/op
BenchmarkPromisesV2/PromiseAltFour/Race100EndToEnd-10                       	   20910	     57432 ns/op	   56942 B/op	    1045 allocs/op
BenchmarkPromisesV2/PromiseAltFour/Race100EndToEnd-10                       	   20976	     57449 ns/op	   56942 B/op	    1045 allocs/op
BenchmarkPromisesV2/PromiseAltFour/Race100EndToEnd-10                       	   20910	     57415 ns/op	   56941 B/op	    1045 allocs/op
BenchmarkPromisesV2/PromiseAltFive/ChainDepth100EndToEnd-10                 	   52334	     22955 ns/op	   13069 B/op	     334 allocs/op
BenchmarkPromisesV2/PromiseAltFive/ChainDepth100EndToEnd-10                 	   52045	     23110 ns/op	   13069 B/op	     334 allocs/op
BenchmarkPromisesV2/PromiseAltFive/ChainDepth100EndToEnd-10                 	   52155	     23147 ns/op	   13069 B/op	     334 allocs/op
BenchmarkPromisesV2/PromiseAltFive/ChainDepth100EndToEnd-10                 	   51734	     23219 ns/op	   13069 B/op	     334 allocs/op
BenchmarkPromisesV2/PromiseAltFive/ChainDepth100EndToEnd-10                 	   51645	     23070 ns/op	   13069 B/op	     334 allocs/op
BenchmarkPromisesV2/PromiseAltFive/ResolvedHandlerEndToEnd-10               	  148640	      8054 ns/op	     873 B/op	      27 allocs/op
BenchmarkPromisesV2/PromiseAltFive/ResolvedHandlerEndToEnd-10               	  144141	      8070 ns/op	     876 B/op	      27 allocs/op
BenchmarkPromisesV2/PromiseAltFive/ResolvedHandlerEndToEnd-10               	  142724	      8054 ns/op	     875 B/op	      27 allocs/op
BenchmarkPromisesV2/PromiseAltFive/ResolvedHandlerEndToEnd-10               	  146742	      8104 ns/op	     877 B/op	      28 allocs/op
BenchmarkPromisesV2/PromiseAltFive/ResolvedHandlerEndToEnd-10               	  146263	      8003 ns/op	     872 B/op	      27 allocs/op
BenchmarkPromisesV2/PromiseAltFive/FanOut100EndToEnd-10                     	   22012	     54392 ns/op	   26211 B/op	     538 allocs/op
BenchmarkPromisesV2/PromiseAltFive/FanOut100EndToEnd-10                     	   21950	     54622 ns/op	   26211 B/op	     538 allocs/op
BenchmarkPromisesV2/PromiseAltFive/FanOut100EndToEnd-10                     	   21997	     55073 ns/op	   26211 B/op	     538 allocs/op
BenchmarkPromisesV2/PromiseAltFive/FanOut100EndToEnd-10                     	   22290	     54747 ns/op	   26212 B/op	     538 allocs/op
BenchmarkPromisesV2/PromiseAltFive/FanOut100EndToEnd-10                     	   21753	     54633 ns/op	   26212 B/op	     538 allocs/op
BenchmarkReadinessRoundTrip/Main-10                                         	  107028	     11162 ns/op	      24 B/op	       1 allocs/op
BenchmarkReadinessRoundTrip/Main-10                                         	  105775	     11196 ns/op	      24 B/op	       1 allocs/op
BenchmarkReadinessRoundTrip/Main-10                                         	  110359	     11051 ns/op	      24 B/op	       1 allocs/op
BenchmarkReadinessRoundTrip/Main-10                                         	  108720	     11149 ns/op	      24 B/op	       1 allocs/op
BenchmarkReadinessRoundTrip/Main-10                                         	  108421	     10953 ns/op	      24 B/op	       1 allocs/op
BenchmarkReadinessRoundTrip/MainFastPathDisabled-10                         	  112370	     10910 ns/op	      24 B/op	       1 allocs/op
BenchmarkReadinessRoundTrip/MainFastPathDisabled-10                         	  112071	     11097 ns/op	      24 B/op	       1 allocs/op
BenchmarkReadinessRoundTrip/MainFastPathDisabled-10                         	  106293	     10963 ns/op	      24 B/op	       1 allocs/op
BenchmarkReadinessRoundTrip/MainFastPathDisabled-10                         	  108759	     10931 ns/op	      24 B/op	       1 allocs/op
BenchmarkReadinessRoundTrip/MainFastPathDisabled-10                         	  113200	     10994 ns/op	      24 B/op	       1 allocs/op
BenchmarkReadinessRoundTrip/AlternateOne-10                                 	  106665	     11220 ns/op	       0 B/op	       0 allocs/op
BenchmarkReadinessRoundTrip/AlternateOne-10                                 	   99464	     11190 ns/op	       0 B/op	       0 allocs/op
BenchmarkReadinessRoundTrip/AlternateOne-10                                 	   91569	     14013 ns/op	       0 B/op	       0 allocs/op
BenchmarkReadinessRoundTrip/AlternateOne-10                                 	   73081	     15958 ns/op	       0 B/op	       0 allocs/op
BenchmarkReadinessRoundTrip/AlternateOne-10                                 	  107162	     13813 ns/op	       0 B/op	       0 allocs/op
BenchmarkReadinessRoundTrip/AlternateTwo-10                                 	   98581	     10592 ns/op	       0 B/op	       0 allocs/op
BenchmarkReadinessRoundTrip/AlternateTwo-10                                 	  114518	     10589 ns/op	       0 B/op	       0 allocs/op
BenchmarkReadinessRoundTrip/AlternateTwo-10                                 	  117504	     10608 ns/op	       0 B/op	       0 allocs/op
BenchmarkReadinessRoundTrip/AlternateTwo-10                                 	  114357	     10593 ns/op	       0 B/op	       0 allocs/op
BenchmarkReadinessRoundTrip/AlternateTwo-10                                 	  112060	     10593 ns/op	       0 B/op	       0 allocs/op
BenchmarkReadinessRoundTrip/AlternateThree-10                               	  115488	     10827 ns/op	       0 B/op	       0 allocs/op
BenchmarkReadinessRoundTrip/AlternateThree-10                               	  106958	     10941 ns/op	       0 B/op	       0 allocs/op
BenchmarkReadinessRoundTrip/AlternateThree-10                               	  109962	     10801 ns/op	       0 B/op	       0 allocs/op
BenchmarkReadinessRoundTrip/AlternateThree-10                               	  108706	     10852 ns/op	       0 B/op	       0 allocs/op
BenchmarkReadinessRoundTrip/AlternateThree-10                               	  111174	     10915 ns/op	       0 B/op	       0 allocs/op
BenchmarkSchedulerPriorityLatency/Main-10                                   	   28338	     41678 ns/op	         0 externals_before_internal/op	      3536 priority_latency_ns/op	    2096 B/op	      71 allocs/op
BenchmarkSchedulerPriorityLatency/Main-10                                   	   28747	     41423 ns/op	         0 externals_before_internal/op	      3564 priority_latency_ns/op	    2096 B/op	      71 allocs/op
BenchmarkSchedulerPriorityLatency/Main-10                                   	   28734	     41963 ns/op	         0 externals_before_internal/op	      3554 priority_latency_ns/op	    2096 B/op	      71 allocs/op
BenchmarkSchedulerPriorityLatency/Main-10                                   	   28497	     42035 ns/op	         0 externals_before_internal/op	      3561 priority_latency_ns/op	    2096 B/op	      71 allocs/op
BenchmarkSchedulerPriorityLatency/Main-10                                   	   29067	     41989 ns/op	         0 externals_before_internal/op	      3565 priority_latency_ns/op	    2096 B/op	      71 allocs/op
BenchmarkSchedulerPriorityLatency/MainFastPathForced-10                     	   28915	     41325 ns/op	         0 externals_before_internal/op	      3545 priority_latency_ns/op	    2096 B/op	      71 allocs/op
BenchmarkSchedulerPriorityLatency/MainFastPathForced-10                     	   28606	     41774 ns/op	         0 externals_before_internal/op	      3553 priority_latency_ns/op	    2096 B/op	      71 allocs/op
BenchmarkSchedulerPriorityLatency/MainFastPathForced-10                     	   28910	     41358 ns/op	         0 externals_before_internal/op	      3530 priority_latency_ns/op	    2096 B/op	      71 allocs/op
BenchmarkSchedulerPriorityLatency/MainFastPathForced-10                     	   28851	     41458 ns/op	         0 externals_before_internal/op	      3537 priority_latency_ns/op	    2096 B/op	      71 allocs/op
BenchmarkSchedulerPriorityLatency/MainFastPathForced-10                     	   29341	     41485 ns/op	         0 externals_before_internal/op	      3530 priority_latency_ns/op	    2096 B/op	      71 allocs/op
BenchmarkSchedulerPriorityLatency/MainFastPathDisabled-10                   	   25797	     46971 ns/op	         0 externals_before_internal/op	      4144 priority_latency_ns/op	    2121 B/op	      72 allocs/op
BenchmarkSchedulerPriorityLatency/MainFastPathDisabled-10                   	   25461	     46663 ns/op	         0 externals_before_internal/op	      4156 priority_latency_ns/op	    2121 B/op	      72 allocs/op
BenchmarkSchedulerPriorityLatency/MainFastPathDisabled-10                   	   25006	     48521 ns/op	         0 externals_before_internal/op	      4209 priority_latency_ns/op	    2122 B/op	      72 allocs/op
BenchmarkSchedulerPriorityLatency/MainFastPathDisabled-10                   	   22251	     54398 ns/op	         0 externals_before_internal/op	      4387 priority_latency_ns/op	    2123 B/op	      72 allocs/op
BenchmarkSchedulerPriorityLatency/MainFastPathDisabled-10                   	   25012	     47776 ns/op	         0 externals_before_internal/op	      4201 priority_latency_ns/op	    2122 B/op	      72 allocs/op
BenchmarkSchedulerPriorityLatency/AlternateOne-10                           	   31671	     36913 ns/op	        64.00 externals_before_internal/op	      7890 priority_latency_ns/op	    2096 B/op	      71 allocs/op
BenchmarkSchedulerPriorityLatency/AlternateOne-10                           	   32282	     36707 ns/op	        64.00 externals_before_internal/op	      7827 priority_latency_ns/op	    2096 B/op	      71 allocs/op
BenchmarkSchedulerPriorityLatency/AlternateOne-10                           	   31856	     37504 ns/op	        64.00 externals_before_internal/op	      7999 priority_latency_ns/op	    2096 B/op	      71 allocs/op
BenchmarkSchedulerPriorityLatency/AlternateOne-10                           	   32534	     37200 ns/op	        64.00 externals_before_internal/op	      7942 priority_latency_ns/op	    2096 B/op	      71 allocs/op
BenchmarkSchedulerPriorityLatency/AlternateOne-10                           	   31711	     37610 ns/op	        64.00 externals_before_internal/op	      8011 priority_latency_ns/op	    2096 B/op	      71 allocs/op
BenchmarkSchedulerPriorityLatency/AlternateTwo-10                           	   30524	     40418 ns/op	         0 externals_before_internal/op	      5761 priority_latency_ns/op	    2124 B/op	      71 allocs/op
BenchmarkSchedulerPriorityLatency/AlternateTwo-10                           	   30006	     40322 ns/op	         0 externals_before_internal/op	      5779 priority_latency_ns/op	    2113 B/op	      71 allocs/op
BenchmarkSchedulerPriorityLatency/AlternateTwo-10                           	   28563	     41059 ns/op	         0 externals_before_internal/op	      5925 priority_latency_ns/op	    2113 B/op	      71 allocs/op
BenchmarkSchedulerPriorityLatency/AlternateTwo-10                           	   30290	     46768 ns/op	         0 externals_before_internal/op	      7454 priority_latency_ns/op	    2113 B/op	      71 allocs/op
BenchmarkSchedulerPriorityLatency/AlternateTwo-10                           	   27831	     40548 ns/op	         0 externals_before_internal/op	      5800 priority_latency_ns/op	    2113 B/op	      71 allocs/op
BenchmarkSchedulerPriorityLatency/AlternateThree-10                         	   30988	     38542 ns/op	         0 externals_before_internal/op	      5569 priority_latency_ns/op	    2096 B/op	      71 allocs/op
BenchmarkSchedulerPriorityLatency/AlternateThree-10                         	   31318	     38319 ns/op	         0 externals_before_internal/op	      5523 priority_latency_ns/op	    2096 B/op	      71 allocs/op
BenchmarkSchedulerPriorityLatency/AlternateThree-10                         	   30811	     38588 ns/op	         0 externals_before_internal/op	      5572 priority_latency_ns/op	    2096 B/op	      71 allocs/op
BenchmarkSchedulerPriorityLatency/AlternateThree-10                         	   31917	     38699 ns/op	         0 externals_before_internal/op	      5612 priority_latency_ns/op	    2096 B/op	      71 allocs/op
BenchmarkSchedulerPriorityLatency/AlternateThree-10                         	   30682	     38529 ns/op	         0 externals_before_internal/op	      5557 priority_latency_ns/op	    2096 B/op	      71 allocs/op
BenchmarkSchedulerPriorityLatency/Baseline-10                               	   58838	     20827 ns/op	        64.00 externals_before_internal/op	      2340 priority_latency_ns/op	    4736 B/op	     203 allocs/op
BenchmarkSchedulerPriorityLatency/Baseline-10                               	   57295	     20944 ns/op	        64.00 externals_before_internal/op	      2440 priority_latency_ns/op	    4736 B/op	     203 allocs/op
BenchmarkSchedulerPriorityLatency/Baseline-10                               	   58310	     20883 ns/op	        64.00 externals_before_internal/op	      2365 priority_latency_ns/op	    4736 B/op	     203 allocs/op
BenchmarkSchedulerPriorityLatency/Baseline-10                               	   57336	     20762 ns/op	        64.00 externals_before_internal/op	      2351 priority_latency_ns/op	    4736 B/op	     203 allocs/op
BenchmarkSchedulerPriorityLatency/Baseline-10                               	   57474	     20713 ns/op	        64.00 externals_before_internal/op	      2331 priority_latency_ns/op	    4736 B/op	     203 allocs/op
BenchmarkSubmitInternalChainHandoff/Main-10                                 	   52053	     23179 ns/op	        32.00 handoffs/op	     784 B/op	      33 allocs/op
BenchmarkSubmitInternalChainHandoff/Main-10                                 	   51855	     23266 ns/op	        32.00 handoffs/op	     784 B/op	      33 allocs/op
BenchmarkSubmitInternalChainHandoff/Main-10                                 	   51872	     23249 ns/op	        32.00 handoffs/op	     784 B/op	      33 allocs/op
BenchmarkSubmitInternalChainHandoff/Main-10                                 	   51733	     23204 ns/op	        32.00 handoffs/op	     784 B/op	      33 allocs/op
BenchmarkSubmitInternalChainHandoff/Main-10                                 	   51200	     23394 ns/op	        32.00 handoffs/op	     784 B/op	      33 allocs/op
BenchmarkSubmitInternalChainHandoff/MainFastPathForced-10                   	   51261	     23278 ns/op	        32.00 handoffs/op	     784 B/op	      33 allocs/op
BenchmarkSubmitInternalChainHandoff/MainFastPathForced-10                   	   51444	     23270 ns/op	        32.00 handoffs/op	     784 B/op	      33 allocs/op
BenchmarkSubmitInternalChainHandoff/MainFastPathForced-10                   	   52177	     23232 ns/op	        32.00 handoffs/op	     784 B/op	      33 allocs/op
BenchmarkSubmitInternalChainHandoff/MainFastPathForced-10                   	   51480	     23190 ns/op	        32.00 handoffs/op	     784 B/op	      33 allocs/op
BenchmarkSubmitInternalChainHandoff/MainFastPathForced-10                   	   51381	     23265 ns/op	        32.00 handoffs/op	     784 B/op	      33 allocs/op
BenchmarkSubmitInternalChainHandoff/MainFastPathDisabled-10                 	   27981	     42688 ns/op	        32.00 handoffs/op	     814 B/op	      34 allocs/op
BenchmarkSubmitInternalChainHandoff/MainFastPathDisabled-10                 	   28111	     42788 ns/op	        32.00 handoffs/op	     814 B/op	      34 allocs/op
BenchmarkSubmitInternalChainHandoff/MainFastPathDisabled-10                 	   28198	     42680 ns/op	        32.00 handoffs/op	     814 B/op	      34 allocs/op
BenchmarkSubmitInternalChainHandoff/MainFastPathDisabled-10                 	   28111	     42746 ns/op	        32.00 handoffs/op	     814 B/op	      34 allocs/op
BenchmarkSubmitInternalChainHandoff/MainFastPathDisabled-10                 	   28291	     42773 ns/op	        32.00 handoffs/op	     814 B/op	      34 allocs/op
BenchmarkSubmitInternalChainHandoff/AlternateOne-10                         	  102438	     11781 ns/op	        32.00 handoffs/op	     784 B/op	      33 allocs/op
BenchmarkSubmitInternalChainHandoff/AlternateOne-10                         	  102079	     12458 ns/op	        32.00 handoffs/op	     784 B/op	      33 allocs/op
BenchmarkSubmitInternalChainHandoff/AlternateOne-10                         	   85486	     12957 ns/op	        32.00 handoffs/op	     784 B/op	      33 allocs/op
BenchmarkSubmitInternalChainHandoff/AlternateOne-10                         	  100866	     11861 ns/op	        32.00 handoffs/op	     784 B/op	      33 allocs/op
BenchmarkSubmitInternalChainHandoff/AlternateOne-10                         	  102476	     11845 ns/op	        32.00 handoffs/op	     784 B/op	      33 allocs/op
BenchmarkSubmitInternalChainHandoff/AlternateTwo-10                         	  102164	     11771 ns/op	        32.00 handoffs/op	     784 B/op	      33 allocs/op
BenchmarkSubmitInternalChainHandoff/AlternateTwo-10                         	  102969	     11785 ns/op	        32.00 handoffs/op	     784 B/op	      33 allocs/op
BenchmarkSubmitInternalChainHandoff/AlternateTwo-10                         	  102060	     11838 ns/op	        32.00 handoffs/op	     784 B/op	      33 allocs/op
BenchmarkSubmitInternalChainHandoff/AlternateTwo-10                         	   98451	     11927 ns/op	        32.00 handoffs/op	     784 B/op	      33 allocs/op
BenchmarkSubmitInternalChainHandoff/AlternateTwo-10                         	  100273	     12157 ns/op	        32.00 handoffs/op	     784 B/op	      33 allocs/op
BenchmarkSubmitInternalChainHandoff/AlternateThree-10                       	   86905	     13864 ns/op	        32.00 handoffs/op	     784 B/op	      33 allocs/op
BenchmarkSubmitInternalChainHandoff/AlternateThree-10                       	   87433	     13887 ns/op	        32.00 handoffs/op	     784 B/op	      33 allocs/op
BenchmarkSubmitInternalChainHandoff/AlternateThree-10                       	   86320	     13767 ns/op	        32.00 handoffs/op	     784 B/op	      33 allocs/op
BenchmarkSubmitInternalChainHandoff/AlternateThree-10                       	   86706	     13850 ns/op	        32.00 handoffs/op	     784 B/op	      33 allocs/op
BenchmarkSubmitInternalChainHandoff/AlternateThree-10                       	   86234	     13935 ns/op	        32.00 handoffs/op	     784 B/op	      33 allocs/op
BenchmarkSubmitInternalChainHandoff/Baseline-10                             	  208459	      5797 ns/op	        32.00 handoffs/op	    2104 B/op	      99 allocs/op
BenchmarkSubmitInternalChainHandoff/Baseline-10                             	  212982	      5725 ns/op	        32.00 handoffs/op	    2104 B/op	      99 allocs/op
BenchmarkSubmitInternalChainHandoff/Baseline-10                             	  219217	      5752 ns/op	        32.00 handoffs/op	    2104 B/op	      99 allocs/op
BenchmarkSubmitInternalChainHandoff/Baseline-10                             	  210508	      5725 ns/op	        32.00 handoffs/op	    2104 B/op	      99 allocs/op
BenchmarkSubmitInternalChainHandoff/Baseline-10                             	  207890	      5815 ns/op	        32.00 handoffs/op	    2104 B/op	      99 allocs/op
BenchmarkSchedulerInternalExternalBurst/Main-10                             	 1224380	       984.8 ns/op	     344 B/op	       2 allocs/op
BenchmarkSchedulerInternalExternalBurst/Main-10                             	 1236388	      1014 ns/op	     373 B/op	       2 allocs/op
BenchmarkSchedulerInternalExternalBurst/Main-10                             	 1205534	       984.6 ns/op	     344 B/op	       2 allocs/op
BenchmarkSchedulerInternalExternalBurst/Main-10                             	 1223007	       986.3 ns/op	     336 B/op	       2 allocs/op
BenchmarkSchedulerInternalExternalBurst/Main-10                             	 1227975	       999.5 ns/op	     399 B/op	       2 allocs/op
BenchmarkSchedulerInternalExternalBurst/MainFastPathForced-10               	 1000000	      1010 ns/op	     367 B/op	       2 allocs/op
BenchmarkSchedulerInternalExternalBurst/MainFastPathForced-10               	 1201738	       984.9 ns/op	     353 B/op	       2 allocs/op
BenchmarkSchedulerInternalExternalBurst/MainFastPathForced-10               	 1208272	       963.7 ns/op	     327 B/op	       2 allocs/op
BenchmarkSchedulerInternalExternalBurst/MainFastPathForced-10               	 1206357	       977.0 ns/op	     376 B/op	       2 allocs/op
BenchmarkSchedulerInternalExternalBurst/MainFastPathForced-10               	 1219203	       963.5 ns/op	     318 B/op	       2 allocs/op
BenchmarkSchedulerInternalExternalBurst/MainFastPathDisabled-10             	 1233398	       973.2 ns/op	     302 B/op	       2 allocs/op
BenchmarkSchedulerInternalExternalBurst/MainFastPathDisabled-10             	 1243904	       958.8 ns/op	     312 B/op	       2 allocs/op
BenchmarkSchedulerInternalExternalBurst/MainFastPathDisabled-10             	 1250020	       970.7 ns/op	     330 B/op	       2 allocs/op
BenchmarkSchedulerInternalExternalBurst/MainFastPathDisabled-10             	 1253392	       961.0 ns/op	     307 B/op	       2 allocs/op
BenchmarkSchedulerInternalExternalBurst/MainFastPathDisabled-10             	 1246300	       974.4 ns/op	     301 B/op	       2 allocs/op
BenchmarkSchedulerInternalExternalBurst/AlternateOne-10                     	 3656755	       274.4 ns/op	      38 B/op	       2 allocs/op
BenchmarkSchedulerInternalExternalBurst/AlternateOne-10                     	 3945081	       327.5 ns/op	      32 B/op	       2 allocs/op
BenchmarkSchedulerInternalExternalBurst/AlternateOne-10                     	 3647838	       304.0 ns/op	      33 B/op	       2 allocs/op
BenchmarkSchedulerInternalExternalBurst/AlternateOne-10                     	 3645246	       325.3 ns/op	      32 B/op	       2 allocs/op
BenchmarkSchedulerInternalExternalBurst/AlternateOne-10                     	 3640808	       330.1 ns/op	      32 B/op	       2 allocs/op
BenchmarkSchedulerInternalExternalBurst/AlternateTwo-10                     	 4160643	       346.6 ns/op	      33 B/op	       2 allocs/op
BenchmarkSchedulerInternalExternalBurst/AlternateTwo-10                     	 4253262	       262.1 ns/op	      41 B/op	       2 allocs/op
BenchmarkSchedulerInternalExternalBurst/AlternateTwo-10                     	 4091539	       287.7 ns/op	      41 B/op	       2 allocs/op
BenchmarkSchedulerInternalExternalBurst/AlternateTwo-10                     	 4160094	       271.6 ns/op	      41 B/op	       2 allocs/op
BenchmarkSchedulerInternalExternalBurst/AlternateTwo-10                     	 4081251	       272.0 ns/op	      40 B/op	       2 allocs/op
BenchmarkSchedulerInternalExternalBurst/AlternateThree-10                   	 8964435	       132.7 ns/op	      32 B/op	       2 allocs/op
BenchmarkSchedulerInternalExternalBurst/AlternateThree-10                   	 9050581	       132.7 ns/op	      32 B/op	       2 allocs/op
BenchmarkSchedulerInternalExternalBurst/AlternateThree-10                   	 9237330	       138.9 ns/op	      32 B/op	       2 allocs/op
BenchmarkSchedulerInternalExternalBurst/AlternateThree-10                   	 7972417	       166.5 ns/op	      34 B/op	       2 allocs/op
BenchmarkSchedulerInternalExternalBurst/AlternateThree-10                   	 7911280	       140.8 ns/op	      32 B/op	       2 allocs/op
BenchmarkSchedulerInternalExternalBurst/Baseline-10                         	 6320964	       229.2 ns/op	     112 B/op	       6 allocs/op
BenchmarkSchedulerInternalExternalBurst/Baseline-10                         	 6206656	       200.3 ns/op	     112 B/op	       6 allocs/op
BenchmarkSchedulerInternalExternalBurst/Baseline-10                         	 5473088	       231.2 ns/op	     112 B/op	       6 allocs/op
BenchmarkSchedulerInternalExternalBurst/Baseline-10                         	 6150528	       203.0 ns/op	     112 B/op	       6 allocs/op
BenchmarkSchedulerInternalExternalBurst/Baseline-10                         	 6865239	       235.0 ns/op	     112 B/op	       6 allocs/op
PASS
ok  	github.com/joeycumines/go-eventloop/internal/tournament	3717.181s
tournament: lane=promise
go -C /Users/joeyc/dev/scratch/turbo-backup/go-utilpkg/eventloop test -bench='^Benchmark(Tournament|ChainDepth)$' -benchmem -count=5 -run='^$' -benchtime=1s -timeout=30m ./internal/promisetournament
goos: darwin
goarch: arm64
pkg: github.com/joeycumines/go-eventloop/internal/promisetournament
cpu: Apple M2 Pro
BenchmarkTournament/ChainedPromise-10         	  253710	      4710 ns/op	     805 B/op	      23 allocs/op
BenchmarkTournament/ChainedPromise-10         	  256654	      4734 ns/op	     804 B/op	      23 allocs/op
BenchmarkTournament/ChainedPromise-10         	  249985	      4723 ns/op	     806 B/op	      23 allocs/op
BenchmarkTournament/ChainedPromise-10         	  255258	      4708 ns/op	     804 B/op	      23 allocs/op
BenchmarkTournament/ChainedPromise-10         	  252394	      4704 ns/op	     806 B/op	      23 allocs/op
BenchmarkTournament/PromiseAltOne-10          	  296172	      4417 ns/op	     788 B/op	      22 allocs/op
BenchmarkTournament/PromiseAltOne-10          	  261783	      4402 ns/op	     787 B/op	      22 allocs/op
BenchmarkTournament/PromiseAltOne-10          	  270004	      4377 ns/op	     791 B/op	      23 allocs/op
BenchmarkTournament/PromiseAltOne-10          	  272994	      4437 ns/op	     792 B/op	      23 allocs/op
BenchmarkTournament/PromiseAltOne-10          	  230811	      4345 ns/op	     781 B/op	      22 allocs/op
BenchmarkTournament/PromiseAltTwo-10          	  272456	      4446 ns/op	     775 B/op	      25 allocs/op
BenchmarkTournament/PromiseAltTwo-10          	  270399	      4438 ns/op	     773 B/op	      24 allocs/op
BenchmarkTournament/PromiseAltTwo-10          	  268153	      4927 ns/op	     757 B/op	      24 allocs/op
BenchmarkTournament/PromiseAltTwo-10          	  289042	      4321 ns/op	     759 B/op	      24 allocs/op
BenchmarkTournament/PromiseAltTwo-10          	  272751	      4432 ns/op	     774 B/op	      24 allocs/op
BenchmarkTournament/PromiseAltThree-10        	  257772	      4528 ns/op	     712 B/op	      23 allocs/op
BenchmarkTournament/PromiseAltThree-10        	  267838	      4516 ns/op	     711 B/op	      23 allocs/op
BenchmarkTournament/PromiseAltThree-10        	  271027	      4521 ns/op	     711 B/op	      23 allocs/op
BenchmarkTournament/PromiseAltThree-10        	  266137	      4553 ns/op	     713 B/op	      23 allocs/op
BenchmarkTournament/PromiseAltThree-10        	  255453	      4525 ns/op	     716 B/op	      23 allocs/op
BenchmarkTournament/PromiseAltFour-10         	  254355	      4999 ns/op	    1234 B/op	      30 allocs/op
BenchmarkTournament/PromiseAltFour-10         	  231618	      4866 ns/op	    1195 B/op	      28 allocs/op
BenchmarkTournament/PromiseAltFour-10         	  216757	      5213 ns/op	    1211 B/op	      29 allocs/op
BenchmarkTournament/PromiseAltFour-10         	  254728	      5228 ns/op	    1206 B/op	      29 allocs/op
BenchmarkTournament/PromiseAltFour-10         	  249104	      5269 ns/op	    1215 B/op	      29 allocs/op
BenchmarkTournament/PromiseAltFive-10         	  241291	      4803 ns/op	     740 B/op	      21 allocs/op
BenchmarkTournament/PromiseAltFive-10         	  270753	      4617 ns/op	     735 B/op	      21 allocs/op
BenchmarkTournament/PromiseAltFive-10         	  250519	      4506 ns/op	     734 B/op	      21 allocs/op
BenchmarkTournament/PromiseAltFive-10         	  225025	      4506 ns/op	     728 B/op	      21 allocs/op
BenchmarkTournament/PromiseAltFive-10         	  253743	      4605 ns/op	     740 B/op	      21 allocs/op
BenchmarkChainDepth/ChainedPromise/Depth=10-10         	  154484	      7887 ns/op	    2115 B/op	      51 allocs/op
BenchmarkChainDepth/ChainedPromise/Depth=10-10         	  150984	      7748 ns/op	    2116 B/op	      51 allocs/op
BenchmarkChainDepth/ChainedPromise/Depth=10-10         	  159082	      7719 ns/op	    2116 B/op	      51 allocs/op
BenchmarkChainDepth/ChainedPromise/Depth=10-10         	  154227	      7842 ns/op	    2115 B/op	      51 allocs/op
BenchmarkChainDepth/ChainedPromise/Depth=10-10         	  159384	      7694 ns/op	    2115 B/op	      51 allocs/op
BenchmarkChainDepth/ChainedPromise/Depth=100-10        	   47738	     24959 ns/op	   15087 B/op	     321 allocs/op
BenchmarkChainDepth/ChainedPromise/Depth=100-10        	   48214	     24904 ns/op	   15087 B/op	     321 allocs/op
BenchmarkChainDepth/ChainedPromise/Depth=100-10        	   47122	     25026 ns/op	   15087 B/op	     321 allocs/op
BenchmarkChainDepth/ChainedPromise/Depth=100-10        	   44422	     26397 ns/op	   15087 B/op	     321 allocs/op
BenchmarkChainDepth/ChainedPromise/Depth=100-10        	   45956	     26994 ns/op	   15087 B/op	     321 allocs/op
BenchmarkChainDepth/PromiseAltOne/Depth=10-10          	  183350	      6794 ns/op	    2086 B/op	      49 allocs/op
BenchmarkChainDepth/PromiseAltOne/Depth=10-10          	  179815	      6742 ns/op	    2083 B/op	      49 allocs/op
BenchmarkChainDepth/PromiseAltOne/Depth=10-10          	  172741	      6775 ns/op	    2083 B/op	      49 allocs/op
BenchmarkChainDepth/PromiseAltOne/Depth=10-10          	  181083	      6680 ns/op	    2083 B/op	      49 allocs/op
BenchmarkChainDepth/PromiseAltOne/Depth=10-10          	  178377	      6557 ns/op	    2087 B/op	      50 allocs/op
BenchmarkChainDepth/PromiseAltOne/Depth=100-10         	   62372	     18024 ns/op	   15071 B/op	     320 allocs/op
BenchmarkChainDepth/PromiseAltOne/Depth=100-10         	   65836	     18113 ns/op	   15071 B/op	     320 allocs/op
BenchmarkChainDepth/PromiseAltOne/Depth=100-10         	   67006	     18419 ns/op	   15071 B/op	     320 allocs/op
BenchmarkChainDepth/PromiseAltOne/Depth=100-10         	   66262	     18123 ns/op	   15071 B/op	     320 allocs/op
BenchmarkChainDepth/PromiseAltOne/Depth=100-10         	   66537	     17884 ns/op	   15071 B/op	     320 allocs/op
BenchmarkChainDepth/PromiseAltTwo/Depth=10-10          	  190728	      6495 ns/op	    2069 B/op	      60 allocs/op
BenchmarkChainDepth/PromiseAltTwo/Depth=10-10          	  185628	      6161 ns/op	    2055 B/op	      60 allocs/op
BenchmarkChainDepth/PromiseAltTwo/Depth=10-10          	  199434	      6537 ns/op	    2065 B/op	      60 allocs/op
BenchmarkChainDepth/PromiseAltTwo/Depth=10-10          	  184471	      6625 ns/op	    2069 B/op	      60 allocs/op
BenchmarkChainDepth/PromiseAltTwo/Depth=10-10          	  154976	      6676 ns/op	    2070 B/op	      60 allocs/op
BenchmarkChainDepth/PromiseAltTwo/Depth=100-10         	   59368	     19877 ns/op	   15055 B/op	     421 allocs/op
BenchmarkChainDepth/PromiseAltTwo/Depth=100-10         	   60644	     20108 ns/op	   15054 B/op	     421 allocs/op
BenchmarkChainDepth/PromiseAltTwo/Depth=100-10         	   55095	     19847 ns/op	   15055 B/op	     421 allocs/op
BenchmarkChainDepth/PromiseAltTwo/Depth=100-10         	   60380	     19870 ns/op	   15054 B/op	     421 allocs/op
BenchmarkChainDepth/PromiseAltTwo/Depth=100-10         	   60693	     19804 ns/op	   15054 B/op	     421 allocs/op
BenchmarkChainDepth/PromiseAltThree/Depth=10-10        	  166285	      7095 ns/op	    1724 B/op	      50 allocs/op
BenchmarkChainDepth/PromiseAltThree/Depth=10-10        	  169095	      6994 ns/op	    1723 B/op	      50 allocs/op
BenchmarkChainDepth/PromiseAltThree/Depth=10-10        	  166999	      7018 ns/op	    1720 B/op	      49 allocs/op
BenchmarkChainDepth/PromiseAltThree/Depth=10-10        	  181040	      7012 ns/op	    1724 B/op	      50 allocs/op
BenchmarkChainDepth/PromiseAltThree/Depth=10-10        	  174342	      6831 ns/op	    1737 B/op	      50 allocs/op
BenchmarkChainDepth/PromiseAltThree/Depth=100-10       	   65216	     18892 ns/op	   11890 B/op	     321 allocs/op
BenchmarkChainDepth/PromiseAltThree/Depth=100-10       	   59278	     27765 ns/op	   11890 B/op	     321 allocs/op
BenchmarkChainDepth/PromiseAltThree/Depth=100-10       	   61101	     19609 ns/op	   11891 B/op	     321 allocs/op
BenchmarkChainDepth/PromiseAltThree/Depth=100-10       	   62940	     19067 ns/op	   11890 B/op	     321 allocs/op
BenchmarkChainDepth/PromiseAltThree/Depth=100-10       	   64490	     19108 ns/op	   11891 B/op	     321 allocs/op
BenchmarkChainDepth/PromiseAltFour/Depth=10-10         	  147757	      7829 ns/op	    3982 B/op	      84 allocs/op
BenchmarkChainDepth/PromiseAltFour/Depth=10-10         	  155624	      7729 ns/op	    3982 B/op	      84 allocs/op
BenchmarkChainDepth/PromiseAltFour/Depth=10-10         	  152672	      7896 ns/op	    3983 B/op	      84 allocs/op
BenchmarkChainDepth/PromiseAltFour/Depth=10-10         	  157666	      7691 ns/op	    3984 B/op	      84 allocs/op
BenchmarkChainDepth/PromiseAltFour/Depth=10-10         	  159169	      7677 ns/op	    3985 B/op	      84 allocs/op
BenchmarkChainDepth/PromiseAltFour/Depth=100-10        	   45956	     26390 ns/op	   31352 B/op	     624 allocs/op
BenchmarkChainDepth/PromiseAltFour/Depth=100-10        	   45645	     26392 ns/op	   31352 B/op	     624 allocs/op
BenchmarkChainDepth/PromiseAltFour/Depth=100-10        	   45555	     26214 ns/op	   31352 B/op	     624 allocs/op
BenchmarkChainDepth/PromiseAltFour/Depth=100-10        	   45632	     26546 ns/op	   31352 B/op	     624 allocs/op
BenchmarkChainDepth/PromiseAltFour/Depth=100-10        	   45846	     26450 ns/op	   31352 B/op	     624 allocs/op
BenchmarkChainDepth/PromiseAltFive/Depth=10-10         	  193911	      6110 ns/op	    1931 B/op	      50 allocs/op
BenchmarkChainDepth/PromiseAltFive/Depth=10-10         	  192295	      6182 ns/op	    1930 B/op	      50 allocs/op
BenchmarkChainDepth/PromiseAltFive/Depth=10-10         	  196119	      6148 ns/op	    1931 B/op	      50 allocs/op
BenchmarkChainDepth/PromiseAltFive/Depth=10-10         	  194703	      6193 ns/op	    1931 B/op	      50 allocs/op
BenchmarkChainDepth/PromiseAltFive/Depth=10-10         	  196092	      6187 ns/op	    1930 B/op	      50 allocs/op
BenchmarkChainDepth/PromiseAltFive/Depth=100-10        	   69628	     17231 ns/op	   13463 B/op	     320 allocs/op
BenchmarkChainDepth/PromiseAltFive/Depth=100-10        	   68928	     17232 ns/op	   13463 B/op	     320 allocs/op
BenchmarkChainDepth/PromiseAltFive/Depth=100-10        	   68485	     17516 ns/op	   13463 B/op	     320 allocs/op
BenchmarkChainDepth/PromiseAltFive/Depth=100-10        	   69622	     17143 ns/op	   13463 B/op	     320 allocs/op
BenchmarkChainDepth/PromiseAltFive/Depth=100-10        	   69620	     17302 ns/op	   13463 B/op	     320 allocs/op
PASS
ok  	github.com/joeycumines/go-eventloop/internal/promisetournament	122.659s
tournament: meta=libuv-version=1.52.1
go -C /Users/joeyc/dev/scratch/turbo-backup/go-utilpkg/eventloop test -tags=libuv -count=1 -timeout=5m  ./internal/libuvbaseline
ok  	github.com/joeycumines/go-eventloop/internal/libuvbaseline	0.651s
tournament: lane=libuv
tournament: libuv-phase=v2
go -C /Users/joeyc/dev/scratch/turbo-backup/go-utilpkg/eventloop test -tags=libuv -bench='^BenchmarkLibuv_(AsyncSendV2|TimerScheduleAndFireV2|TimerBatchOneShot100V2|TimerCrossThreadV2)$' -benchmem -count=5 -run='^$' -benchtime=1s -timeout=30m ./internal/libuvbaseline
goos: darwin
goarch: arm64
pkg: github.com/joeycumines/go-eventloop/internal/libuvbaseline
cpu: Apple M2 Pro
BenchmarkLibuv_AsyncSendV2-10               	  186015	      5565 ns/op	     128 B/op	       2 allocs/op
BenchmarkLibuv_AsyncSendV2-10               	  223018	      5591 ns/op	     128 B/op	       2 allocs/op
BenchmarkLibuv_AsyncSendV2-10               	  222099	      5472 ns/op	     128 B/op	       2 allocs/op
BenchmarkLibuv_AsyncSendV2-10               	  220987	      5428 ns/op	     128 B/op	       2 allocs/op
BenchmarkLibuv_AsyncSendV2-10               	  219436	      5518 ns/op	     128 B/op	       2 allocs/op
BenchmarkLibuv_TimerScheduleAndFireV2-10    	   95893	     12601 ns/op	       8 B/op	       1 allocs/op
BenchmarkLibuv_TimerScheduleAndFireV2-10    	   94162	     12713 ns/op	       8 B/op	       1 allocs/op
BenchmarkLibuv_TimerScheduleAndFireV2-10    	   95053	     12817 ns/op	       8 B/op	       1 allocs/op
BenchmarkLibuv_TimerScheduleAndFireV2-10    	   93913	     12699 ns/op	       8 B/op	       1 allocs/op
BenchmarkLibuv_TimerScheduleAndFireV2-10    	   94790	     12694 ns/op	       8 B/op	       1 allocs/op
BenchmarkLibuv_TimerBatchOneShot100V2-10    	   69246	     17468 ns/op	       8 B/op	       1 allocs/op
BenchmarkLibuv_TimerBatchOneShot100V2-10    	   69506	     17355 ns/op	       8 B/op	       1 allocs/op
BenchmarkLibuv_TimerBatchOneShot100V2-10    	   68588	     17316 ns/op	       8 B/op	       1 allocs/op
BenchmarkLibuv_TimerBatchOneShot100V2-10    	   68988	     17507 ns/op	       8 B/op	       1 allocs/op
BenchmarkLibuv_TimerBatchOneShot100V2-10    	   69501	     17329 ns/op	       8 B/op	       1 allocs/op
BenchmarkLibuv_TimerCrossThreadV2-10        	  213723	      5474 ns/op	     128 B/op	       2 allocs/op
BenchmarkLibuv_TimerCrossThreadV2-10        	  221190	      5569 ns/op	     128 B/op	       2 allocs/op
BenchmarkLibuv_TimerCrossThreadV2-10        	  188334	      5712 ns/op	     128 B/op	       2 allocs/op
BenchmarkLibuv_TimerCrossThreadV2-10        	  219891	      5476 ns/op	     128 B/op	       2 allocs/op
BenchmarkLibuv_TimerCrossThreadV2-10        	  222807	      5468 ns/op	     128 B/op	       2 allocs/op
PASS
ok  	github.com/joeycumines/go-eventloop/internal/libuvbaseline	26.162s
tournament: libuv-phase=legacy
go -C /Users/joeyc/dev/scratch/turbo-backup/go-utilpkg/eventloop test -tags=libuv -bench='^BenchmarkLibuv_(AsyncSend|TimerScheduleAndFire|TimerRepeat|TimerCrossThread)$' -benchmem -count=5 -run='^$' -benchtime=1s -timeout=30m ./internal/libuvbaseline
goos: darwin
goarch: arm64
pkg: github.com/joeycumines/go-eventloop/internal/libuvbaseline
cpu: Apple M2 Pro
BenchmarkLibuv_AsyncSend-10               	  376978	      3209 ns/op	       0 B/op	       0 allocs/op
BenchmarkLibuv_AsyncSend-10               	  377878	      3219 ns/op	       0 B/op	       0 allocs/op
BenchmarkLibuv_AsyncSend-10               	  362589	      3172 ns/op	       0 B/op	       0 allocs/op
BenchmarkLibuv_AsyncSend-10               	  382584	      3192 ns/op	       0 B/op	       0 allocs/op
BenchmarkLibuv_AsyncSend-10               	  376359	      3171 ns/op	       0 B/op	       0 allocs/op
BenchmarkLibuv_TimerScheduleAndFire-10    	27235562	        44.48 ns/op	       0 B/op	       0 allocs/op
BenchmarkLibuv_TimerScheduleAndFire-10    	27126510	        43.99 ns/op	       0 B/op	       0 allocs/op
BenchmarkLibuv_TimerScheduleAndFire-10    	27284353	        44.01 ns/op	       0 B/op	       0 allocs/op
BenchmarkLibuv_TimerScheduleAndFire-10    	27243445	        44.42 ns/op	       0 B/op	       0 allocs/op
BenchmarkLibuv_TimerScheduleAndFire-10    	27096470	        44.13 ns/op	       0 B/op	       0 allocs/op
BenchmarkLibuv_TimerRepeat-10             	  287860	      4234 ns/op	       0 B/op	       0 allocs/op
BenchmarkLibuv_TimerRepeat-10             	  290320	      4262 ns/op	       0 B/op	       0 allocs/op
BenchmarkLibuv_TimerRepeat-10             	  289498	      4210 ns/op	       0 B/op	       0 allocs/op
BenchmarkLibuv_TimerRepeat-10             	  289791	      4216 ns/op	       0 B/op	       0 allocs/op
BenchmarkLibuv_TimerRepeat-10             	  284860	      4244 ns/op	       0 B/op	       0 allocs/op
BenchmarkLibuv_TimerCrossThread-10        	  374148	      3197 ns/op	       0 B/op	       0 allocs/op
BenchmarkLibuv_TimerCrossThread-10        	  396687	      3157 ns/op	       0 B/op	       0 allocs/op
BenchmarkLibuv_TimerCrossThread-10        	  374025	      3271 ns/op	       0 B/op	       0 allocs/op
BenchmarkLibuv_TimerCrossThread-10        	  378277	      3174 ns/op	       0 B/op	       0 allocs/op
BenchmarkLibuv_TimerCrossThread-10        	  385575	      3230 ns/op	       0 B/op	       0 allocs/op
PASS
ok  	github.com/joeycumines/go-eventloop/internal/libuvbaseline	26.049s
tournament: complete
