tournament: schema=1
tournament: meta=head=c6e3fb4e9c42f65138974c2e6de2a26114750836
tournament: meta=source-state=clean
tournament: meta=go-version=go version go1.26.2 linux/arm64
tournament: meta=sample-count=5
tournament: meta=manifest-git-blob=3f4195c91a05859b3bfb2987db0898a46a7b7175
tournament: meta=goja-fork-version=
tournament: meta=goja-nodejs-version=v0.0.0-20260508000000-6add961f94bd
GOPRIVATE= GONOSUMDB=* GONOSUMCHECK=* GOWORK=off go -C /work/goja-eventloop mod download
GOPRIVATE= GONOSUMDB=* GONOSUMCHECK=* GOWORK=off go -C /work/goja-grpc mod download
GOPRIVATE= GONOSUMDB=* GONOSUMCHECK=* GOWORK=off go -C /work/goja-protobuf mod download
GOPRIVATE= GONOSUMDB=* GONOSUMCHECK=* GOWORK=off go -C /work/goja-protojson mod download
GOPRIVATE= GONOSUMDB=* GONOSUMCHECK=* GOWORK=off go -C /work/eventloop mod download
GOPRIVATE= GONOSUMDB=* GONOSUMCHECK=* GOWORK=off go -C /work/eventloop/internal/tournament mod download
GOPRIVATE= GONOSUMDB=* GONOSUMCHECK=* GOWORK=off go -C /work/eventloop/internal/gojabaseline mod download
tournament: meta=source-fingerprint=e00b4b9a1221050f6157d539d413d090bcd10ba761aed5f02fa79da77b00196e
Compiling tournament components for darwin/arm64
Compiling tournament components for darwin/amd64
Compiling tournament components for linux/arm64
Compiling tournament components for linux/amd64
Compiling tournament components for windows/arm64
Compiling tournament components for windows/amd64
Compiling tournament components for js/wasm
Compiling tournament components for wasip1/wasm
Compiling tournament components for plan9/amd64
go -C /work/eventloop test  ./internal/tournamentmeta
ok  	github.com/joeycumines/go-eventloop/internal/tournamentmeta	2.734s
PYTHONDONTWRITEBYTECODE=1 python3 -m unittest \
	eventloop.docs.tournament.parse_benchmarks_test \
	eventloop.docs.tournament.protocol_identity_test \
	eventloop.docs.tournament.timer_workload_digest_test
...................................
----------------------------------------------------------------------
Ran 35 tests in 47.044s

OK
go -C /work/eventloop test -count=1 -timeout=30m ./internal/...
ok  	github.com/joeycumines/go-eventloop/internal/alternateone	0.054s
ok  	github.com/joeycumines/go-eventloop/internal/alternatethree	0.058s
ok  	github.com/joeycumines/go-eventloop/internal/alternatetwo	0.018s
?   	github.com/joeycumines/go-eventloop/internal/eventlooptest	[no test files]
ok  	github.com/joeycumines/go-eventloop/internal/libuvbaseline	0.003s
ok  	github.com/joeycumines/go-eventloop/internal/promisealtfive	0.001s
ok  	github.com/joeycumines/go-eventloop/internal/promisealtfour	0.005s
ok  	github.com/joeycumines/go-eventloop/internal/promisealtone	0.024s
ok  	github.com/joeycumines/go-eventloop/internal/promisealtthree	0.002s
ok  	github.com/joeycumines/go-eventloop/internal/promisealttwo	0.002s
ok  	github.com/joeycumines/go-eventloop/internal/promisetournament	0.002s [no tests to run]
ok  	github.com/joeycumines/go-eventloop/internal/tournamentmeta	2.563s
ok  	github.com/joeycumines/go-eventloop/internal/tournamenttest	0.006s
go -C /work/eventloop/internal/tournament test -count=1 -timeout=30m ./...
ok  	github.com/joeycumines/go-eventloop/internal/tournament	54.427s
ok  	github.com/joeycumines/go-eventloop/internal/tournament/component	0.002s
ok  	github.com/joeycumines/go-eventloop/internal/tournament/component/ingresschunkfree	0.005s
ok  	github.com/joeycumines/go-eventloop/internal/tournament/component/ingresssliceswap	0.005s
ok  	github.com/joeycumines/go-eventloop/internal/tournament/component/pollerarray	0.008s
ok  	github.com/joeycumines/go-eventloop/internal/tournament/component/pollerbounded	0.011s
ok  	github.com/joeycumines/go-eventloop/internal/tournament/component/pollerdynamic	0.010s
ok  	github.com/joeycumines/go-eventloop/internal/tournament/component/pollerfixed	0.022s
ok  	github.com/joeycumines/go-eventloop/internal/tournament/component/pollerfixedtoken	0.011s
ok  	github.com/joeycumines/go-eventloop/internal/tournament/component/pollermap	0.004s
ok  	github.com/joeycumines/go-eventloop/internal/tournament/component/timerbucket27	0.005s
ok  	github.com/joeycumines/go-eventloop/internal/tournament/component/timerbucketcurrent	0.005s
ok  	github.com/joeycumines/go-eventloop/internal/tournament/component/timerbucketretire	0.005s
ok  	github.com/joeycumines/go-eventloop/internal/tournament/component/timerheapdeadline	0.002s
ok  	github.com/joeycumines/go-eventloop/internal/tournament/component/timerheapdefer	0.009s
ok  	github.com/joeycumines/go-eventloop/internal/tournament/component/timerheapref	0.004s
ok  	github.com/joeycumines/go-eventloop/internal/tournament/component/timerheapstall	0.003s
ok  	github.com/joeycumines/go-eventloop/internal/tournament/component/timerrefalwayssubmit	0.003s
ok  	github.com/joeycumines/go-eventloop/internal/tournament/component/timerrefclosure0bc	0.090s
ok  	github.com/joeycumines/go-eventloop/internal/tournament/component/timerrefclosure0def	0.089s
ok  	github.com/joeycumines/go-eventloop/internal/tournament/component/timerrefclosure802	0.090s
ok  	github.com/joeycumines/go-eventloop/internal/tournament/component/timerrefclosureawake	0.008s
ok  	github.com/joeycumines/go-eventloop/internal/tournament/component/timerrefclosureb77	82.212s
ok  	github.com/joeycumines/go-eventloop/internal/tournament/component/timerrefclosurecc	82.212s
ok  	github.com/joeycumines/go-eventloop/internal/tournament/component/timerrefclosuregated	0.003s
ok  	github.com/joeycumines/go-eventloop/internal/tournament/component/timerrefclosuresimple	0.007s
ok  	github.com/joeycumines/go-eventloop/internal/tournament/component/timerrefint32	0.003s
ok  	github.com/joeycumines/go-eventloop/internal/tournament/component/timerrefint64	0.003s
ok  	github.com/joeycumines/go-eventloop/internal/tournament/component/timerrefownersubmit	0.004s
ok  	github.com/joeycumines/go-eventloop/internal/tournament/component/timerrefrwmutex	0.005s
ok  	github.com/joeycumines/go-eventloop/internal/tournament/component/timerrefsyncmap	0.005s
ok  	github.com/joeycumines/go-eventloop/internal/tournament/component/timervalueone	0.003s
ok  	github.com/joeycumines/go-eventloop/internal/tournament/component/timervaluethree	0.003s
eventloop: lane=product
go -C /work/eventloop test -bench='^Benchmark(AutoExitImmediate|AutoExitImmediateCancelableContext|ConcurrentSubmissionWakeIntegration|EventTargetDispatchEmptyReusedEvent|EventTargetDispatchFreshEvent|EventTargetDispatchParallelDistinctEvents|EventTargetDispatchParallelDistinctEventsControl|EventTargetDispatchReusedEvent|EventTargetListenerConstruction|EventTargetListenerRegistrationWithLiveSet|FDReadinessDispatchHighCount|FDReadinessDispatchSingle|IdleWakeRecoveryTurnCost|JSAdapterRegistrationLiveSet|LargeDeadlineList|MetricsCollection|MetricsHotPath|MetricsHotPathSnapshot|MicrotaskLatency|MicrotaskScheduleExternal|MicrotaskScheduleLoopThread|MixedWorkload|NextTickRecursiveDrain|NextTickScheduleExternal|NextTickScheduleLoopThread|NoMetrics|PromiseAllFixedArityEndToEnd|PromiseAllSettledFixedArityEndToEnd|PromiseAnyFixedArityEndToEnd|PromiseCreation|PromiseDepthThreeEndToEnd|PromiseRaceFixedArityEndToEnd|PromiseReactionEndToEnd|PromiseSettleNoHandler|PromisifyCompletionEndToEnd|RetentionBoundary|RetentionPostBurstSteady|RetentionPublicSubmissionTerminal|RetentionWarmedSteady|SchedulerInternalExternalBurst|SchedulerPriorityLatency|SetImmediateBurst|SetIntervalSteadyTicks|SparseFDRegistration|SubmitInternalChainHandoff|SubmitLatency|TimerCancelScale|TimerLatency|TimerScheduleRandomDeadlines|TimerScheduleSameDeadline100K)$' -benchmem -count=5 -run='^$' -benchtime=1s -timeout=30m .
goos: linux
goarch: arm64
pkg: github.com/joeycumines/go-eventloop
BenchmarkAutoExitImmediate-10                                   	  166720	      7361 ns/op	   16058 B/op	      33 allocs/op
BenchmarkAutoExitImmediate-10                                   	  166969	      7373 ns/op	   16056 B/op	      33 allocs/op
BenchmarkAutoExitImmediate-10                                   	  164180	      7468 ns/op	   16056 B/op	      33 allocs/op
BenchmarkAutoExitImmediate-10                                   	  158718	      7533 ns/op	   16056 B/op	      33 allocs/op
BenchmarkAutoExitImmediate-10                                   	  159090	      7522 ns/op	   16056 B/op	      33 allocs/op
BenchmarkAutoExitImmediateCancelableContext-10                  	  160208	      7579 ns/op	   16056 B/op	      33 allocs/op
BenchmarkAutoExitImmediateCancelableContext-10                  	  160909	      7619 ns/op	   16056 B/op	      33 allocs/op
BenchmarkAutoExitImmediateCancelableContext-10                  	  156962	      7666 ns/op	   16057 B/op	      33 allocs/op
BenchmarkAutoExitImmediateCancelableContext-10                  	  153288	      7291 ns/op	   16056 B/op	      33 allocs/op
BenchmarkAutoExitImmediateCancelableContext-10                  	  155683	      7923 ns/op	   16056 B/op	      33 allocs/op
BenchmarkEventTargetDispatchReusedEvent-10                      	14030520	        86.15 ns/op	       0 B/op	       0 allocs/op
BenchmarkEventTargetDispatchReusedEvent-10                      	14601315	        85.05 ns/op	       0 B/op	       0 allocs/op
BenchmarkEventTargetDispatchReusedEvent-10                      	14416282	        85.14 ns/op	       0 B/op	       0 allocs/op
BenchmarkEventTargetDispatchReusedEvent-10                      	14060110	        84.68 ns/op	       0 B/op	       0 allocs/op
BenchmarkEventTargetDispatchReusedEvent-10                      	14037727	        85.04 ns/op	       0 B/op	       0 allocs/op
BenchmarkEventTargetDispatchFreshEvent-10                       	12806949	        92.40 ns/op	      48 B/op	       1 allocs/op
BenchmarkEventTargetDispatchFreshEvent-10                       	12942080	        92.09 ns/op	      48 B/op	       1 allocs/op
BenchmarkEventTargetDispatchFreshEvent-10                       	12602151	        92.63 ns/op	      48 B/op	       1 allocs/op
BenchmarkEventTargetDispatchFreshEvent-10                       	13042402	        92.66 ns/op	      48 B/op	       1 allocs/op
BenchmarkEventTargetDispatchFreshEvent-10                       	13119348	        92.21 ns/op	      48 B/op	       1 allocs/op
BenchmarkEventTargetDispatchEmptyReusedEvent-10                 	25322977	        46.57 ns/op	       0 B/op	       0 allocs/op
BenchmarkEventTargetDispatchEmptyReusedEvent-10                 	27250998	        46.29 ns/op	       0 B/op	       0 allocs/op
BenchmarkEventTargetDispatchEmptyReusedEvent-10                 	26429242	        46.50 ns/op	       0 B/op	       0 allocs/op
BenchmarkEventTargetDispatchEmptyReusedEvent-10                 	26964600	        46.19 ns/op	       0 B/op	       0 allocs/op
BenchmarkEventTargetDispatchEmptyReusedEvent-10                 	26234859	        46.02 ns/op	       0 B/op	       0 allocs/op
BenchmarkEventTargetDispatchParallelDistinctEvents-10           	 4784841	       243.3 ns/op	       0 B/op	       0 allocs/op
BenchmarkEventTargetDispatchParallelDistinctEvents-10           	 4983271	       252.5 ns/op	       0 B/op	       0 allocs/op
BenchmarkEventTargetDispatchParallelDistinctEvents-10           	 4838792	       241.0 ns/op	       0 B/op	       0 allocs/op
BenchmarkEventTargetDispatchParallelDistinctEvents-10           	 4670353	       261.2 ns/op	       0 B/op	       0 allocs/op
BenchmarkEventTargetDispatchParallelDistinctEvents-10           	 4744267	       242.5 ns/op	       0 B/op	       0 allocs/op
BenchmarkEventTargetDispatchParallelDistinctEventsControl-10    	 1664904	       739.2 ns/op	       0 B/op	       0 allocs/op
BenchmarkEventTargetDispatchParallelDistinctEventsControl-10    	 1632549	       725.9 ns/op	       0 B/op	       0 allocs/op
BenchmarkEventTargetDispatchParallelDistinctEventsControl-10    	 1656133	       669.6 ns/op	       0 B/op	       0 allocs/op
BenchmarkEventTargetDispatchParallelDistinctEventsControl-10    	 1822150	       734.8 ns/op	       0 B/op	       0 allocs/op
BenchmarkEventTargetDispatchParallelDistinctEventsControl-10    	 1624003	       742.4 ns/op	       0 B/op	       0 allocs/op
BenchmarkEventTargetListenerRegistrationWithLiveSet/0-10        	 8449210	       140.0 ns/op	      32 B/op	       2 allocs/op
BenchmarkEventTargetListenerRegistrationWithLiveSet/0-10        	 8586633	       137.9 ns/op	      32 B/op	       2 allocs/op
BenchmarkEventTargetListenerRegistrationWithLiveSet/0-10        	 8697356	       139.1 ns/op	      32 B/op	       2 allocs/op
BenchmarkEventTargetListenerRegistrationWithLiveSet/0-10        	 8766194	       138.3 ns/op	      32 B/op	       2 allocs/op
BenchmarkEventTargetListenerRegistrationWithLiveSet/0-10        	 8462220	       139.9 ns/op	      32 B/op	       2 allocs/op
BenchmarkEventTargetListenerRegistrationWithLiveSet/100-10      	 8497090	       131.0 ns/op	      32 B/op	       2 allocs/op
BenchmarkEventTargetListenerRegistrationWithLiveSet/100-10      	11493100	       108.3 ns/op	      32 B/op	       2 allocs/op
BenchmarkEventTargetListenerRegistrationWithLiveSet/100-10      	10306363	       117.6 ns/op	      32 B/op	       2 allocs/op
BenchmarkEventTargetListenerRegistrationWithLiveSet/100-10      	11118505	       109.0 ns/op	      32 B/op	       2 allocs/op
BenchmarkEventTargetListenerRegistrationWithLiveSet/100-10      	10715476	       111.6 ns/op	      32 B/op	       2 allocs/op
BenchmarkEventTargetListenerRegistrationWithLiveSet/1000-10     	11441014	       110.8 ns/op	      32 B/op	       2 allocs/op
BenchmarkEventTargetListenerRegistrationWithLiveSet/1000-10     	10903093	       110.3 ns/op	      32 B/op	       2 allocs/op
BenchmarkEventTargetListenerRegistrationWithLiveSet/1000-10     	11106688	       107.6 ns/op	      32 B/op	       2 allocs/op
BenchmarkEventTargetListenerRegistrationWithLiveSet/1000-10     	11402282	       107.1 ns/op	      32 B/op	       2 allocs/op
BenchmarkEventTargetListenerRegistrationWithLiveSet/1000-10     	10127970	       104.2 ns/op	      32 B/op	       2 allocs/op
BenchmarkEventTargetListenerRegistrationWithLiveSet/10000-10    	 8920764	       117.4 ns/op	      32 B/op	       2 allocs/op
BenchmarkEventTargetListenerRegistrationWithLiveSet/10000-10    	10899372	       110.4 ns/op	      32 B/op	       2 allocs/op
BenchmarkEventTargetListenerRegistrationWithLiveSet/10000-10    	11644196	       106.2 ns/op	      32 B/op	       2 allocs/op
BenchmarkEventTargetListenerRegistrationWithLiveSet/10000-10    	10511650	       113.4 ns/op	      32 B/op	       2 allocs/op
BenchmarkEventTargetListenerRegistrationWithLiveSet/10000-10    	10970358	       113.6 ns/op	      32 B/op	       2 allocs/op
BenchmarkEventTargetListenerConstruction/100-10                 	  162463	      7440 ns/op	    4584 B/op	     138 allocs/op
BenchmarkEventTargetListenerConstruction/100-10                 	  161001	      7486 ns/op	    4584 B/op	     138 allocs/op
BenchmarkEventTargetListenerConstruction/100-10                 	  160473	      7440 ns/op	    4584 B/op	     138 allocs/op
BenchmarkEventTargetListenerConstruction/100-10                 	  160506	      7309 ns/op	    4584 B/op	     138 allocs/op
BenchmarkEventTargetListenerConstruction/100-10                 	  168068	      7144 ns/op	    4584 B/op	     138 allocs/op
BenchmarkEventTargetListenerConstruction/1000-10                	   19490	     61919 ns/op	   39624 B/op	    1059 allocs/op
BenchmarkEventTargetListenerConstruction/1000-10                	   18805	     63206 ns/op	   39624 B/op	    1059 allocs/op
BenchmarkEventTargetListenerConstruction/1000-10                	   19594	     62102 ns/op	   39624 B/op	    1059 allocs/op
BenchmarkEventTargetListenerConstruction/1000-10                	   19314	     63183 ns/op	   39624 B/op	    1059 allocs/op
BenchmarkEventTargetListenerConstruction/1000-10                	   18830	     64077 ns/op	   39624 B/op	    1059 allocs/op
BenchmarkEventTargetListenerConstruction/5000-10                	    3966	    310707 ns/op	  243145 B/op	    5080 allocs/op
BenchmarkEventTargetListenerConstruction/5000-10                	    4179	    293565 ns/op	  243144 B/op	    5080 allocs/op
BenchmarkEventTargetListenerConstruction/5000-10                	    4225	    305234 ns/op	  243144 B/op	    5080 allocs/op
BenchmarkEventTargetListenerConstruction/5000-10                	    3914	    313402 ns/op	  243145 B/op	    5080 allocs/op
BenchmarkEventTargetListenerConstruction/5000-10                	    4038	    301573 ns/op	  243144 B/op	    5080 allocs/op
BenchmarkEventTargetListenerConstruction/10000-10               	    2106	    586748 ns/op	  449161 B/op	   10087 allocs/op
BenchmarkEventTargetListenerConstruction/10000-10               	    2068	    584944 ns/op	  449161 B/op	   10087 allocs/op
BenchmarkEventTargetListenerConstruction/10000-10               	    2073	    584124 ns/op	  449161 B/op	   10087 allocs/op
BenchmarkEventTargetListenerConstruction/10000-10               	    2040	    585926 ns/op	  449161 B/op	   10087 allocs/op
BenchmarkEventTargetListenerConstruction/10000-10               	    2113	    601424 ns/op	  449161 B/op	   10087 allocs/op
BenchmarkFDReadinessDispatchSingle-10                           	   19268	     55589 ns/op	      24 B/op	       1 allocs/op
BenchmarkFDReadinessDispatchSingle-10                           	   21378	     54654 ns/op	      24 B/op	       1 allocs/op
BenchmarkFDReadinessDispatchSingle-10                           	   21067	     57094 ns/op	      24 B/op	       1 allocs/op
BenchmarkFDReadinessDispatchSingle-10                           	   22364	     54769 ns/op	      24 B/op	       1 allocs/op
BenchmarkFDReadinessDispatchSingle-10                           	   21765	     54008 ns/op	      24 B/op	       1 allocs/op
BenchmarkFDReadinessDispatchHighCount-10                        	     820	   1522331 ns/op	      1000 fds/op	   24015 B/op	    1000 allocs/op
BenchmarkFDReadinessDispatchHighCount-10                        	     759	   1520682 ns/op	      1000 fds/op	   24016 B/op	    1000 allocs/op
BenchmarkFDReadinessDispatchHighCount-10                        	     795	   1484409 ns/op	      1000 fds/op	   24015 B/op	    1000 allocs/op
BenchmarkFDReadinessDispatchHighCount-10                        	     799	   1509238 ns/op	      1000 fds/op	   24015 B/op	    1000 allocs/op
BenchmarkFDReadinessDispatchHighCount-10                        	     812	   1617403 ns/op	      1000 fds/op	   24015 B/op	    1000 allocs/op
BenchmarkSparseFDRegistration-10                                	  532324	      2141 ns/op	      64 B/op	       5 allocs/op
BenchmarkSparseFDRegistration-10                                	  600979	      2096 ns/op	      64 B/op	       5 allocs/op
BenchmarkSparseFDRegistration-10                                	  543289	      2061 ns/op	      64 B/op	       5 allocs/op
BenchmarkSparseFDRegistration-10                                	  582096	      2070 ns/op	      64 B/op	       5 allocs/op
BenchmarkSparseFDRegistration-10                                	  594855	      2039 ns/op	      64 B/op	       5 allocs/op
BenchmarkJSAdapterRegistrationLiveSet/64-10                     	 1000000	      1038 ns/op	     904 B/op	      13 allocs/op
BenchmarkJSAdapterRegistrationLiveSet/64-10                     	 1000000	      1063 ns/op	     904 B/op	      13 allocs/op
BenchmarkJSAdapterRegistrationLiveSet/64-10                     	 1000000	      1041 ns/op	     904 B/op	      13 allocs/op
BenchmarkJSAdapterRegistrationLiveSet/64-10                     	 1000000	      1035 ns/op	     904 B/op	      13 allocs/op
BenchmarkJSAdapterRegistrationLiveSet/64-10                     	 1000000	      1006 ns/op	     904 B/op	      13 allocs/op
BenchmarkJSAdapterRegistrationLiveSet/1024-10                   	 1431044	       875.6 ns/op	     904 B/op	      13 allocs/op
BenchmarkJSAdapterRegistrationLiveSet/1024-10                   	 1277191	       902.3 ns/op	     904 B/op	      13 allocs/op
BenchmarkJSAdapterRegistrationLiveSet/1024-10                   	 1406667	       837.1 ns/op	     904 B/op	      13 allocs/op
BenchmarkJSAdapterRegistrationLiveSet/1024-10                   	 1422895	       846.3 ns/op	     904 B/op	      13 allocs/op
BenchmarkJSAdapterRegistrationLiveSet/1024-10                   	 1400187	       866.3 ns/op	     904 B/op	      13 allocs/op
BenchmarkMetricsCollection-10                                   	 2081959	       583.5 ns/op	       0 B/op	       0 allocs/op
BenchmarkMetricsCollection-10                                   	 2147498	       592.1 ns/op	       0 B/op	       0 allocs/op
BenchmarkMetricsCollection-10                                   	 2062670	       576.7 ns/op	       0 B/op	       0 allocs/op
BenchmarkMetricsCollection-10                                   	 1891140	       640.5 ns/op	       0 B/op	       0 allocs/op
BenchmarkMetricsCollection-10                                   	 1876506	       633.7 ns/op	       0 B/op	       0 allocs/op
BenchmarkNoMetrics-10                                           	 4021156	       288.3 ns/op	       0 B/op	       0 allocs/op
BenchmarkNoMetrics-10                                           	 4248933	       273.4 ns/op	       0 B/op	       0 allocs/op
BenchmarkNoMetrics-10                                           	 4615237	       289.5 ns/op	       0 B/op	       0 allocs/op
BenchmarkNoMetrics-10                                           	 4374535	       278.4 ns/op	       0 B/op	       0 allocs/op
BenchmarkNoMetrics-10                                           	 4173220	       289.0 ns/op	       0 B/op	       0 allocs/op
BenchmarkPromiseCreation-10                                     	16266582	        72.40 ns/op	      96 B/op	       3 allocs/op
BenchmarkPromiseCreation-10                                     	16492502	        72.99 ns/op	      96 B/op	       3 allocs/op
BenchmarkPromiseCreation-10                                     	16555291	        67.65 ns/op	      96 B/op	       3 allocs/op
BenchmarkPromiseCreation-10                                     	19491990	        67.24 ns/op	      96 B/op	       3 allocs/op
BenchmarkPromiseCreation-10                                     	18649273	        64.76 ns/op	      96 B/op	       3 allocs/op
BenchmarkPromiseSettleNoHandler-10                              	14252493	        83.64 ns/op	      96 B/op	       3 allocs/op
BenchmarkPromiseSettleNoHandler-10                              	14667310	        83.25 ns/op	      96 B/op	       3 allocs/op
BenchmarkPromiseSettleNoHandler-10                              	14701324	        82.16 ns/op	      96 B/op	       3 allocs/op
BenchmarkPromiseSettleNoHandler-10                              	14333763	        83.17 ns/op	      96 B/op	       3 allocs/op
BenchmarkPromiseSettleNoHandler-10                              	14744761	        82.52 ns/op	      96 B/op	       3 allocs/op
BenchmarkPromiseReactionEndToEnd-10                             	  332160	      3822 ns/op	     642 B/op	      19 allocs/op
BenchmarkPromiseReactionEndToEnd-10                             	  325531	      3789 ns/op	     642 B/op	      19 allocs/op
BenchmarkPromiseReactionEndToEnd-10                             	  305518	      4293 ns/op	     638 B/op	      19 allocs/op
BenchmarkPromiseReactionEndToEnd-10                             	  268750	      4353 ns/op	     642 B/op	      19 allocs/op
BenchmarkPromiseReactionEndToEnd-10                             	  273832	      4336 ns/op	     640 B/op	      19 allocs/op
BenchmarkPromiseDepthThreeEndToEnd-10                           	  249982	      5018 ns/op	     897 B/op	      23 allocs/op
BenchmarkPromiseDepthThreeEndToEnd-10                           	  251032	      4995 ns/op	     894 B/op	      23 allocs/op
BenchmarkPromiseDepthThreeEndToEnd-10                           	  247767	      5045 ns/op	     891 B/op	      23 allocs/op
BenchmarkPromiseDepthThreeEndToEnd-10                           	  265437	      4407 ns/op	     895 B/op	      23 allocs/op
BenchmarkPromiseDepthThreeEndToEnd-10                           	  292978	      4397 ns/op	     896 B/op	      23 allocs/op
BenchmarkPromiseAllFixedArityEndToEnd-10                        	  194088	      6166 ns/op	    2122 B/op	      51 allocs/op
BenchmarkPromiseAllFixedArityEndToEnd-10                        	  198234	      6155 ns/op	    2122 B/op	      51 allocs/op
BenchmarkPromiseAllFixedArityEndToEnd-10                        	  186326	      6132 ns/op	    2122 B/op	      51 allocs/op
BenchmarkPromiseAllFixedArityEndToEnd-10                        	  194578	      6182 ns/op	    2121 B/op	      51 allocs/op
BenchmarkPromiseAllFixedArityEndToEnd-10                        	  194598	      6205 ns/op	    2124 B/op	      51 allocs/op
BenchmarkPromiseRaceFixedArityEndToEnd-10                       	  196798	      6129 ns/op	    1669 B/op	      47 allocs/op
BenchmarkPromiseRaceFixedArityEndToEnd-10                       	  200974	      6167 ns/op	    1670 B/op	      47 allocs/op
BenchmarkPromiseRaceFixedArityEndToEnd-10                       	  199240	      6170 ns/op	    1669 B/op	      47 allocs/op
BenchmarkPromiseRaceFixedArityEndToEnd-10                       	  190801	      6099 ns/op	    1668 B/op	      47 allocs/op
BenchmarkPromiseRaceFixedArityEndToEnd-10                       	  192664	      6092 ns/op	    1669 B/op	      47 allocs/op
BenchmarkPromiseAllSettledFixedArityEndToEnd-10                 	  166593	      7228 ns/op	    3787 B/op	      59 allocs/op
BenchmarkPromiseAllSettledFixedArityEndToEnd-10                 	  167922	      7314 ns/op	    3785 B/op	      59 allocs/op
BenchmarkPromiseAllSettledFixedArityEndToEnd-10                 	  161491	      7308 ns/op	    3786 B/op	      59 allocs/op
BenchmarkPromiseAllSettledFixedArityEndToEnd-10                 	  163087	      7370 ns/op	    3787 B/op	      59 allocs/op
BenchmarkPromiseAllSettledFixedArityEndToEnd-10                 	  166047	      7241 ns/op	    3783 B/op	      59 allocs/op
BenchmarkPromiseAnyFixedArityEndToEnd-10                        	  186163	      6347 ns/op	    2103 B/op	      50 allocs/op
BenchmarkPromiseAnyFixedArityEndToEnd-10                        	  188581	      6463 ns/op	    2103 B/op	      50 allocs/op
BenchmarkPromiseAnyFixedArityEndToEnd-10                        	  188127	      6401 ns/op	    2102 B/op	      50 allocs/op
BenchmarkPromiseAnyFixedArityEndToEnd-10                        	  188062	      6381 ns/op	    2102 B/op	      50 allocs/op
BenchmarkPromiseAnyFixedArityEndToEnd-10                        	  184107	      6390 ns/op	    2102 B/op	      50 allocs/op
BenchmarkPromisifyCompletionEndToEnd-10                         	  292471	      4350 ns/op	     471 B/op	       9 allocs/op
BenchmarkPromisifyCompletionEndToEnd-10                         	  292608	      4898 ns/op	     471 B/op	       9 allocs/op
BenchmarkPromisifyCompletionEndToEnd-10                         	  277839	      4439 ns/op	     477 B/op	       9 allocs/op
BenchmarkPromisifyCompletionEndToEnd-10                         	  269592	      4521 ns/op	     480 B/op	       9 allocs/op
BenchmarkPromisifyCompletionEndToEnd-10                         	  289784	      4478 ns/op	     472 B/op	       9 allocs/op
BenchmarkSchedulerPriorityLatency-10                            	   29044	     40789 ns/op	         0 externals_before_internal/op	      3724 priority_latency_ns/op	    2096 B/op	      71 allocs/op
BenchmarkSchedulerPriorityLatency-10                            	   29368	     41506 ns/op	         0 externals_before_internal/op	      4139 priority_latency_ns/op	    2096 B/op	      71 allocs/op
BenchmarkSchedulerPriorityLatency-10                            	   29416	     41243 ns/op	         0 externals_before_internal/op	      3719 priority_latency_ns/op	    2096 B/op	      71 allocs/op
BenchmarkSchedulerPriorityLatency-10                            	   29143	     40294 ns/op	         0 externals_before_internal/op	      3774 priority_latency_ns/op	    2096 B/op	      71 allocs/op
BenchmarkSchedulerPriorityLatency-10                            	   30020	     40916 ns/op	         0 externals_before_internal/op	      4114 priority_latency_ns/op	    2096 B/op	      71 allocs/op
BenchmarkSubmitInternalChainHandoff-10                          	   63321	     18713 ns/op	        32.00 handoffs/op	     784 B/op	      33 allocs/op
BenchmarkSubmitInternalChainHandoff-10                          	   65361	     18431 ns/op	        32.00 handoffs/op	     784 B/op	      33 allocs/op
BenchmarkSubmitInternalChainHandoff-10                          	   64064	     18615 ns/op	        32.00 handoffs/op	     784 B/op	      33 allocs/op
BenchmarkSubmitInternalChainHandoff-10                          	   65018	     18794 ns/op	        32.00 handoffs/op	     784 B/op	      33 allocs/op
BenchmarkSubmitInternalChainHandoff-10                          	   64218	     18770 ns/op	        32.00 handoffs/op	     784 B/op	      33 allocs/op
BenchmarkSchedulerInternalExternalBurst-10                      	  597662	      1978 ns/op	      32 B/op	       2 allocs/op
BenchmarkSchedulerInternalExternalBurst-10                      	  577593	      1975 ns/op	      32 B/op	       2 allocs/op
BenchmarkSchedulerInternalExternalBurst-10                      	  568360	      1991 ns/op	      32 B/op	       2 allocs/op
BenchmarkSchedulerInternalExternalBurst-10                      	  606247	      1995 ns/op	      32 B/op	       2 allocs/op
BenchmarkSchedulerInternalExternalBurst-10                      	  620010	      2133 ns/op	      32 B/op	       2 allocs/op
BenchmarkRetentionWarmedSteady/function-queue-10                	100000000	        11.34 ns/op	       0 B/op	       0 allocs/op
BenchmarkRetentionWarmedSteady/function-queue-10                	100000000	        11.37 ns/op	       0 B/op	       0 allocs/op
BenchmarkRetentionWarmedSteady/function-queue-10                	214296349	        11.36 ns/op	       0 B/op	       0 allocs/op
BenchmarkRetentionWarmedSteady/function-queue-10                	100000000	        11.38 ns/op	       0 B/op	       0 allocs/op
BenchmarkRetentionWarmedSteady/function-queue-10                	213395059	        11.36 ns/op	       0 B/op	       0 allocs/op
BenchmarkRetentionWarmedSteady/command-ingress-10               	62877566	        19.03 ns/op	       0 B/op	       0 allocs/op
BenchmarkRetentionWarmedSteady/command-ingress-10               	62415614	        19.10 ns/op	       0 B/op	       0 allocs/op
BenchmarkRetentionWarmedSteady/command-ingress-10               	62847517	        19.08 ns/op	       0 B/op	       0 allocs/op
BenchmarkRetentionWarmedSteady/command-ingress-10               	62864940	        19.04 ns/op	       0 B/op	       0 allocs/op
BenchmarkRetentionWarmedSteady/command-ingress-10               	62766702	        19.07 ns/op	       0 B/op	       0 allocs/op
BenchmarkRetentionWarmedSteady/owner-check-10                   	133835444	         8.981 ns/op	       0 B/op	       0 allocs/op
BenchmarkRetentionWarmedSteady/owner-check-10                   	133892662	         8.973 ns/op	       0 B/op	       0 allocs/op
BenchmarkRetentionWarmedSteady/owner-check-10                   	134138917	         8.990 ns/op	       0 B/op	       0 allocs/op
BenchmarkRetentionWarmedSteady/owner-check-10                   	133913848	         8.987 ns/op	       0 B/op	       0 allocs/op
BenchmarkRetentionWarmedSteady/owner-check-10                   	133478862	         9.001 ns/op	       0 B/op	       0 allocs/op
BenchmarkRetentionWarmedSteady/mixed-check-10                   	23759905	        52.34 ns/op	       0 B/op	       0 allocs/op
BenchmarkRetentionWarmedSteady/mixed-check-10                   	23727801	        51.68 ns/op	       0 B/op	       0 allocs/op
BenchmarkRetentionWarmedSteady/mixed-check-10                   	22291797	        50.86 ns/op	       0 B/op	       0 allocs/op
BenchmarkRetentionWarmedSteady/mixed-check-10                   	23820550	        52.44 ns/op	       0 B/op	       0 allocs/op
BenchmarkRetentionWarmedSteady/mixed-check-10                   	23946798	        52.41 ns/op	       0 B/op	       0 allocs/op
BenchmarkRetentionBoundary/function-queue-10                    	   62602	     19287 ns/op	         0 retained-B	   48248 B/op	      13 allocs/op
BenchmarkRetentionBoundary/function-queue-10                    	   61664	     19275 ns/op	         0 retained-B	   48248 B/op	      13 allocs/op
BenchmarkRetentionBoundary/function-queue-10                    	   62102	     19183 ns/op	         0 retained-B	   48248 B/op	      13 allocs/op
BenchmarkRetentionBoundary/function-queue-10                    	   62396	     19237 ns/op	         0 retained-B	   48248 B/op	      13 allocs/op
BenchmarkRetentionBoundary/function-queue-10                    	   63152	     19257 ns/op	         0 retained-B	   48248 B/op	      13 allocs/op
BenchmarkRetentionBoundary/command-ingress-10                   	  105313	     11577 ns/op	         0 retained-B	   49008 B/op	       9 allocs/op
BenchmarkRetentionBoundary/command-ingress-10                   	  104793	     11713 ns/op	         0 retained-B	   49008 B/op	       9 allocs/op
BenchmarkRetentionBoundary/command-ingress-10                   	  103310	     11722 ns/op	         0 retained-B	   49008 B/op	       9 allocs/op
BenchmarkRetentionBoundary/command-ingress-10                   	  103855	     11638 ns/op	         0 retained-B	   49008 B/op	       9 allocs/op
BenchmarkRetentionBoundary/command-ingress-10                   	  103507	     11649 ns/op	         0 retained-B	   49008 B/op	       9 allocs/op
BenchmarkRetentionBoundary/owner-check-10                       	   89539	     13661 ns/op	         0 retained-B	   59368 B/op	      11 allocs/op
BenchmarkRetentionBoundary/owner-check-10                       	   88213	     13471 ns/op	         0 retained-B	   59368 B/op	      11 allocs/op
BenchmarkRetentionBoundary/owner-check-10                       	   91320	     13623 ns/op	         0 retained-B	   59368 B/op	      11 allocs/op
BenchmarkRetentionBoundary/owner-check-10                       	   87111	     13515 ns/op	         0 retained-B	   59368 B/op	      11 allocs/op
BenchmarkRetentionBoundary/owner-check-10                       	   89767	     13703 ns/op	         0 retained-B	   59368 B/op	      11 allocs/op
BenchmarkRetentionBoundary/registry-10                          	    1676	    709480 ns/op	  850240 B/op	     113 allocs/op
BenchmarkRetentionBoundary/registry-10                          	    1711	    704664 ns/op	  850240 B/op	     113 allocs/op
BenchmarkRetentionBoundary/registry-10                          	    1710	    751210 ns/op	  850239 B/op	     113 allocs/op
BenchmarkRetentionBoundary/registry-10                          	    1578	    763688 ns/op	  850240 B/op	     113 allocs/op
BenchmarkRetentionBoundary/registry-10                          	    1054	   1139079 ns/op	  850250 B/op	     113 allocs/op
BenchmarkRetentionPostBurstSteady/function-queue-10             	206265928	        11.62 ns/op	       0 B/op	       0 allocs/op
BenchmarkRetentionPostBurstSteady/function-queue-10             	209455184	        11.62 ns/op	       0 B/op	       0 allocs/op
BenchmarkRetentionPostBurstSteady/function-queue-10             	178745119	        12.62 ns/op	       0 B/op	       0 allocs/op
BenchmarkRetentionPostBurstSteady/function-queue-10             	213149282	        11.79 ns/op	       0 B/op	       0 allocs/op
BenchmarkRetentionPostBurstSteady/function-queue-10             	207937318	        11.46 ns/op	       0 B/op	       0 allocs/op
BenchmarkRetentionPostBurstSteady/command-ingress-10            	61443799	        19.60 ns/op	       0 B/op	       0 allocs/op
BenchmarkRetentionPostBurstSteady/command-ingress-10            	61509151	        19.60 ns/op	       0 B/op	       0 allocs/op
BenchmarkRetentionPostBurstSteady/command-ingress-10            	60886015	        19.52 ns/op	       0 B/op	       0 allocs/op
BenchmarkRetentionPostBurstSteady/command-ingress-10            	87330057	        13.61 ns/op	       0 B/op	       0 allocs/op
BenchmarkRetentionPostBurstSteady/command-ingress-10            	87434611	        13.59 ns/op	       0 B/op	       0 allocs/op
BenchmarkRetentionPostBurstSteady/owner-check-10                	205480741	         5.886 ns/op	       0 B/op	       0 allocs/op
BenchmarkRetentionPostBurstSteady/owner-check-10                	203923689	         5.863 ns/op	       0 B/op	       0 allocs/op
BenchmarkRetentionPostBurstSteady/owner-check-10                	204632263	         5.870 ns/op	       0 B/op	       0 allocs/op
BenchmarkRetentionPostBurstSteady/owner-check-10                	205051047	         5.884 ns/op	       0 B/op	       0 allocs/op
BenchmarkRetentionPostBurstSteady/owner-check-10                	203674528	         6.030 ns/op	       0 B/op	       0 allocs/op
BenchmarkRetentionPostBurstSteady/registry-10                   	41690913	        26.28 ns/op	       0 B/op	       0 allocs/op
BenchmarkRetentionPostBurstSteady/registry-10                   	49652346	        30.73 ns/op	       0 B/op	       0 allocs/op
BenchmarkRetentionPostBurstSteady/registry-10                   	42280380	        38.85 ns/op	       0 B/op	       0 allocs/op
BenchmarkRetentionPostBurstSteady/registry-10                   	29151333	        37.35 ns/op	       0 B/op	       0 allocs/op
BenchmarkRetentionPostBurstSteady/registry-10                   	30826318	        36.38 ns/op	       0 B/op	       0 allocs/op
BenchmarkRetentionPublicSubmissionTerminal-10                   	    8275	    172029 ns/op	       187.0 callbacks/op	         0 retained-B/op	   69979 B/op	      58 allocs/op
BenchmarkRetentionPublicSubmissionTerminal-10                   	    9148	    138352 ns/op	       187.0 callbacks/op	         0 retained-B/op	   69978 B/op	      58 allocs/op
BenchmarkRetentionPublicSubmissionTerminal-10                   	   13459	     97485 ns/op	       187.0 callbacks/op	         0 retained-B/op	   69978 B/op	      58 allocs/op
BenchmarkRetentionPublicSubmissionTerminal-10                   	   13434	     85010 ns/op	       187.0 callbacks/op	         0 retained-B/op	   69978 B/op	      58 allocs/op
BenchmarkRetentionPublicSubmissionTerminal-10                   	   14150	     86231 ns/op	       187.0 callbacks/op	         0 retained-B/op	   69977 B/op	      58 allocs/op
BenchmarkSubmitLatency-10                                       	  985484	      1207 ns/op	      16 B/op	       1 allocs/op
BenchmarkSubmitLatency-10                                       	  974922	      1182 ns/op	      16 B/op	       1 allocs/op
BenchmarkSubmitLatency-10                                       	  961923	      1200 ns/op	      16 B/op	       1 allocs/op
BenchmarkSubmitLatency-10                                       	  968385	      1166 ns/op	      16 B/op	       1 allocs/op
BenchmarkSubmitLatency-10                                       	  989914	      1165 ns/op	      16 B/op	       1 allocs/op
BenchmarkMicrotaskLatency-10                                    	  381559	      3125 ns/op	     297 B/op	      12 allocs/op
BenchmarkMicrotaskLatency-10                                    	  349314	      3134 ns/op	     296 B/op	      12 allocs/op
BenchmarkMicrotaskLatency-10                                    	  366852	      3323 ns/op	     292 B/op	      12 allocs/op
BenchmarkMicrotaskLatency-10                                    	  438968	      3241 ns/op	     297 B/op	      12 allocs/op
BenchmarkMicrotaskLatency-10                                    	  370303	      3155 ns/op	     296 B/op	      12 allocs/op
BenchmarkTimerLatency-10                                        	  617546	      1880 ns/op	     128 B/op	       2 allocs/op
BenchmarkTimerLatency-10                                        	  615172	      1863 ns/op	     128 B/op	       2 allocs/op
BenchmarkTimerLatency-10                                        	  636590	      1987 ns/op	     128 B/op	       2 allocs/op
BenchmarkTimerLatency-10                                        	  627586	      1899 ns/op	     128 B/op	       2 allocs/op
BenchmarkTimerLatency-10                                        	  622840	      1898 ns/op	     128 B/op	       2 allocs/op
BenchmarkMixedWorkload-10                                       	 2433705	       499.6 ns/op	     371 B/op	       1 allocs/op
BenchmarkMixedWorkload-10                                       	 2419621	       498.7 ns/op	     374 B/op	       1 allocs/op
BenchmarkMixedWorkload-10                                       	 2453451	       507.1 ns/op	     378 B/op	       1 allocs/op
BenchmarkMixedWorkload-10                                       	 2472492	       507.7 ns/op	     350 B/op	       1 allocs/op
BenchmarkMixedWorkload-10                                       	 2447030	       508.5 ns/op	     370 B/op	       1 allocs/op
BenchmarkLargeDeadlineList-10                                   	  598862	      2054 ns/op	     240 B/op	       3 allocs/op
BenchmarkLargeDeadlineList-10                                   	  569031	      2016 ns/op	     240 B/op	       3 allocs/op
BenchmarkLargeDeadlineList-10                                   	  590328	      2004 ns/op	     240 B/op	       3 allocs/op
BenchmarkLargeDeadlineList-10                                   	  582056	      2022 ns/op	     240 B/op	       3 allocs/op
BenchmarkLargeDeadlineList-10                                   	  597062	      2018 ns/op	     240 B/op	       3 allocs/op
BenchmarkMicrotaskScheduleExternal-10                           	 4891476	       281.5 ns/op	     372 B/op	       0 allocs/op
BenchmarkMicrotaskScheduleExternal-10                           	 4390094	       237.1 ns/op	     367 B/op	       0 allocs/op
BenchmarkMicrotaskScheduleExternal-10                           	 4954246	       258.9 ns/op	     370 B/op	       0 allocs/op
BenchmarkMicrotaskScheduleExternal-10                           	 4845447	       249.4 ns/op	     365 B/op	       0 allocs/op
BenchmarkMicrotaskScheduleExternal-10                           	 4862581	       245.8 ns/op	     367 B/op	       0 allocs/op
BenchmarkMicrotaskScheduleLoopThread-10                         	15756069	        63.59 ns/op	      84 B/op	       0 allocs/op
BenchmarkMicrotaskScheduleLoopThread-10                         	20137620	        63.19 ns/op	      84 B/op	       0 allocs/op
BenchmarkMicrotaskScheduleLoopThread-10                         	24827200	        59.68 ns/op	      84 B/op	       0 allocs/op
BenchmarkMicrotaskScheduleLoopThread-10                         	19705201	        62.50 ns/op	      84 B/op	       0 allocs/op
BenchmarkMicrotaskScheduleLoopThread-10                         	18759110	        71.40 ns/op	      84 B/op	       0 allocs/op
BenchmarkNextTickScheduleExternal-10                            	 5087152	       249.0 ns/op	     344 B/op	       0 allocs/op
BenchmarkNextTickScheduleExternal-10                            	 5067706	       246.0 ns/op	     344 B/op	       0 allocs/op
BenchmarkNextTickScheduleExternal-10                            	 5189796	       248.1 ns/op	     341 B/op	       0 allocs/op
BenchmarkNextTickScheduleExternal-10                            	 4896297	       248.8 ns/op	     345 B/op	       0 allocs/op
BenchmarkNextTickScheduleExternal-10                            	 4979678	       247.2 ns/op	     351 B/op	       0 allocs/op
BenchmarkNextTickScheduleLoopThread-10                          	36276744	        28.83 ns/op	      42 B/op	       0 allocs/op
BenchmarkNextTickScheduleLoopThread-10                          	38683054	        28.47 ns/op	      42 B/op	       0 allocs/op
BenchmarkNextTickScheduleLoopThread-10                          	43166372	        29.23 ns/op	      42 B/op	       0 allocs/op
BenchmarkNextTickScheduleLoopThread-10                          	42385038	        31.69 ns/op	      42 B/op	       0 allocs/op
BenchmarkNextTickScheduleLoopThread-10                          	43259875	        28.93 ns/op	      42 B/op	       0 allocs/op
BenchmarkNextTickRecursiveDrain-10                              	24171111	        50.40 ns/op	       0 B/op	       0 allocs/op
BenchmarkNextTickRecursiveDrain-10                              	24100720	        50.07 ns/op	       0 B/op	       0 allocs/op
BenchmarkNextTickRecursiveDrain-10                              	23769043	        50.13 ns/op	       0 B/op	       0 allocs/op
BenchmarkNextTickRecursiveDrain-10                              	23808656	        42.31 ns/op	       0 B/op	       0 allocs/op
BenchmarkNextTickRecursiveDrain-10                              	28369353	        50.53 ns/op	       0 B/op	       0 allocs/op
BenchmarkTimerScheduleSameDeadline100K-10                       	      73	  15755045 ns/op	    100000 timers/op	16000652 B/op	  101358 allocs/op
BenchmarkTimerScheduleSameDeadline100K-10                       	      73	  15508183 ns/op	    100000 timers/op	15935333 B/op	  100848 allocs/op
BenchmarkTimerScheduleSameDeadline100K-10                       	      74	  14346432 ns/op	    100000 timers/op	16031237 B/op	  101597 allocs/op
BenchmarkTimerScheduleSameDeadline100K-10                       	      76	  14699452 ns/op	    100000 timers/op	16050946 B/op	  101751 allocs/op
BenchmarkTimerScheduleSameDeadline100K-10                       	      82	  14606243 ns/op	    100000 timers/op	15995622 B/op	  101320 allocs/op
BenchmarkTimerScheduleRandomDeadlines-10                        	 2150989	       631.8 ns/op	     424 B/op	       2 allocs/op
BenchmarkTimerScheduleRandomDeadlines-10                        	 2097385	       629.2 ns/op	     411 B/op	       2 allocs/op
BenchmarkTimerScheduleRandomDeadlines-10                        	 2195426	       625.8 ns/op	     407 B/op	       2 allocs/op
BenchmarkTimerScheduleRandomDeadlines-10                        	 2085817	       611.6 ns/op	     429 B/op	       2 allocs/op
BenchmarkTimerScheduleRandomDeadlines-10                        	 2116267	       599.4 ns/op	     427 B/op	       2 allocs/op
BenchmarkTimerCancelScale-10                                    	 6427582	       298.7 ns/op	      73 B/op	       0 allocs/op
BenchmarkTimerCancelScale-10                                    	 5476872	       280.6 ns/op	      76 B/op	       0 allocs/op
BenchmarkTimerCancelScale-10                                    	 5356478	       306.9 ns/op	      77 B/op	       0 allocs/op
BenchmarkTimerCancelScale-10                                    	 4881482	       272.4 ns/op	      75 B/op	       0 allocs/op
BenchmarkTimerCancelScale-10                                    	 5428629	       291.6 ns/op	      73 B/op	       0 allocs/op
BenchmarkSetIntervalSteadyTicks-10                              	 1000000	      1067 ns/op	       0 B/op	       0 allocs/op
BenchmarkSetIntervalSteadyTicks-10                              	 1000000	      1098 ns/op	       0 B/op	       0 allocs/op
BenchmarkSetIntervalSteadyTicks-10                              	 1000000	      1080 ns/op	       0 B/op	       0 allocs/op
BenchmarkSetIntervalSteadyTicks-10                              	 1000000	      1063 ns/op	       0 B/op	       0 allocs/op
BenchmarkSetIntervalSteadyTicks-10                              	 1000000	      1074 ns/op	       0 B/op	       0 allocs/op
BenchmarkSetImmediateBurst-10                                   	 1000000	      1021 ns/op	     605 B/op	       3 allocs/op
BenchmarkSetImmediateBurst-10                                   	 1000000	      1043 ns/op	     615 B/op	       3 allocs/op
BenchmarkSetImmediateBurst-10                                   	 1210669	      1092 ns/op	     624 B/op	       3 allocs/op
BenchmarkSetImmediateBurst-10                                   	 1000000	      1057 ns/op	     614 B/op	       3 allocs/op
BenchmarkSetImmediateBurst-10                                   	 1000000	      1061 ns/op	     616 B/op	       3 allocs/op
BenchmarkMetricsHotPath-10                                      	 8924772	       133.9 ns/op	       0 B/op	       0 allocs/op
BenchmarkMetricsHotPath-10                                      	 8926302	       135.4 ns/op	       0 B/op	       0 allocs/op
BenchmarkMetricsHotPath-10                                      	 8981906	       134.0 ns/op	       0 B/op	       0 allocs/op
BenchmarkMetricsHotPath-10                                      	 8788468	       133.4 ns/op	       0 B/op	       0 allocs/op
BenchmarkMetricsHotPath-10                                      	 9002120	       135.7 ns/op	       0 B/op	       0 allocs/op
BenchmarkMetricsHotPathSnapshot-10                              	 6331030	       189.2 ns/op	     144 B/op	       1 allocs/op
BenchmarkMetricsHotPathSnapshot-10                              	 6379113	       189.0 ns/op	     144 B/op	       1 allocs/op
BenchmarkMetricsHotPathSnapshot-10                              	 6359838	       190.0 ns/op	     144 B/op	       1 allocs/op
BenchmarkMetricsHotPathSnapshot-10                              	 6412285	       190.0 ns/op	     144 B/op	       1 allocs/op
BenchmarkMetricsHotPathSnapshot-10                              	 6278835	       190.0 ns/op	     144 B/op	       1 allocs/op
BenchmarkIdleWakeRecoveryTurnCost/empty-native-poll-turn-10     	 5057227	       239.7 ns/op	       0 B/op	       0 allocs/op
BenchmarkIdleWakeRecoveryTurnCost/empty-native-poll-turn-10     	 5035507	       242.5 ns/op	       0 B/op	       0 allocs/op
BenchmarkIdleWakeRecoveryTurnCost/empty-native-poll-turn-10     	 4889184	       240.4 ns/op	       0 B/op	       0 allocs/op
BenchmarkIdleWakeRecoveryTurnCost/empty-native-poll-turn-10     	 5031660	       243.4 ns/op	       0 B/op	       0 allocs/op
BenchmarkIdleWakeRecoveryTurnCost/empty-native-poll-turn-10     	 4932500	       241.4 ns/op	       0 B/op	       0 allocs/op
BenchmarkIdleWakeRecoveryTurnCost/empty-fast-channel-probe-10   	332014191	         3.615 ns/op	       0 B/op	       0 allocs/op
BenchmarkIdleWakeRecoveryTurnCost/empty-fast-channel-probe-10   	330645878	         3.636 ns/op	       0 B/op	       0 allocs/op
BenchmarkIdleWakeRecoveryTurnCost/empty-fast-channel-probe-10   	329697577	         3.635 ns/op	       0 B/op	       0 allocs/op
BenchmarkIdleWakeRecoveryTurnCost/empty-fast-channel-probe-10   	333654475	         3.609 ns/op	       0 B/op	       0 allocs/op
BenchmarkIdleWakeRecoveryTurnCost/empty-fast-channel-probe-10   	331031818	         3.623 ns/op	       0 B/op	       0 allocs/op
BenchmarkConcurrentSubmissionWakeIntegration-10                 	 4310336	       264.3 ns/op	     317 B/op	       1 allocs/op
BenchmarkConcurrentSubmissionWakeIntegration-10                 	 4207418	       260.7 ns/op	     318 B/op	       1 allocs/op
BenchmarkConcurrentSubmissionWakeIntegration-10                 	 4073517	       260.7 ns/op	     317 B/op	       1 allocs/op
BenchmarkConcurrentSubmissionWakeIntegration-10                 	 4115788	       280.3 ns/op	     315 B/op	       1 allocs/op
BenchmarkConcurrentSubmissionWakeIntegration-10                 	 4027552	       285.6 ns/op	     316 B/op	       1 allocs/op
PASS
ok  	github.com/joeycumines/go-eventloop	538.682s
tournament: lane=scheduler
go -C /work/eventloop/internal/tournament test -bench='^Benchmark(GCPressure|GCPressure_Allocations|MultiProducer|MultiProducerContention|PingPong|PingPongLatency|BurstSubmit|MicroBatchBudget_Throughput|MicroBatchBudget_Latency|MicroBatchBudget_Continuous|MicroBatchBudget_Mixed|MicroCASContention|MicroCASContention_Latency|MicrotaskRoundTrip|MicroWakeupSyscall_Running|MicroWakeupSyscall_Sleeping|MicroWakeupSyscall_Burst|MicroWakeupSyscall_RapidSubmit|PromisesV2|ReadinessRoundTrip|SchedulerPriorityLatency|SubmitInternalChainHandoff|SchedulerInternalExternalBurst)$' -benchmem -count=5 -run='^$' -benchtime=1s -timeout=30m .
goos: linux
goarch: arm64
pkg: github.com/joeycumines/go-eventloop/internal/tournament
BenchmarkGCPressure/Main-10                   	 1229407	       986.4 ns/op	     321 B/op	       1 allocs/op
BenchmarkGCPressure/Main-10                   	 1219659	       979.5 ns/op	     322 B/op	       1 allocs/op
BenchmarkGCPressure/Main-10                   	 1226724	       980.7 ns/op	     320 B/op	       1 allocs/op
BenchmarkGCPressure/Main-10                   	 1248916	       982.4 ns/op	     321 B/op	       1 allocs/op
BenchmarkGCPressure/Main-10                   	 1237600	       963.3 ns/op	     322 B/op	       1 allocs/op
BenchmarkGCPressure/MainFastPathForced-10     	 1239426	       979.2 ns/op	     321 B/op	       1 allocs/op
BenchmarkGCPressure/MainFastPathForced-10     	 1229727	       970.6 ns/op	     322 B/op	       1 allocs/op
BenchmarkGCPressure/MainFastPathForced-10     	 1249882	       968.2 ns/op	     321 B/op	       1 allocs/op
BenchmarkGCPressure/MainFastPathForced-10     	 1242721	       968.4 ns/op	     321 B/op	       1 allocs/op
BenchmarkGCPressure/MainFastPathForced-10     	 1000000	      1002 ns/op	     322 B/op	       1 allocs/op
BenchmarkGCPressure/MainFastPathDisabled-10   	 1215174	       970.2 ns/op	     323 B/op	       1 allocs/op
BenchmarkGCPressure/MainFastPathDisabled-10   	 1235500	       971.9 ns/op	     321 B/op	       1 allocs/op
BenchmarkGCPressure/MainFastPathDisabled-10   	 1000000	      1063 ns/op	     315 B/op	       1 allocs/op
BenchmarkGCPressure/MainFastPathDisabled-10   	 1221261	       975.6 ns/op	     320 B/op	       1 allocs/op
BenchmarkGCPressure/MainFastPathDisabled-10   	 1213002	       979.3 ns/op	     322 B/op	       1 allocs/op
BenchmarkGCPressure/AlternateOne-10           	 2537157	       466.0 ns/op	      30 B/op	       1 allocs/op
BenchmarkGCPressure/AlternateOne-10           	 2532195	       452.2 ns/op	      30 B/op	       1 allocs/op
BenchmarkGCPressure/AlternateOne-10           	 2515328	       459.7 ns/op	      30 B/op	       1 allocs/op
BenchmarkGCPressure/AlternateOne-10           	 2528142	       466.7 ns/op	      30 B/op	       1 allocs/op
BenchmarkGCPressure/AlternateOne-10           	 2587602	       449.1 ns/op	      30 B/op	       1 allocs/op
BenchmarkGCPressure/AlternateTwo-10           	 2902005	       403.5 ns/op	      37 B/op	       1 allocs/op
BenchmarkGCPressure/AlternateTwo-10           	 2806858	       431.3 ns/op	      36 B/op	       1 allocs/op
BenchmarkGCPressure/AlternateTwo-10           	 2736982	       466.7 ns/op	      38 B/op	       1 allocs/op
BenchmarkGCPressure/AlternateTwo-10           	 2815894	       431.5 ns/op	      36 B/op	       1 allocs/op
BenchmarkGCPressure/AlternateTwo-10           	 2779366	       430.2 ns/op	      37 B/op	       1 allocs/op
BenchmarkGCPressure/AlternateThree-10         	 2963298	       403.1 ns/op	      27 B/op	       1 allocs/op
BenchmarkGCPressure/AlternateThree-10         	 2769415	       415.2 ns/op	      27 B/op	       1 allocs/op
BenchmarkGCPressure/AlternateThree-10         	 2947197	       416.1 ns/op	      27 B/op	       1 allocs/op
BenchmarkGCPressure/AlternateThree-10         	 2920345	       407.3 ns/op	      27 B/op	       1 allocs/op
BenchmarkGCPressure/AlternateThree-10         	 2850104	       409.1 ns/op	      27 B/op	       1 allocs/op
BenchmarkGCPressure/Baseline-10               	 3338228	       397.9 ns/op	      64 B/op	       3 allocs/op
BenchmarkGCPressure/Baseline-10               	 3185824	       376.8 ns/op	      64 B/op	       3 allocs/op
BenchmarkGCPressure/Baseline-10               	 2962884	       384.7 ns/op	      64 B/op	       3 allocs/op
BenchmarkGCPressure/Baseline-10               	 3255464	       416.0 ns/op	      64 B/op	       3 allocs/op
BenchmarkGCPressure/Baseline-10               	 3227025	       372.3 ns/op	      64 B/op	       3 allocs/op
BenchmarkGCPressure_Allocations/Main-10       	 1239674	       974.6 ns/op	     320 B/op	       1 allocs/op
BenchmarkGCPressure_Allocations/Main-10       	 1226913	       998.9 ns/op	     321 B/op	       1 allocs/op
BenchmarkGCPressure_Allocations/Main-10       	 1000000	      1119 ns/op	     311 B/op	       1 allocs/op
BenchmarkGCPressure_Allocations/Main-10       	 1000000	      1125 ns/op	     309 B/op	       1 allocs/op
BenchmarkGCPressure_Allocations/Main-10       	 1000000	      1126 ns/op	     308 B/op	       1 allocs/op
BenchmarkGCPressure_Allocations/MainFastPathForced-10         	 1000000	      1063 ns/op	     310 B/op	       1 allocs/op
BenchmarkGCPressure_Allocations/MainFastPathForced-10         	 1000000	      1050 ns/op	     309 B/op	       1 allocs/op
BenchmarkGCPressure_Allocations/MainFastPathForced-10         	 1000000	      1067 ns/op	     309 B/op	       1 allocs/op
BenchmarkGCPressure_Allocations/MainFastPathForced-10         	 1000000	      1049 ns/op	     307 B/op	       1 allocs/op
BenchmarkGCPressure_Allocations/MainFastPathForced-10         	 1000000	      1131 ns/op	     312 B/op	       1 allocs/op
BenchmarkGCPressure_Allocations/MainFastPathDisabled-10       	 1000000	      1117 ns/op	     308 B/op	       1 allocs/op
BenchmarkGCPressure_Allocations/MainFastPathDisabled-10       	 1000000	      1063 ns/op	     312 B/op	       1 allocs/op
BenchmarkGCPressure_Allocations/MainFastPathDisabled-10       	 1000000	      1123 ns/op	     310 B/op	       1 allocs/op
BenchmarkGCPressure_Allocations/MainFastPathDisabled-10       	 1000000	      1087 ns/op	     311 B/op	       1 allocs/op
BenchmarkGCPressure_Allocations/MainFastPathDisabled-10       	 1000000	      1064 ns/op	     310 B/op	       1 allocs/op
BenchmarkGCPressure_Allocations/AlternateOne-10               	 2511042	       464.8 ns/op	      30 B/op	       1 allocs/op
BenchmarkGCPressure_Allocations/AlternateOne-10               	 2645989	       470.1 ns/op	      30 B/op	       1 allocs/op
BenchmarkGCPressure_Allocations/AlternateOne-10               	 2644249	       481.7 ns/op	      30 B/op	       1 allocs/op
BenchmarkGCPressure_Allocations/AlternateOne-10               	 2555330	       468.8 ns/op	      30 B/op	       1 allocs/op
BenchmarkGCPressure_Allocations/AlternateOne-10               	 2447400	       479.0 ns/op	      30 B/op	       1 allocs/op
BenchmarkGCPressure_Allocations/AlternateTwo-10               	 3003180	       402.9 ns/op	      36 B/op	       1 allocs/op
BenchmarkGCPressure_Allocations/AlternateTwo-10               	 2695128	       444.4 ns/op	      36 B/op	       1 allocs/op
BenchmarkGCPressure_Allocations/AlternateTwo-10               	 2748392	       441.4 ns/op	      36 B/op	       1 allocs/op
BenchmarkGCPressure_Allocations/AlternateTwo-10               	 2713376	       445.2 ns/op	      36 B/op	       1 allocs/op
BenchmarkGCPressure_Allocations/AlternateTwo-10               	 2736579	       439.7 ns/op	      35 B/op	       1 allocs/op
BenchmarkGCPressure_Allocations/AlternateThree-10             	 2880480	       414.1 ns/op	      27 B/op	       1 allocs/op
BenchmarkGCPressure_Allocations/AlternateThree-10             	 2932260	       414.2 ns/op	      27 B/op	       1 allocs/op
BenchmarkGCPressure_Allocations/AlternateThree-10             	 2879776	       410.5 ns/op	      27 B/op	       1 allocs/op
BenchmarkGCPressure_Allocations/AlternateThree-10             	 2820798	       410.7 ns/op	      27 B/op	       1 allocs/op
BenchmarkGCPressure_Allocations/AlternateThree-10             	 2952345	       421.3 ns/op	      27 B/op	       1 allocs/op
BenchmarkGCPressure_Allocations/Baseline-10                   	 3301454	       363.2 ns/op	      64 B/op	       3 allocs/op
BenchmarkGCPressure_Allocations/Baseline-10                   	 3177558	       377.2 ns/op	      64 B/op	       3 allocs/op
BenchmarkGCPressure_Allocations/Baseline-10                   	 3187320	       375.1 ns/op	      64 B/op	       3 allocs/op
BenchmarkGCPressure_Allocations/Baseline-10                   	 3203025	       377.8 ns/op	      64 B/op	       3 allocs/op
BenchmarkGCPressure_Allocations/Baseline-10                   	 2972942	       390.3 ns/op	      64 B/op	       3 allocs/op
BenchmarkMultiProducer/Main-10                                	 2412492	       565.3 ns/op	     313 B/op	       1 allocs/op
BenchmarkMultiProducer/Main-10                                	 2325810	       497.4 ns/op	     320 B/op	       1 allocs/op
BenchmarkMultiProducer/Main-10                                	 2311698	       492.4 ns/op	     321 B/op	       1 allocs/op
BenchmarkMultiProducer/Main-10                                	 2303884	       492.3 ns/op	     322 B/op	       1 allocs/op
BenchmarkMultiProducer/Main-10                                	 2397920	       508.4 ns/op	     317 B/op	       1 allocs/op
BenchmarkMultiProducer/MainFastPathForced-10                  	 2271813	       505.5 ns/op	     320 B/op	       1 allocs/op
BenchmarkMultiProducer/MainFastPathForced-10                  	 2407155	       507.5 ns/op	     312 B/op	       1 allocs/op
BenchmarkMultiProducer/MainFastPathForced-10                  	 2278345	       518.5 ns/op	     319 B/op	       1 allocs/op
BenchmarkMultiProducer/MainFastPathForced-10                  	 2219473	       494.1 ns/op	     310 B/op	       1 allocs/op
BenchmarkMultiProducer/MainFastPathForced-10                  	 2270871	       555.6 ns/op	     315 B/op	       1 allocs/op
BenchmarkMultiProducer/MainFastPathDisabled-10                	 2378563	       503.5 ns/op	     322 B/op	       1 allocs/op
BenchmarkMultiProducer/MainFastPathDisabled-10                	 2262069	       508.8 ns/op	     327 B/op	       1 allocs/op
BenchmarkMultiProducer/MainFastPathDisabled-10                	 2370121	       514.1 ns/op	     316 B/op	       1 allocs/op
BenchmarkMultiProducer/MainFastPathDisabled-10                	 2366498	       490.2 ns/op	     323 B/op	       1 allocs/op
BenchmarkMultiProducer/MainFastPathDisabled-10                	 2460622	       493.8 ns/op	     313 B/op	       1 allocs/op
BenchmarkMultiProducer/AlternateOne-10                        	 6015190	       193.5 ns/op	      35 B/op	       1 allocs/op
BenchmarkMultiProducer/AlternateOne-10                        	 6124543	       191.9 ns/op	      35 B/op	       1 allocs/op
BenchmarkMultiProducer/AlternateOne-10                        	 6244900	       191.8 ns/op	      35 B/op	       1 allocs/op
BenchmarkMultiProducer/AlternateOne-10                        	 6121563	       189.5 ns/op	      34 B/op	       1 allocs/op
BenchmarkMultiProducer/AlternateOne-10                        	 6254209	       189.2 ns/op	      35 B/op	       1 allocs/op
BenchmarkMultiProducer/AlternateTwo-10                        	 5569297	       220.0 ns/op	      39 B/op	       1 allocs/op
BenchmarkMultiProducer/AlternateTwo-10                        	 6334476	       211.0 ns/op	      37 B/op	       1 allocs/op
BenchmarkMultiProducer/AlternateTwo-10                        	 7286527	       220.9 ns/op	      40 B/op	       1 allocs/op
BenchmarkMultiProducer/AlternateTwo-10                        	 7589202	       209.8 ns/op	      42 B/op	       1 allocs/op
BenchmarkMultiProducer/AlternateTwo-10                        	 6797850	       206.0 ns/op	      35 B/op	       1 allocs/op
BenchmarkMultiProducer/AlternateThree-10                      	 5219622	       213.1 ns/op	      16 B/op	       1 allocs/op
BenchmarkMultiProducer/AlternateThree-10                      	 6158095	       206.3 ns/op	      16 B/op	       1 allocs/op
BenchmarkMultiProducer/AlternateThree-10                      	 5615377	       213.5 ns/op	      16 B/op	       1 allocs/op
BenchmarkMultiProducer/AlternateThree-10                      	 5376555	       206.5 ns/op	      16 B/op	       1 allocs/op
BenchmarkMultiProducer/AlternateThree-10                      	 5867029	       214.8 ns/op	      16 B/op	       1 allocs/op
BenchmarkMultiProducer/Baseline-10                            	 5441216	       227.8 ns/op	      56 B/op	       3 allocs/op
BenchmarkMultiProducer/Baseline-10                            	 5470515	       222.0 ns/op	      56 B/op	       3 allocs/op
BenchmarkMultiProducer/Baseline-10                            	 5422582	       221.3 ns/op	      56 B/op	       3 allocs/op
BenchmarkMultiProducer/Baseline-10                            	 5477518	       220.6 ns/op	      56 B/op	       3 allocs/op
BenchmarkMultiProducer/Baseline-10                            	 5558100	       220.5 ns/op	      56 B/op	       3 allocs/op
BenchmarkMultiProducerContention/Main-10                      	 2253336	       525.4 ns/op	     427 B/op	       1 allocs/op
BenchmarkMultiProducerContention/Main-10                      	 2216419	       511.2 ns/op	     414 B/op	       1 allocs/op
BenchmarkMultiProducerContention/Main-10                      	 2282924	       510.0 ns/op	     422 B/op	       1 allocs/op
BenchmarkMultiProducerContention/Main-10                      	 2210168	       539.1 ns/op	     419 B/op	       1 allocs/op
BenchmarkMultiProducerContention/Main-10                      	 2201456	       515.3 ns/op	     414 B/op	       1 allocs/op
BenchmarkMultiProducerContention/MainFastPathForced-10        	 2281600	       517.5 ns/op	     420 B/op	       1 allocs/op
BenchmarkMultiProducerContention/MainFastPathForced-10        	 2264422	       539.3 ns/op	     429 B/op	       1 allocs/op
BenchmarkMultiProducerContention/MainFastPathForced-10        	 2208810	       506.0 ns/op	     418 B/op	       1 allocs/op
BenchmarkMultiProducerContention/MainFastPathForced-10        	 2353995	       521.6 ns/op	     425 B/op	       1 allocs/op
BenchmarkMultiProducerContention/MainFastPathForced-10        	 2267812	       525.0 ns/op	     423 B/op	       1 allocs/op
BenchmarkMultiProducerContention/MainFastPathDisabled-10      	 2246952	       525.2 ns/op	     427 B/op	       1 allocs/op
BenchmarkMultiProducerContention/MainFastPathDisabled-10      	 2199933	       505.7 ns/op	     416 B/op	       1 allocs/op
BenchmarkMultiProducerContention/MainFastPathDisabled-10      	 2178571	       530.0 ns/op	     418 B/op	       1 allocs/op
BenchmarkMultiProducerContention/MainFastPathDisabled-10      	 2312510	       528.2 ns/op	     421 B/op	       1 allocs/op
BenchmarkMultiProducerContention/MainFastPathDisabled-10      	 2255184	       516.3 ns/op	     431 B/op	       1 allocs/op
BenchmarkMultiProducerContention/AlternateOne-10              	 6820389	       165.9 ns/op	      36 B/op	       1 allocs/op
BenchmarkMultiProducerContention/AlternateOne-10              	 7105834	       167.0 ns/op	      37 B/op	       1 allocs/op
BenchmarkMultiProducerContention/AlternateOne-10              	 7084748	       166.8 ns/op	      36 B/op	       1 allocs/op
BenchmarkMultiProducerContention/AlternateOne-10              	 6986451	       166.6 ns/op	      36 B/op	       1 allocs/op
BenchmarkMultiProducerContention/AlternateOne-10              	 6840127	       166.9 ns/op	      36 B/op	       1 allocs/op
BenchmarkMultiProducerContention/AlternateTwo-10              	 8486461	       195.9 ns/op	      54 B/op	       1 allocs/op
BenchmarkMultiProducerContention/AlternateTwo-10              	 6821170	       155.1 ns/op	      49 B/op	       1 allocs/op
BenchmarkMultiProducerContention/AlternateTwo-10              	 7858629	       206.2 ns/op	      48 B/op	       1 allocs/op
BenchmarkMultiProducerContention/AlternateTwo-10              	 5608050	       217.7 ns/op	      41 B/op	       1 allocs/op
BenchmarkMultiProducerContention/AlternateTwo-10              	 7001372	       211.1 ns/op	      44 B/op	       1 allocs/op
BenchmarkMultiProducerContention/AlternateThree-10            	 8598220	       141.8 ns/op	      16 B/op	       1 allocs/op
BenchmarkMultiProducerContention/AlternateThree-10            	 8679336	       139.3 ns/op	      16 B/op	       1 allocs/op
BenchmarkMultiProducerContention/AlternateThree-10            	 8161004	       141.4 ns/op	      16 B/op	       1 allocs/op
BenchmarkMultiProducerContention/AlternateThree-10            	 8148619	       140.8 ns/op	      16 B/op	       1 allocs/op
BenchmarkMultiProducerContention/AlternateThree-10            	 8271374	       141.3 ns/op	      16 B/op	       1 allocs/op
BenchmarkMultiProducerContention/Baseline-10                  	 6107274	       193.4 ns/op	      56 B/op	       3 allocs/op
BenchmarkMultiProducerContention/Baseline-10                  	 6090097	       200.2 ns/op	      56 B/op	       3 allocs/op
BenchmarkMultiProducerContention/Baseline-10                  	 5626443	       206.0 ns/op	      56 B/op	       3 allocs/op
BenchmarkMultiProducerContention/Baseline-10                  	 6149073	       195.7 ns/op	      56 B/op	       3 allocs/op
BenchmarkMultiProducerContention/Baseline-10                  	 6068722	       194.8 ns/op	      56 B/op	       3 allocs/op
BenchmarkPingPong/Main-10                                     	 2429215	       451.2 ns/op	     350 B/op	       1 allocs/op
BenchmarkPingPong/Main-10                                     	 2510793	       450.4 ns/op	     349 B/op	       1 allocs/op
BenchmarkPingPong/Main-10                                     	 2543330	       442.5 ns/op	     348 B/op	       1 allocs/op
BenchmarkPingPong/Main-10                                     	 2603712	       458.3 ns/op	     348 B/op	       1 allocs/op
BenchmarkPingPong/Main-10                                     	 2410640	       465.2 ns/op	     349 B/op	       1 allocs/op
BenchmarkPingPong/MainFastPathForced-10                       	 2606671	       464.7 ns/op	     347 B/op	       1 allocs/op
BenchmarkPingPong/MainFastPathForced-10                       	 2474734	       452.9 ns/op	     351 B/op	       1 allocs/op
BenchmarkPingPong/MainFastPathForced-10                       	 2397776	       451.1 ns/op	     354 B/op	       1 allocs/op
BenchmarkPingPong/MainFastPathForced-10                       	 2492373	       451.1 ns/op	     358 B/op	       1 allocs/op
BenchmarkPingPong/MainFastPathForced-10                       	 2522810	       460.8 ns/op	     347 B/op	       1 allocs/op
BenchmarkPingPong/MainFastPathDisabled-10                     	 2472836	       455.6 ns/op	     346 B/op	       1 allocs/op
BenchmarkPingPong/MainFastPathDisabled-10                     	 2545057	       448.9 ns/op	     353 B/op	       1 allocs/op
BenchmarkPingPong/MainFastPathDisabled-10                     	 2472526	       447.5 ns/op	     348 B/op	       1 allocs/op
BenchmarkPingPong/MainFastPathDisabled-10                     	 2455894	       446.9 ns/op	     347 B/op	       1 allocs/op
BenchmarkPingPong/MainFastPathDisabled-10                     	 2539473	       448.1 ns/op	     346 B/op	       1 allocs/op
BenchmarkPingPong/AlternateOne-10                             	 9750940	       133.1 ns/op	      25 B/op	       1 allocs/op
BenchmarkPingPong/AlternateOne-10                             	 9684076	       119.5 ns/op	      25 B/op	       1 allocs/op
BenchmarkPingPong/AlternateOne-10                             	 9132963	       148.1 ns/op	      25 B/op	       1 allocs/op
BenchmarkPingPong/AlternateOne-10                             	 9959070	       113.9 ns/op	      27 B/op	       1 allocs/op
BenchmarkPingPong/AlternateOne-10                             	 8192073	       124.4 ns/op	      25 B/op	       1 allocs/op
BenchmarkPingPong/AlternateTwo-10                             	 8688298	       127.6 ns/op	      24 B/op	       1 allocs/op
BenchmarkPingPong/AlternateTwo-10                             	11579988	       121.2 ns/op	      24 B/op	       1 allocs/op
BenchmarkPingPong/AlternateTwo-10                             	 8746687	       125.3 ns/op	      24 B/op	       1 allocs/op
BenchmarkPingPong/AlternateTwo-10                             	 9632254	       124.7 ns/op	      24 B/op	       1 allocs/op
BenchmarkPingPong/AlternateTwo-10                             	10280496	       117.1 ns/op	      24 B/op	       1 allocs/op
BenchmarkPingPong/AlternateThree-10                           	 8818530	       138.5 ns/op	      24 B/op	       1 allocs/op
BenchmarkPingPong/AlternateThree-10                           	 8923942	       141.6 ns/op	      24 B/op	       1 allocs/op
BenchmarkPingPong/AlternateThree-10                           	 8959426	       141.9 ns/op	      24 B/op	       1 allocs/op
BenchmarkPingPong/AlternateThree-10                           	 8838459	       137.0 ns/op	      24 B/op	       1 allocs/op
BenchmarkPingPong/AlternateThree-10                           	 8226859	       142.3 ns/op	      24 B/op	       1 allocs/op
BenchmarkPingPong/Baseline-10                                 	15028843	        76.38 ns/op	      64 B/op	       3 allocs/op
BenchmarkPingPong/Baseline-10                                 	14459594	        82.26 ns/op	      64 B/op	       3 allocs/op
BenchmarkPingPong/Baseline-10                                 	13752556	        79.60 ns/op	      64 B/op	       3 allocs/op
BenchmarkPingPong/Baseline-10                                 	13570246	        81.92 ns/op	      64 B/op	       3 allocs/op
BenchmarkPingPong/Baseline-10                                 	14643930	        81.42 ns/op	      64 B/op	       3 allocs/op
BenchmarkPingPongLatency/Main-10                              	  941061	      1238 ns/op	     128 B/op	       2 allocs/op
BenchmarkPingPongLatency/Main-10                              	  956238	      1230 ns/op	     128 B/op	       2 allocs/op
BenchmarkPingPongLatency/Main-10                              	  961573	      1224 ns/op	     128 B/op	       2 allocs/op
BenchmarkPingPongLatency/Main-10                              	  920494	      1229 ns/op	     128 B/op	       2 allocs/op
BenchmarkPingPongLatency/Main-10                              	  931347	      1238 ns/op	     128 B/op	       2 allocs/op
BenchmarkPingPongLatency/MainFastPathForced-10                	  937923	      1223 ns/op	     128 B/op	       2 allocs/op
BenchmarkPingPongLatency/MainFastPathForced-10                	  969308	      1234 ns/op	     128 B/op	       2 allocs/op
BenchmarkPingPongLatency/MainFastPathForced-10                	  958947	      1241 ns/op	     128 B/op	       2 allocs/op
BenchmarkPingPongLatency/MainFastPathForced-10                	  919425	      1234 ns/op	     128 B/op	       2 allocs/op
BenchmarkPingPongLatency/MainFastPathForced-10                	  978048	      1227 ns/op	     128 B/op	       2 allocs/op
BenchmarkPingPongLatency/MainFastPathDisabled-10              	   43615	     30000 ns/op	     150 B/op	       3 allocs/op
BenchmarkPingPongLatency/MainFastPathDisabled-10              	   54670	     28961 ns/op	     149 B/op	       3 allocs/op
BenchmarkPingPongLatency/MainFastPathDisabled-10              	   33006	     31205 ns/op	     151 B/op	       3 allocs/op
BenchmarkPingPongLatency/MainFastPathDisabled-10              	   40383	     27742 ns/op	     149 B/op	       3 allocs/op
BenchmarkPingPongLatency/MainFastPathDisabled-10              	   49978	     31795 ns/op	     151 B/op	       3 allocs/op
BenchmarkPingPongLatency/AlternateOne-10                      	   28351	     42828 ns/op	     128 B/op	       2 allocs/op
BenchmarkPingPongLatency/AlternateOne-10                      	   28315	     41853 ns/op	     128 B/op	       2 allocs/op
BenchmarkPingPongLatency/AlternateOne-10                      	   28881	     40943 ns/op	     128 B/op	       2 allocs/op
BenchmarkPingPongLatency/AlternateOne-10                      	   29341	     42387 ns/op	     128 B/op	       2 allocs/op
BenchmarkPingPongLatency/AlternateOne-10                      	   28846	     42025 ns/op	     128 B/op	       2 allocs/op
BenchmarkPingPongLatency/AlternateTwo-10                      	   29154	     40980 ns/op	     128 B/op	       2 allocs/op
BenchmarkPingPongLatency/AlternateTwo-10                      	   29082	     42056 ns/op	     128 B/op	       2 allocs/op
BenchmarkPingPongLatency/AlternateTwo-10                      	   29030	     41556 ns/op	     128 B/op	       2 allocs/op
BenchmarkPingPongLatency/AlternateTwo-10                      	   29638	     41929 ns/op	     128 B/op	       2 allocs/op
BenchmarkPingPongLatency/AlternateTwo-10                      	   28936	     41155 ns/op	     128 B/op	       2 allocs/op
BenchmarkPingPongLatency/AlternateThree-10                    	   28474	     41490 ns/op	     128 B/op	       2 allocs/op
BenchmarkPingPongLatency/AlternateThree-10                    	   29367	     41626 ns/op	     128 B/op	       2 allocs/op
BenchmarkPingPongLatency/AlternateThree-10                    	   28519	     41709 ns/op	     128 B/op	       2 allocs/op
BenchmarkPingPongLatency/AlternateThree-10                    	   28963	     42228 ns/op	     128 B/op	       2 allocs/op
BenchmarkPingPongLatency/AlternateThree-10                    	   29133	     40940 ns/op	     128 B/op	       2 allocs/op
BenchmarkPingPongLatency/Baseline-10                          	 1810773	       654.9 ns/op	     168 B/op	       4 allocs/op
BenchmarkPingPongLatency/Baseline-10                          	 1806216	       649.9 ns/op	     168 B/op	       4 allocs/op
BenchmarkPingPongLatency/Baseline-10                          	 1870873	       658.6 ns/op	     168 B/op	       4 allocs/op
BenchmarkPingPongLatency/Baseline-10                          	 1849982	       686.5 ns/op	     168 B/op	       4 allocs/op
BenchmarkPingPongLatency/Baseline-10                          	 1644147	       739.9 ns/op	     168 B/op	       4 allocs/op
BenchmarkBurstSubmit/Main-10                                  	 2308972	       517.9 ns/op	     295 B/op	       1 allocs/op
BenchmarkBurstSubmit/Main-10                                  	 2337170	       506.7 ns/op	     297 B/op	       1 allocs/op
BenchmarkBurstSubmit/Main-10                                  	 2295736	       491.7 ns/op	     300 B/op	       1 allocs/op
BenchmarkBurstSubmit/Main-10                                  	 2439820	       509.8 ns/op	     298 B/op	       1 allocs/op
BenchmarkBurstSubmit/Main-10                                  	 2307012	       521.2 ns/op	     296 B/op	       1 allocs/op
BenchmarkBurstSubmit/MainFastPathForced-10                    	 2364638	       511.4 ns/op	     297 B/op	       1 allocs/op
BenchmarkBurstSubmit/MainFastPathForced-10                    	 2395786	       514.2 ns/op	     297 B/op	       1 allocs/op
BenchmarkBurstSubmit/MainFastPathForced-10                    	 2317921	       518.6 ns/op	     298 B/op	       1 allocs/op
BenchmarkBurstSubmit/MainFastPathForced-10                    	 2299502	       518.8 ns/op	     298 B/op	       1 allocs/op
BenchmarkBurstSubmit/MainFastPathForced-10                    	 2277620	       523.3 ns/op	     299 B/op	       1 allocs/op
BenchmarkBurstSubmit/MainFastPathDisabled-10                  	 2103957	       552.8 ns/op	     272 B/op	       1 allocs/op
BenchmarkBurstSubmit/MainFastPathDisabled-10                  	 2132322	       568.5 ns/op	     273 B/op	       1 allocs/op
BenchmarkBurstSubmit/MainFastPathDisabled-10                  	 2074734	       562.8 ns/op	     270 B/op	       1 allocs/op
BenchmarkBurstSubmit/MainFastPathDisabled-10                  	 2088548	       569.3 ns/op	     271 B/op	       1 allocs/op
BenchmarkBurstSubmit/MainFastPathDisabled-10                  	 2075526	       580.5 ns/op	     271 B/op	       1 allocs/op
BenchmarkBurstSubmit/AlternateOne-10                          	 3579218	       349.2 ns/op	      24 B/op	       1 allocs/op
BenchmarkBurstSubmit/AlternateOne-10                          	 4328401	       300.2 ns/op	      24 B/op	       1 allocs/op
BenchmarkBurstSubmit/AlternateOne-10                          	 3631718	       352.0 ns/op	      24 B/op	       1 allocs/op
BenchmarkBurstSubmit/AlternateOne-10                          	 3490196	       321.7 ns/op	      24 B/op	       1 allocs/op
BenchmarkBurstSubmit/AlternateOne-10                          	 3501372	       352.3 ns/op	      24 B/op	       1 allocs/op
BenchmarkBurstSubmit/AlternateTwo-10                          	 8605246	       141.8 ns/op	      24 B/op	       1 allocs/op
BenchmarkBurstSubmit/AlternateTwo-10                          	 8649318	       142.8 ns/op	      24 B/op	       1 allocs/op
BenchmarkBurstSubmit/AlternateTwo-10                          	 7737148	       143.6 ns/op	      24 B/op	       1 allocs/op
BenchmarkBurstSubmit/AlternateTwo-10                          	 8937381	       146.7 ns/op	      24 B/op	       1 allocs/op
BenchmarkBurstSubmit/AlternateTwo-10                          	 8535115	       144.1 ns/op	      24 B/op	       1 allocs/op
BenchmarkBurstSubmit/AlternateThree-10                        	 6164124	       193.2 ns/op	      24 B/op	       1 allocs/op
BenchmarkBurstSubmit/AlternateThree-10                        	 6114646	       192.6 ns/op	      24 B/op	       1 allocs/op
BenchmarkBurstSubmit/AlternateThree-10                        	 6039042	       194.1 ns/op	      24 B/op	       1 allocs/op
BenchmarkBurstSubmit/AlternateThree-10                        	 6208908	       194.8 ns/op	      24 B/op	       1 allocs/op
BenchmarkBurstSubmit/AlternateThree-10                        	 6182797	       205.7 ns/op	      24 B/op	       1 allocs/op
BenchmarkBurstSubmit/Baseline-10                              	10038326	       122.5 ns/op	      64 B/op	       3 allocs/op
BenchmarkBurstSubmit/Baseline-10                              	10033542	       122.6 ns/op	      64 B/op	       3 allocs/op
BenchmarkBurstSubmit/Baseline-10                              	 9811472	       122.4 ns/op	      64 B/op	       3 allocs/op
BenchmarkBurstSubmit/Baseline-10                              	 9768583	       121.7 ns/op	      64 B/op	       3 allocs/op
BenchmarkBurstSubmit/Baseline-10                              	10023380	       122.4 ns/op	      64 B/op	       3 allocs/op
BenchmarkMicroBatchBudget_Throughput/Main/Burst=64-10         	   69271	     15014 ns/op	   21751 B/op	      64 allocs/op
BenchmarkMicroBatchBudget_Throughput/Main/Burst=64-10         	   75476	     15345 ns/op	   20404 B/op	      64 allocs/op
BenchmarkMicroBatchBudget_Throughput/Main/Burst=64-10         	   73881	     14516 ns/op	   20395 B/op	      64 allocs/op
BenchmarkMicroBatchBudget_Throughput/Main/Burst=64-10         	   69584	     15656 ns/op	   21031 B/op	      64 allocs/op
BenchmarkMicroBatchBudget_Throughput/Main/Burst=64-10         	   68431	     16435 ns/op	   20716 B/op	      64 allocs/op
BenchmarkMicroBatchBudget_Throughput/Main/Burst=128-10        	   36144	     30253 ns/op	   41299 B/op	     129 allocs/op
BenchmarkMicroBatchBudget_Throughput/Main/Burst=128-10        	   37384	     29425 ns/op	   40962 B/op	     129 allocs/op
BenchmarkMicroBatchBudget_Throughput/Main/Burst=128-10        	   41576	     29784 ns/op	   40114 B/op	     129 allocs/op
BenchmarkMicroBatchBudget_Throughput/Main/Burst=128-10        	   35343	     30147 ns/op	   41689 B/op	     129 allocs/op
BenchmarkMicroBatchBudget_Throughput/Main/Burst=128-10        	   37843	     31174 ns/op	   40678 B/op	     129 allocs/op
BenchmarkMicroBatchBudget_Throughput/Main/Burst=256-10        	   18374	     68478 ns/op	   81551 B/op	     259 allocs/op
BenchmarkMicroBatchBudget_Throughput/Main/Burst=256-10        	   18607	     62920 ns/op	   82784 B/op	     258 allocs/op
BenchmarkMicroBatchBudget_Throughput/Main/Burst=256-10        	   19617	     62696 ns/op	   81257 B/op	     259 allocs/op
BenchmarkMicroBatchBudget_Throughput/Main/Burst=256-10        	   19528	     60481 ns/op	   80478 B/op	     259 allocs/op
BenchmarkMicroBatchBudget_Throughput/Main/Burst=256-10        	   19701	     60733 ns/op	   82886 B/op	     258 allocs/op
BenchmarkMicroBatchBudget_Throughput/Main/Burst=512-10        	    9573	    117542 ns/op	  161639 B/op	     518 allocs/op
BenchmarkMicroBatchBudget_Throughput/Main/Burst=512-10        	    8638	    118846 ns/op	  163557 B/op	     518 allocs/op
BenchmarkMicroBatchBudget_Throughput/Main/Burst=512-10        	    8784	    117382 ns/op	  164647 B/op	     518 allocs/op
BenchmarkMicroBatchBudget_Throughput/Main/Burst=512-10        	    9291	    122872 ns/op	  162298 B/op	     518 allocs/op
BenchmarkMicroBatchBudget_Throughput/Main/Burst=512-10        	    8955	    124120 ns/op	  160940 B/op	     518 allocs/op
BenchmarkMicroBatchBudget_Throughput/Main/Burst=1024-10       	    4524	    242667 ns/op	  325357 B/op	    1036 allocs/op
BenchmarkMicroBatchBudget_Throughput/Main/Burst=1024-10       	    4353	    234531 ns/op	  327104 B/op	    1036 allocs/op
BenchmarkMicroBatchBudget_Throughput/Main/Burst=1024-10       	    4183	    245290 ns/op	  320916 B/op	    1036 allocs/op
BenchmarkMicroBatchBudget_Throughput/Main/Burst=1024-10       	    5302	    246931 ns/op	  330456 B/op	    1036 allocs/op
BenchmarkMicroBatchBudget_Throughput/Main/Burst=1024-10       	    4590	    244570 ns/op	  327070 B/op	    1036 allocs/op
BenchmarkMicroBatchBudget_Throughput/Main/Burst=2048-10       	    2238	    503574 ns/op	  659532 B/op	    2072 allocs/op
BenchmarkMicroBatchBudget_Throughput/Main/Burst=2048-10       	    2100	    494595 ns/op	  643590 B/op	    2072 allocs/op
BenchmarkMicroBatchBudget_Throughput/Main/Burst=2048-10       	    2563	    484876 ns/op	  640593 B/op	    2072 allocs/op
BenchmarkMicroBatchBudget_Throughput/Main/Burst=2048-10       	    2119	    507048 ns/op	  661821 B/op	    2072 allocs/op
BenchmarkMicroBatchBudget_Throughput/Main/Burst=2048-10       	    1928	    531359 ns/op	  652228 B/op	    2072 allocs/op
BenchmarkMicroBatchBudget_Throughput/Main/Burst=4096-10       	    1172	    994907 ns/op	 1303479 B/op	    4145 allocs/op
BenchmarkMicroBatchBudget_Throughput/Main/Burst=4096-10       	    1016	   1000598 ns/op	 1304274 B/op	    4144 allocs/op
BenchmarkMicroBatchBudget_Throughput/Main/Burst=4096-10       	    1110	   1026819 ns/op	 1305863 B/op	    4144 allocs/op
BenchmarkMicroBatchBudget_Throughput/Main/Burst=4096-10       	    1269	   1005339 ns/op	 1292642 B/op	    4143 allocs/op
BenchmarkMicroBatchBudget_Throughput/Main/Burst=4096-10       	    1137	    935792 ns/op	 1301190 B/op	    4144 allocs/op
BenchmarkMicroBatchBudget_Throughput/MainFastPathForced/Burst=64-10         	   72145	     16084 ns/op	   20422 B/op	      64 allocs/op
BenchmarkMicroBatchBudget_Throughput/MainFastPathForced/Burst=64-10         	   80793	     14594 ns/op	   20274 B/op	      64 allocs/op
BenchmarkMicroBatchBudget_Throughput/MainFastPathForced/Burst=64-10         	   72795	     16010 ns/op	   20254 B/op	      64 allocs/op
BenchmarkMicroBatchBudget_Throughput/MainFastPathForced/Burst=64-10         	   73718	     15788 ns/op	   20318 B/op	      64 allocs/op
BenchmarkMicroBatchBudget_Throughput/MainFastPathForced/Burst=64-10         	   66841	     15162 ns/op	   20061 B/op	      64 allocs/op
BenchmarkMicroBatchBudget_Throughput/MainFastPathForced/Burst=128-10        	   37472	     29795 ns/op	   40216 B/op	     129 allocs/op
BenchmarkMicroBatchBudget_Throughput/MainFastPathForced/Burst=128-10        	   38680	     30187 ns/op	   40378 B/op	     129 allocs/op
BenchmarkMicroBatchBudget_Throughput/MainFastPathForced/Burst=128-10        	   36358	     30738 ns/op	   40734 B/op	     129 allocs/op
BenchmarkMicroBatchBudget_Throughput/MainFastPathForced/Burst=128-10        	   38992	     29448 ns/op	   40194 B/op	     129 allocs/op
BenchmarkMicroBatchBudget_Throughput/MainFastPathForced/Burst=128-10        	   39580	     30052 ns/op	   39762 B/op	     129 allocs/op
BenchmarkMicroBatchBudget_Throughput/MainFastPathForced/Burst=256-10        	   20899	     60419 ns/op	   79487 B/op	     259 allocs/op
BenchmarkMicroBatchBudget_Throughput/MainFastPathForced/Burst=256-10        	   19593	     59319 ns/op	   80009 B/op	     259 allocs/op
BenchmarkMicroBatchBudget_Throughput/MainFastPathForced/Burst=256-10        	   19881	     67653 ns/op	   85890 B/op	     258 allocs/op
BenchmarkMicroBatchBudget_Throughput/MainFastPathForced/Burst=256-10        	   20059	     59238 ns/op	   80196 B/op	     259 allocs/op
BenchmarkMicroBatchBudget_Throughput/MainFastPathForced/Burst=256-10        	   19194	     59600 ns/op	   82336 B/op	     258 allocs/op
BenchmarkMicroBatchBudget_Throughput/MainFastPathForced/Burst=512-10        	    8590	    129771 ns/op	  172880 B/op	     517 allocs/op
BenchmarkMicroBatchBudget_Throughput/MainFastPathForced/Burst=512-10        	    8634	    131125 ns/op	  173779 B/op	     517 allocs/op
BenchmarkMicroBatchBudget_Throughput/MainFastPathForced/Burst=512-10        	    8968	    118881 ns/op	  164752 B/op	     518 allocs/op
BenchmarkMicroBatchBudget_Throughput/MainFastPathForced/Burst=512-10        	    9006	    120451 ns/op	  163125 B/op	     518 allocs/op
BenchmarkMicroBatchBudget_Throughput/MainFastPathForced/Burst=512-10        	    8610	    126246 ns/op	  165291 B/op	     518 allocs/op
BenchmarkMicroBatchBudget_Throughput/MainFastPathForced/Burst=1024-10       	    5050	    245411 ns/op	  326539 B/op	    1036 allocs/op
BenchmarkMicroBatchBudget_Throughput/MainFastPathForced/Burst=1024-10       	    4070	    248208 ns/op	  321489 B/op	    1036 allocs/op
BenchmarkMicroBatchBudget_Throughput/MainFastPathForced/Burst=1024-10       	    4557	    258533 ns/op	  325766 B/op	    1036 allocs/op
BenchmarkMicroBatchBudget_Throughput/MainFastPathForced/Burst=1024-10       	    3858	    288555 ns/op	  322397 B/op	    1036 allocs/op
BenchmarkMicroBatchBudget_Throughput/MainFastPathForced/Burst=1024-10       	    4326	    247813 ns/op	  328590 B/op	    1036 allocs/op
BenchmarkMicroBatchBudget_Throughput/MainFastPathForced/Burst=2048-10       	    2452	    470761 ns/op	  643603 B/op	    2072 allocs/op
BenchmarkMicroBatchBudget_Throughput/MainFastPathForced/Burst=2048-10       	    2278	    486764 ns/op	  662461 B/op	    2071 allocs/op
BenchmarkMicroBatchBudget_Throughput/MainFastPathForced/Burst=2048-10       	    2774	    666007 ns/op	  769405 B/op	    2065 allocs/op
BenchmarkMicroBatchBudget_Throughput/MainFastPathForced/Burst=2048-10       	     938	   1216995 ns/op	  853077 B/op	    2059 allocs/op
BenchmarkMicroBatchBudget_Throughput/MainFastPathForced/Burst=2048-10       	    1594	    923992 ns/op	  790299 B/op	    2062 allocs/op
BenchmarkMicroBatchBudget_Throughput/MainFastPathForced/Burst=4096-10       	     601	   1904131 ns/op	 1565145 B/op	    4127 allocs/op
BenchmarkMicroBatchBudget_Throughput/MainFastPathForced/Burst=4096-10       	    1232	   1106829 ns/op	 1463678 B/op	    4133 allocs/op
BenchmarkMicroBatchBudget_Throughput/MainFastPathForced/Burst=4096-10       	    1064	   1006669 ns/op	 1384808 B/op	    4139 allocs/op
BenchmarkMicroBatchBudget_Throughput/MainFastPathForced/Burst=4096-10       	    1003	   1013113 ns/op	 1284368 B/op	    4144 allocs/op
BenchmarkMicroBatchBudget_Throughput/MainFastPathForced/Burst=4096-10       	    1273	    976481 ns/op	 1345229 B/op	    4139 allocs/op
BenchmarkMicroBatchBudget_Throughput/MainFastPathDisabled/Burst=64-10       	   72968	     17242 ns/op	   21854 B/op	      64 allocs/op
BenchmarkMicroBatchBudget_Throughput/MainFastPathDisabled/Burst=64-10       	   73118	     15210 ns/op	   20462 B/op	      64 allocs/op
BenchmarkMicroBatchBudget_Throughput/MainFastPathDisabled/Burst=64-10       	   73590	     16376 ns/op	   20576 B/op	      64 allocs/op
BenchmarkMicroBatchBudget_Throughput/MainFastPathDisabled/Burst=64-10       	   77436	     15281 ns/op	   20545 B/op	      64 allocs/op
BenchmarkMicroBatchBudget_Throughput/MainFastPathDisabled/Burst=64-10       	   74164	     14229 ns/op	   20583 B/op	      64 allocs/op
BenchmarkMicroBatchBudget_Throughput/MainFastPathDisabled/Burst=128-10      	   36704	     29784 ns/op	   41322 B/op	     129 allocs/op
BenchmarkMicroBatchBudget_Throughput/MainFastPathDisabled/Burst=128-10      	   37664	     31525 ns/op	   40691 B/op	     129 allocs/op
BenchmarkMicroBatchBudget_Throughput/MainFastPathDisabled/Burst=128-10      	   40075	     30631 ns/op	   40926 B/op	     129 allocs/op
BenchmarkMicroBatchBudget_Throughput/MainFastPathDisabled/Burst=128-10      	   37984	     29158 ns/op	   40933 B/op	     129 allocs/op
BenchmarkMicroBatchBudget_Throughput/MainFastPathDisabled/Burst=128-10      	   38846	     29821 ns/op	   40824 B/op	     129 allocs/op
BenchmarkMicroBatchBudget_Throughput/MainFastPathDisabled/Burst=256-10      	   18399	     59656 ns/op	   81528 B/op	     259 allocs/op
BenchmarkMicroBatchBudget_Throughput/MainFastPathDisabled/Burst=256-10      	   19573	     59469 ns/op	   80830 B/op	     259 allocs/op
BenchmarkMicroBatchBudget_Throughput/MainFastPathDisabled/Burst=256-10      	   21238	     62934 ns/op	   82562 B/op	     258 allocs/op
BenchmarkMicroBatchBudget_Throughput/MainFastPathDisabled/Burst=256-10      	   19562	     57125 ns/op	   80778 B/op	     259 allocs/op
BenchmarkMicroBatchBudget_Throughput/MainFastPathDisabled/Burst=256-10      	   19192	     57924 ns/op	   81028 B/op	     258 allocs/op
BenchmarkMicroBatchBudget_Throughput/MainFastPathDisabled/Burst=512-10      	    9403	    123942 ns/op	  163576 B/op	     517 allocs/op
BenchmarkMicroBatchBudget_Throughput/MainFastPathDisabled/Burst=512-10      	    8623	    118801 ns/op	  164098 B/op	     518 allocs/op
BenchmarkMicroBatchBudget_Throughput/MainFastPathDisabled/Burst=512-10      	   10107	    120667 ns/op	  162576 B/op	     517 allocs/op
BenchmarkMicroBatchBudget_Throughput/MainFastPathDisabled/Burst=512-10      	    8828	    121553 ns/op	  167278 B/op	     517 allocs/op
BenchmarkMicroBatchBudget_Throughput/MainFastPathDisabled/Burst=512-10      	    8773	    125326 ns/op	  166756 B/op	     517 allocs/op
BenchmarkMicroBatchBudget_Throughput/MainFastPathDisabled/Burst=1024-10     	    5154	    286577 ns/op	  357139 B/op	    1033 allocs/op
BenchmarkMicroBatchBudget_Throughput/MainFastPathDisabled/Burst=1024-10     	    4633	    231793 ns/op	  345898 B/op	    1035 allocs/op
BenchmarkMicroBatchBudget_Throughput/MainFastPathDisabled/Burst=1024-10     	    4953	    231251 ns/op	  322533 B/op	    1036 allocs/op
BenchmarkMicroBatchBudget_Throughput/MainFastPathDisabled/Burst=1024-10     	    4558	    240773 ns/op	  329694 B/op	    1036 allocs/op
BenchmarkMicroBatchBudget_Throughput/MainFastPathDisabled/Burst=1024-10     	    4335	    252329 ns/op	  331951 B/op	    1035 allocs/op
BenchmarkMicroBatchBudget_Throughput/MainFastPathDisabled/Burst=2048-10     	    2589	    458473 ns/op	  646139 B/op	    2072 allocs/op
BenchmarkMicroBatchBudget_Throughput/MainFastPathDisabled/Burst=2048-10     	    2581	    481051 ns/op	  649804 B/op	    2072 allocs/op
BenchmarkMicroBatchBudget_Throughput/MainFastPathDisabled/Burst=2048-10     	    2613	    481535 ns/op	  652723 B/op	    2071 allocs/op
BenchmarkMicroBatchBudget_Throughput/MainFastPathDisabled/Burst=2048-10     	    2005	    500514 ns/op	  666276 B/op	    2070 allocs/op
BenchmarkMicroBatchBudget_Throughput/MainFastPathDisabled/Burst=2048-10     	    2528	    477487 ns/op	  649884 B/op	    2071 allocs/op
BenchmarkMicroBatchBudget_Throughput/MainFastPathDisabled/Burst=4096-10     	    1072	    990924 ns/op	 1414317 B/op	    4136 allocs/op
BenchmarkMicroBatchBudget_Throughput/MainFastPathDisabled/Burst=4096-10     	     968	   1063833 ns/op	 1296067 B/op	    4144 allocs/op
BenchmarkMicroBatchBudget_Throughput/MainFastPathDisabled/Burst=4096-10     	    1082	    983944 ns/op	 1328631 B/op	    4144 allocs/op
BenchmarkMicroBatchBudget_Throughput/MainFastPathDisabled/Burst=4096-10     	    1136	    987852 ns/op	 1404242 B/op	    4136 allocs/op
BenchmarkMicroBatchBudget_Throughput/MainFastPathDisabled/Burst=4096-10     	    1120	    998311 ns/op	 1309009 B/op	    4144 allocs/op
BenchmarkMicroBatchBudget_Throughput/AlternateOne/Burst=64-10               	   73615	     14858 ns/op	    1042 B/op	      64 allocs/op
BenchmarkMicroBatchBudget_Throughput/AlternateOne/Burst=64-10               	  103069	      9806 ns/op	    1058 B/op	      64 allocs/op
BenchmarkMicroBatchBudget_Throughput/AlternateOne/Burst=64-10               	  152268	     14761 ns/op	    1045 B/op	      64 allocs/op
BenchmarkMicroBatchBudget_Throughput/AlternateOne/Burst=64-10               	  117117	      9859 ns/op	    1055 B/op	      64 allocs/op
BenchmarkMicroBatchBudget_Throughput/AlternateOne/Burst=64-10               	  116415	      9568 ns/op	    1067 B/op	      64 allocs/op
BenchmarkMicroBatchBudget_Throughput/AlternateOne/Burst=128-10              	   60168	     29427 ns/op	    2089 B/op	     128 allocs/op
BenchmarkMicroBatchBudget_Throughput/AlternateOne/Burst=128-10              	   36546	     29495 ns/op	    2104 B/op	     128 allocs/op
BenchmarkMicroBatchBudget_Throughput/AlternateOne/Burst=128-10              	   59312	     27355 ns/op	    2110 B/op	     128 allocs/op
BenchmarkMicroBatchBudget_Throughput/AlternateOne/Burst=128-10              	   57141	     26359 ns/op	    2090 B/op	     128 allocs/op
BenchmarkMicroBatchBudget_Throughput/AlternateOne/Burst=128-10              	   60616	     31628 ns/op	    2101 B/op	     128 allocs/op
BenchmarkMicroBatchBudget_Throughput/AlternateOne/Burst=256-10              	   33246	     38003 ns/op	    4252 B/op	     256 allocs/op
BenchmarkMicroBatchBudget_Throughput/AlternateOne/Burst=256-10              	   32632	     61522 ns/op	    4150 B/op	     256 allocs/op
BenchmarkMicroBatchBudget_Throughput/AlternateOne/Burst=256-10              	   19182	     61175 ns/op	    4197 B/op	     256 allocs/op
BenchmarkMicroBatchBudget_Throughput/AlternateOne/Burst=256-10              	   35360	     62330 ns/op	    4174 B/op	     256 allocs/op
BenchmarkMicroBatchBudget_Throughput/AlternateOne/Burst=256-10              	   30327	     65054 ns/op	    4144 B/op	     256 allocs/op
BenchmarkMicroBatchBudget_Throughput/AlternateOne/Burst=512-10              	   10000	    122260 ns/op	    8396 B/op	     512 allocs/op
BenchmarkMicroBatchBudget_Throughput/AlternateOne/Burst=512-10              	   10000	    128538 ns/op	    8301 B/op	     512 allocs/op
BenchmarkMicroBatchBudget_Throughput/AlternateOne/Burst=512-10              	   10000	    122695 ns/op	    8418 B/op	     512 allocs/op
BenchmarkMicroBatchBudget_Throughput/AlternateOne/Burst=512-10              	   10000	    129295 ns/op	    8329 B/op	     512 allocs/op
BenchmarkMicroBatchBudget_Throughput/AlternateOne/Burst=512-10              	   10000	    136651 ns/op	    8301 B/op	     512 allocs/op
BenchmarkMicroBatchBudget_Throughput/AlternateOne/Burst=1024-10             	    5574	    241445 ns/op	   16685 B/op	    1024 allocs/op
BenchmarkMicroBatchBudget_Throughput/AlternateOne/Burst=1024-10             	    5973	    244871 ns/op	   16786 B/op	    1024 allocs/op
BenchmarkMicroBatchBudget_Throughput/AlternateOne/Burst=1024-10             	    7524	    268590 ns/op	   16678 B/op	    1024 allocs/op
BenchmarkMicroBatchBudget_Throughput/AlternateOne/Burst=1024-10             	    6415	    265406 ns/op	   16682 B/op	    1024 allocs/op
BenchmarkMicroBatchBudget_Throughput/AlternateOne/Burst=1024-10             	    6897	    252586 ns/op	   16780 B/op	    1024 allocs/op
BenchmarkMicroBatchBudget_Throughput/AlternateOne/Burst=2048-10             	    3756	    526860 ns/op	   33175 B/op	    2048 allocs/op
BenchmarkMicroBatchBudget_Throughput/AlternateOne/Burst=2048-10             	    3501	    517550 ns/op	   33307 B/op	    2048 allocs/op
BenchmarkMicroBatchBudget_Throughput/AlternateOne/Burst=2048-10             	    4099	    466624 ns/op	   33305 B/op	    2048 allocs/op
BenchmarkMicroBatchBudget_Throughput/AlternateOne/Burst=2048-10             	    3153	    523342 ns/op	   33355 B/op	    2048 allocs/op
BenchmarkMicroBatchBudget_Throughput/AlternateOne/Burst=2048-10             	    2780	    499833 ns/op	   33607 B/op	    2048 allocs/op
BenchmarkMicroBatchBudget_Throughput/AlternateOne/Burst=4096-10             	    1501	    960204 ns/op	   66528 B/op	    4096 allocs/op
BenchmarkMicroBatchBudget_Throughput/AlternateOne/Burst=4096-10             	    1372	   1070356 ns/op	   66745 B/op	    4097 allocs/op
BenchmarkMicroBatchBudget_Throughput/AlternateOne/Burst=4096-10             	    1293	    874196 ns/op	   67414 B/op	    4097 allocs/op
BenchmarkMicroBatchBudget_Throughput/AlternateOne/Burst=4096-10             	    1468	    874703 ns/op	   67318 B/op	    4097 allocs/op
BenchmarkMicroBatchBudget_Throughput/AlternateOne/Burst=4096-10             	    1708	    703186 ns/op	   67333 B/op	    4097 allocs/op
BenchmarkMicroBatchBudget_Throughput/AlternateTwo/Burst=64-10               	  126709	      9499 ns/op	    1063 B/op	      64 allocs/op
BenchmarkMicroBatchBudget_Throughput/AlternateTwo/Burst=64-10               	  143048	      9662 ns/op	    1053 B/op	      64 allocs/op
BenchmarkMicroBatchBudget_Throughput/AlternateTwo/Burst=64-10               	  132378	      8716 ns/op	    1053 B/op	      64 allocs/op
BenchmarkMicroBatchBudget_Throughput/AlternateTwo/Burst=64-10               	  174207	      9170 ns/op	    1053 B/op	      64 allocs/op
BenchmarkMicroBatchBudget_Throughput/AlternateTwo/Burst=64-10               	  135123	      9756 ns/op	    1049 B/op	      64 allocs/op
BenchmarkMicroBatchBudget_Throughput/AlternateTwo/Burst=128-10              	   71275	     20268 ns/op	    2161 B/op	     128 allocs/op
BenchmarkMicroBatchBudget_Throughput/AlternateTwo/Burst=128-10              	   54416	     20198 ns/op	    2111 B/op	     128 allocs/op
BenchmarkMicroBatchBudget_Throughput/AlternateTwo/Burst=128-10              	   61249	     17047 ns/op	    2101 B/op	     128 allocs/op
BenchmarkMicroBatchBudget_Throughput/AlternateTwo/Burst=128-10              	   67328	     18184 ns/op	    2102 B/op	     128 allocs/op
BenchmarkMicroBatchBudget_Throughput/AlternateTwo/Burst=128-10              	   71797	     18854 ns/op	    2106 B/op	     128 allocs/op
BenchmarkMicroBatchBudget_Throughput/AlternateTwo/Burst=256-10              	   30306	     38308 ns/op	    4310 B/op	     257 allocs/op
BenchmarkMicroBatchBudget_Throughput/AlternateTwo/Burst=256-10              	   31786	     36431 ns/op	    4212 B/op	     256 allocs/op
BenchmarkMicroBatchBudget_Throughput/AlternateTwo/Burst=256-10              	   32364	     36719 ns/op	    4191 B/op	     256 allocs/op
BenchmarkMicroBatchBudget_Throughput/AlternateTwo/Burst=256-10              	   34933	     37371 ns/op	    4205 B/op	     256 allocs/op
BenchmarkMicroBatchBudget_Throughput/AlternateTwo/Burst=256-10              	   32919	     39302 ns/op	    4239 B/op	     256 allocs/op
BenchmarkMicroBatchBudget_Throughput/AlternateTwo/Burst=512-10              	   13251	     82661 ns/op	    8629 B/op	     513 allocs/op
BenchmarkMicroBatchBudget_Throughput/AlternateTwo/Burst=512-10              	   15680	     78359 ns/op	    8444 B/op	     512 allocs/op
BenchmarkMicroBatchBudget_Throughput/AlternateTwo/Burst=512-10              	   15264	     73963 ns/op	    8432 B/op	     512 allocs/op
BenchmarkMicroBatchBudget_Throughput/AlternateTwo/Burst=512-10              	   15459	     74384 ns/op	    8430 B/op	     512 allocs/op
BenchmarkMicroBatchBudget_Throughput/AlternateTwo/Burst=512-10              	   16906	     75767 ns/op	    8478 B/op	     512 allocs/op
BenchmarkMicroBatchBudget_Throughput/AlternateTwo/Burst=1024-10             	    9523	    156987 ns/op	   16999 B/op	    1026 allocs/op
BenchmarkMicroBatchBudget_Throughput/AlternateTwo/Burst=1024-10             	    7026	    152044 ns/op	   16835 B/op	    1025 allocs/op
BenchmarkMicroBatchBudget_Throughput/AlternateTwo/Burst=1024-10             	   10000	    157261 ns/op	   16981 B/op	    1026 allocs/op
BenchmarkMicroBatchBudget_Throughput/AlternateTwo/Burst=1024-10             	    8773	    148633 ns/op	   17049 B/op	    1027 allocs/op
BenchmarkMicroBatchBudget_Throughput/AlternateTwo/Burst=1024-10             	    9652	    146076 ns/op	   16809 B/op	    1024 allocs/op
BenchmarkMicroBatchBudget_Throughput/AlternateTwo/Burst=2048-10             	    5055	    299154 ns/op	   34195 B/op	    2055 allocs/op
BenchmarkMicroBatchBudget_Throughput/AlternateTwo/Burst=2048-10             	    5038	    289474 ns/op	   33887 B/op	    2052 allocs/op
BenchmarkMicroBatchBudget_Throughput/AlternateTwo/Burst=2048-10             	    5989	    301142 ns/op	   33636 B/op	    2050 allocs/op
BenchmarkMicroBatchBudget_Throughput/AlternateTwo/Burst=2048-10             	    4753	    289137 ns/op	   33898 B/op	    2051 allocs/op
BenchmarkMicroBatchBudget_Throughput/AlternateTwo/Burst=2048-10             	    4276	    293801 ns/op	   33681 B/op	    2050 allocs/op
BenchmarkMicroBatchBudget_Throughput/AlternateTwo/Burst=4096-10             	    2659	    580130 ns/op	   68281 B/op	    4111 allocs/op
BenchmarkMicroBatchBudget_Throughput/AlternateTwo/Burst=4096-10             	    2218	    604246 ns/op	   68541 B/op	    4107 allocs/op
BenchmarkMicroBatchBudget_Throughput/AlternateTwo/Burst=4096-10             	    1682	    599602 ns/op	   67531 B/op	    4100 allocs/op
BenchmarkMicroBatchBudget_Throughput/AlternateTwo/Burst=4096-10             	    1812	    561972 ns/op	   67855 B/op	    4103 allocs/op
BenchmarkMicroBatchBudget_Throughput/AlternateTwo/Burst=4096-10             	    1856	    585714 ns/op	   67358 B/op	    4100 allocs/op
BenchmarkMicroBatchBudget_Throughput/AlternateThree/Burst=64-10             	  126294	      9314 ns/op	    1026 B/op	      64 allocs/op
BenchmarkMicroBatchBudget_Throughput/AlternateThree/Burst=64-10             	  129324	      9503 ns/op	    1026 B/op	      64 allocs/op
BenchmarkMicroBatchBudget_Throughput/AlternateThree/Burst=64-10             	  127276	      9412 ns/op	    1026 B/op	      64 allocs/op
BenchmarkMicroBatchBudget_Throughput/AlternateThree/Burst=64-10             	  126733	      9352 ns/op	    1026 B/op	      64 allocs/op
BenchmarkMicroBatchBudget_Throughput/AlternateThree/Burst=64-10             	  127782	      9343 ns/op	    1026 B/op	      64 allocs/op
BenchmarkMicroBatchBudget_Throughput/AlternateThree/Burst=128-10            	   63490	     18362 ns/op	    2052 B/op	     128 allocs/op
BenchmarkMicroBatchBudget_Throughput/AlternateThree/Burst=128-10            	   63496	     18742 ns/op	    2052 B/op	     128 allocs/op
BenchmarkMicroBatchBudget_Throughput/AlternateThree/Burst=128-10            	   62671	     18921 ns/op	    2052 B/op	     128 allocs/op
BenchmarkMicroBatchBudget_Throughput/AlternateThree/Burst=128-10            	   63321	     18839 ns/op	    2054 B/op	     128 allocs/op
BenchmarkMicroBatchBudget_Throughput/AlternateThree/Burst=128-10            	   63800	     19151 ns/op	    2053 B/op	     128 allocs/op
BenchmarkMicroBatchBudget_Throughput/AlternateThree/Burst=256-10            	   32227	     37775 ns/op	    4105 B/op	     256 allocs/op
BenchmarkMicroBatchBudget_Throughput/AlternateThree/Burst=256-10            	   32409	     37265 ns/op	    4104 B/op	     256 allocs/op
BenchmarkMicroBatchBudget_Throughput/AlternateThree/Burst=256-10            	   31873	     37865 ns/op	    4105 B/op	     256 allocs/op
BenchmarkMicroBatchBudget_Throughput/AlternateThree/Burst=256-10            	   32128	     37887 ns/op	    4116 B/op	     256 allocs/op
BenchmarkMicroBatchBudget_Throughput/AlternateThree/Burst=256-10            	   31630	     38177 ns/op	    4104 B/op	     256 allocs/op
BenchmarkMicroBatchBudget_Throughput/AlternateThree/Burst=512-10            	   16237	     73212 ns/op	    8211 B/op	     512 allocs/op
BenchmarkMicroBatchBudget_Throughput/AlternateThree/Burst=512-10            	   18147	     75968 ns/op	    8212 B/op	     512 allocs/op
BenchmarkMicroBatchBudget_Throughput/AlternateThree/Burst=512-10            	   16005	     74652 ns/op	    8212 B/op	     512 allocs/op
BenchmarkMicroBatchBudget_Throughput/AlternateThree/Burst=512-10            	   15800	     75107 ns/op	    8207 B/op	     512 allocs/op
BenchmarkMicroBatchBudget_Throughput/AlternateThree/Burst=512-10            	   15916	     74611 ns/op	    8211 B/op	     512 allocs/op
BenchmarkMicroBatchBudget_Throughput/AlternateThree/Burst=1024-10           	    8576	    147261 ns/op	   16415 B/op	    1024 allocs/op
BenchmarkMicroBatchBudget_Throughput/AlternateThree/Burst=1024-10           	    7262	    149161 ns/op	   16415 B/op	    1024 allocs/op
BenchmarkMicroBatchBudget_Throughput/AlternateThree/Burst=1024-10           	    7959	    147094 ns/op	   16415 B/op	    1024 allocs/op
BenchmarkMicroBatchBudget_Throughput/AlternateThree/Burst=1024-10           	    8328	    149590 ns/op	   16422 B/op	    1024 allocs/op
BenchmarkMicroBatchBudget_Throughput/AlternateThree/Burst=1024-10           	    7836	    147791 ns/op	   16415 B/op	    1024 allocs/op
BenchmarkMicroBatchBudget_Throughput/AlternateThree/Burst=2048-10           	    4022	    300117 ns/op	   32843 B/op	    2048 allocs/op
BenchmarkMicroBatchBudget_Throughput/AlternateThree/Burst=2048-10           	    4066	    293438 ns/op	   32837 B/op	    2048 allocs/op
BenchmarkMicroBatchBudget_Throughput/AlternateThree/Burst=2048-10           	    3980	    303422 ns/op	   32844 B/op	    2048 allocs/op
BenchmarkMicroBatchBudget_Throughput/AlternateThree/Burst=2048-10           	    3961	    300409 ns/op	   32844 B/op	    2048 allocs/op
BenchmarkMicroBatchBudget_Throughput/AlternateThree/Burst=2048-10           	    3978	    301647 ns/op	   32855 B/op	    2048 allocs/op
BenchmarkMicroBatchBudget_Throughput/AlternateThree/Burst=4096-10           	    2005	    594094 ns/op	   65671 B/op	    4096 allocs/op
BenchmarkMicroBatchBudget_Throughput/AlternateThree/Burst=4096-10           	    2023	    599666 ns/op	   65792 B/op	    4096 allocs/op
BenchmarkMicroBatchBudget_Throughput/AlternateThree/Burst=4096-10           	    2148	    599933 ns/op	   65698 B/op	    4096 allocs/op
BenchmarkMicroBatchBudget_Throughput/AlternateThree/Burst=4096-10           	    1975	    607231 ns/op	   65692 B/op	    4096 allocs/op
BenchmarkMicroBatchBudget_Throughput/AlternateThree/Burst=4096-10           	    1972	    605667 ns/op	   65686 B/op	    4096 allocs/op
BenchmarkMicroBatchBudget_Throughput/Baseline/Burst=64-10                   	  172539	      6974 ns/op	    3584 B/op	     192 allocs/op
BenchmarkMicroBatchBudget_Throughput/Baseline/Burst=64-10                   	  180123	      7038 ns/op	    3584 B/op	     192 allocs/op
BenchmarkMicroBatchBudget_Throughput/Baseline/Burst=64-10                   	  169555	      7081 ns/op	    3584 B/op	     192 allocs/op
BenchmarkMicroBatchBudget_Throughput/Baseline/Burst=64-10                   	  177507	      7033 ns/op	    3584 B/op	     192 allocs/op
BenchmarkMicroBatchBudget_Throughput/Baseline/Burst=64-10                   	  174825	      7123 ns/op	    3584 B/op	     192 allocs/op
BenchmarkMicroBatchBudget_Throughput/Baseline/Burst=128-10                  	   87885	     13486 ns/op	    7169 B/op	     384 allocs/op
BenchmarkMicroBatchBudget_Throughput/Baseline/Burst=128-10                  	   92845	     13636 ns/op	    7169 B/op	     384 allocs/op
BenchmarkMicroBatchBudget_Throughput/Baseline/Burst=128-10                  	   85939	     13648 ns/op	    7169 B/op	     384 allocs/op
BenchmarkMicroBatchBudget_Throughput/Baseline/Burst=128-10                  	   87735	     13826 ns/op	    7169 B/op	     384 allocs/op
BenchmarkMicroBatchBudget_Throughput/Baseline/Burst=128-10                  	   88695	     13589 ns/op	    7169 B/op	     384 allocs/op
BenchmarkMicroBatchBudget_Throughput/Baseline/Burst=256-10                  	   45378	     27339 ns/op	   14338 B/op	     768 allocs/op
BenchmarkMicroBatchBudget_Throughput/Baseline/Burst=256-10                  	   43666	     27161 ns/op	   14338 B/op	     768 allocs/op
BenchmarkMicroBatchBudget_Throughput/Baseline/Burst=256-10                  	   45481	     26908 ns/op	   14338 B/op	     768 allocs/op
BenchmarkMicroBatchBudget_Throughput/Baseline/Burst=256-10                  	   44404	     27201 ns/op	   14339 B/op	     768 allocs/op
BenchmarkMicroBatchBudget_Throughput/Baseline/Burst=256-10                  	   45244	     27260 ns/op	   14340 B/op	     768 allocs/op
BenchmarkMicroBatchBudget_Throughput/Baseline/Burst=512-10                  	   21739	     55473 ns/op	   28676 B/op	    1536 allocs/op
BenchmarkMicroBatchBudget_Throughput/Baseline/Burst=512-10                  	   21945	     54747 ns/op	   28677 B/op	    1536 allocs/op
BenchmarkMicroBatchBudget_Throughput/Baseline/Burst=512-10                  	   22663	     55748 ns/op	   28677 B/op	    1536 allocs/op
BenchmarkMicroBatchBudget_Throughput/Baseline/Burst=512-10                  	   22023	     56541 ns/op	   28677 B/op	    1536 allocs/op
BenchmarkMicroBatchBudget_Throughput/Baseline/Burst=512-10                  	   23202	     55072 ns/op	   28677 B/op	    1536 allocs/op
BenchmarkMicroBatchBudget_Throughput/Baseline/Burst=1024-10                 	   10000	    105464 ns/op	   57356 B/op	    3072 allocs/op
BenchmarkMicroBatchBudget_Throughput/Baseline/Burst=1024-10                 	   10000	    113555 ns/op	   57382 B/op	    3072 allocs/op
BenchmarkMicroBatchBudget_Throughput/Baseline/Burst=1024-10                 	   10000	    109970 ns/op	   57353 B/op	    3072 allocs/op
BenchmarkMicroBatchBudget_Throughput/Baseline/Burst=1024-10                 	   10000	    111354 ns/op	   57366 B/op	    3072 allocs/op
BenchmarkMicroBatchBudget_Throughput/Baseline/Burst=1024-10                 	   10000	    109168 ns/op	   57359 B/op	    3072 allocs/op
BenchmarkMicroBatchBudget_Throughput/Baseline/Burst=2048-10                 	    5199	    209757 ns/op	  114707 B/op	    6144 allocs/op
BenchmarkMicroBatchBudget_Throughput/Baseline/Burst=2048-10                 	    5893	    213427 ns/op	  114709 B/op	    6144 allocs/op
BenchmarkMicroBatchBudget_Throughput/Baseline/Burst=2048-10                 	    5416	    221698 ns/op	  114717 B/op	    6144 allocs/op
BenchmarkMicroBatchBudget_Throughput/Baseline/Burst=2048-10                 	    5426	    218886 ns/op	  114710 B/op	    6144 allocs/op
BenchmarkMicroBatchBudget_Throughput/Baseline/Burst=2048-10                 	    5451	    210033 ns/op	  114706 B/op	    6144 allocs/op
BenchmarkMicroBatchBudget_Throughput/Baseline/Burst=4096-10                 	    2781	    418333 ns/op	  229432 B/op	   12288 allocs/op
BenchmarkMicroBatchBudget_Throughput/Baseline/Burst=4096-10                 	    2708	    435487 ns/op	  229414 B/op	   12288 allocs/op
BenchmarkMicroBatchBudget_Throughput/Baseline/Burst=4096-10                 	    2790	    440894 ns/op	  229412 B/op	   12288 allocs/op
BenchmarkMicroBatchBudget_Throughput/Baseline/Burst=4096-10                 	    2587	    436726 ns/op	  229415 B/op	   12288 allocs/op
BenchmarkMicroBatchBudget_Throughput/Baseline/Burst=4096-10                 	    2835	    427120 ns/op	  229428 B/op	   12288 allocs/op
BenchmarkMicroBatchBudget_Latency/Main/Burst=64-10                          	   41515	     28618 ns/op	    1152 B/op	      66 allocs/op
BenchmarkMicroBatchBudget_Latency/Main/Burst=64-10                          	   43150	     27029 ns/op	    1152 B/op	      66 allocs/op
BenchmarkMicroBatchBudget_Latency/Main/Burst=64-10                          	   42361	     28728 ns/op	    1152 B/op	      66 allocs/op
BenchmarkMicroBatchBudget_Latency/Main/Burst=64-10                          	   42408	     27546 ns/op	    1152 B/op	      66 allocs/op
BenchmarkMicroBatchBudget_Latency/Main/Burst=64-10                          	   40066	     27750 ns/op	    1152 B/op	      66 allocs/op
BenchmarkMicroBatchBudget_Latency/Main/Burst=128-10                         	   22483	     55816 ns/op	    2177 B/op	     130 allocs/op
BenchmarkMicroBatchBudget_Latency/Main/Burst=128-10                         	   20626	     53339 ns/op	    2177 B/op	     130 allocs/op
BenchmarkMicroBatchBudget_Latency/Main/Burst=128-10                         	   21855	     54196 ns/op	    2177 B/op	     130 allocs/op
BenchmarkMicroBatchBudget_Latency/Main/Burst=128-10                         	   21808	     55196 ns/op	    2177 B/op	     130 allocs/op
BenchmarkMicroBatchBudget_Latency/Main/Burst=128-10                         	   21158	     55340 ns/op	    2177 B/op	     130 allocs/op
BenchmarkMicroBatchBudget_Latency/Main/Burst=256-10                         	    9056	    123905 ns/op	   52036 B/op	     266 allocs/op
BenchmarkMicroBatchBudget_Latency/Main/Burst=256-10                         	    9957	    125539 ns/op	   52075 B/op	     266 allocs/op
BenchmarkMicroBatchBudget_Latency/Main/Burst=256-10                         	    9963	    120140 ns/op	   52086 B/op	     266 allocs/op
BenchmarkMicroBatchBudget_Latency/Main/Burst=256-10                         	    9235	    123930 ns/op	   51948 B/op	     266 allocs/op
BenchmarkMicroBatchBudget_Latency/Main/Burst=256-10                         	   10000	    123752 ns/op	   52115 B/op	     266 allocs/op
BenchmarkMicroBatchBudget_Latency/Main/Burst=512-10                         	    4656	    253120 ns/op	  110457 B/op	     524 allocs/op
BenchmarkMicroBatchBudget_Latency/Main/Burst=512-10                         	    4720	    252269 ns/op	  110995 B/op	     525 allocs/op
BenchmarkMicroBatchBudget_Latency/Main/Burst=512-10                         	    4892	    250763 ns/op	  110737 B/op	     525 allocs/op
BenchmarkMicroBatchBudget_Latency/Main/Burst=512-10                         	    4782	    245180 ns/op	  110743 B/op	     525 allocs/op
BenchmarkMicroBatchBudget_Latency/Main/Burst=512-10                         	    4953	    249481 ns/op	  110328 B/op	     525 allocs/op
BenchmarkMicroBatchBudget_Latency/Main/Burst=1024-10                        	    2287	    516438 ns/op	  293971 B/op	    1041 allocs/op
BenchmarkMicroBatchBudget_Latency/Main/Burst=1024-10                        	    2330	    512409 ns/op	  294014 B/op	    1041 allocs/op
BenchmarkMicroBatchBudget_Latency/Main/Burst=1024-10                        	    2468	    490163 ns/op	  295367 B/op	    1041 allocs/op
BenchmarkMicroBatchBudget_Latency/Main/Burst=1024-10                        	    2319	    540491 ns/op	  295193 B/op	    1041 allocs/op
BenchmarkMicroBatchBudget_Latency/Main/Burst=1024-10                        	    2158	    522136 ns/op	  293503 B/op	    1041 allocs/op
BenchmarkMicroBatchBudget_Latency/Main/Burst=2048-10                        	    1070	   1114489 ns/op	  639145 B/op	    2088 allocs/op
BenchmarkMicroBatchBudget_Latency/Main/Burst=2048-10                        	    1069	   1093633 ns/op	  637954 B/op	    2089 allocs/op
BenchmarkMicroBatchBudget_Latency/Main/Burst=2048-10                        	    1078	   1109434 ns/op	  633109 B/op	    2089 allocs/op
BenchmarkMicroBatchBudget_Latency/Main/Burst=2048-10                        	    1053	   1110611 ns/op	  638726 B/op	    2089 allocs/op
BenchmarkMicroBatchBudget_Latency/Main/Burst=2048-10                        	    1057	   1077317 ns/op	  636902 B/op	    2088 allocs/op
BenchmarkMicroBatchBudget_Latency/Main/Burst=4096-10                        	     540	   2124036 ns/op	 1314545 B/op	    4164 allocs/op
BenchmarkMicroBatchBudget_Latency/Main/Burst=4096-10                        	     560	   2207776 ns/op	 1316201 B/op	    4164 allocs/op
BenchmarkMicroBatchBudget_Latency/Main/Burst=4096-10                        	     559	   2234685 ns/op	 1312564 B/op	    4164 allocs/op
BenchmarkMicroBatchBudget_Latency/Main/Burst=4096-10                        	     547	   2142317 ns/op	 1336233 B/op	    4163 allocs/op
BenchmarkMicroBatchBudget_Latency/Main/Burst=4096-10                        	     532	   2165199 ns/op	 1308266 B/op	    4165 allocs/op
BenchmarkMicroBatchBudget_Latency/MainFastPathForced/Burst=64-10            	   41577	     28436 ns/op	    1152 B/op	      66 allocs/op
BenchmarkMicroBatchBudget_Latency/MainFastPathForced/Burst=64-10            	   43087	     28476 ns/op	    1152 B/op	      66 allocs/op
BenchmarkMicroBatchBudget_Latency/MainFastPathForced/Burst=64-10            	   40660	     27639 ns/op	    1152 B/op	      66 allocs/op
BenchmarkMicroBatchBudget_Latency/MainFastPathForced/Burst=64-10            	   42288	     28581 ns/op	    1152 B/op	      66 allocs/op
BenchmarkMicroBatchBudget_Latency/MainFastPathForced/Burst=64-10            	   41635	     28196 ns/op	    1152 B/op	      66 allocs/op
BenchmarkMicroBatchBudget_Latency/MainFastPathForced/Burst=128-10           	   21684	     53989 ns/op	    2177 B/op	     130 allocs/op
BenchmarkMicroBatchBudget_Latency/MainFastPathForced/Burst=128-10           	   21848	     55441 ns/op	    2177 B/op	     130 allocs/op
BenchmarkMicroBatchBudget_Latency/MainFastPathForced/Burst=128-10           	   21868	     51454 ns/op	    2177 B/op	     130 allocs/op
BenchmarkMicroBatchBudget_Latency/MainFastPathForced/Burst=128-10           	   21864	     57194 ns/op	    2177 B/op	     130 allocs/op
BenchmarkMicroBatchBudget_Latency/MainFastPathForced/Burst=128-10           	   22029	     54081 ns/op	    2177 B/op	     130 allocs/op
BenchmarkMicroBatchBudget_Latency/MainFastPathForced/Burst=256-10           	    9603	    122830 ns/op	   51916 B/op	     266 allocs/op
BenchmarkMicroBatchBudget_Latency/MainFastPathForced/Burst=256-10           	    8864	    125854 ns/op	   52077 B/op	     266 allocs/op
BenchmarkMicroBatchBudget_Latency/MainFastPathForced/Burst=256-10           	    9135	    126456 ns/op	   52090 B/op	     266 allocs/op
BenchmarkMicroBatchBudget_Latency/MainFastPathForced/Burst=256-10           	    9452	    125105 ns/op	   52025 B/op	     266 allocs/op
BenchmarkMicroBatchBudget_Latency/MainFastPathForced/Burst=256-10           	    9282	    127034 ns/op	   51992 B/op	     266 allocs/op
BenchmarkMicroBatchBudget_Latency/MainFastPathForced/Burst=512-10           	    4722	    248214 ns/op	  110557 B/op	     525 allocs/op
BenchmarkMicroBatchBudget_Latency/MainFastPathForced/Burst=512-10           	    4956	    252752 ns/op	  110508 B/op	     525 allocs/op
BenchmarkMicroBatchBudget_Latency/MainFastPathForced/Burst=512-10           	    4648	    252923 ns/op	  110906 B/op	     525 allocs/op
BenchmarkMicroBatchBudget_Latency/MainFastPathForced/Burst=512-10           	    4662	    248966 ns/op	  110781 B/op	     525 allocs/op
BenchmarkMicroBatchBudget_Latency/MainFastPathForced/Burst=512-10           	    4756	    251720 ns/op	  110776 B/op	     525 allocs/op
BenchmarkMicroBatchBudget_Latency/MainFastPathForced/Burst=1024-10          	    2406	    519218 ns/op	  294257 B/op	    1041 allocs/op
BenchmarkMicroBatchBudget_Latency/MainFastPathForced/Burst=1024-10          	    2264	    531476 ns/op	  292824 B/op	    1041 allocs/op
BenchmarkMicroBatchBudget_Latency/MainFastPathForced/Burst=1024-10          	    2266	    499669 ns/op	  295368 B/op	    1041 allocs/op
BenchmarkMicroBatchBudget_Latency/MainFastPathForced/Burst=1024-10          	    2385	    520501 ns/op	  293260 B/op	    1041 allocs/op
BenchmarkMicroBatchBudget_Latency/MainFastPathForced/Burst=1024-10          	    2302	    493397 ns/op	  295339 B/op	    1041 allocs/op
BenchmarkMicroBatchBudget_Latency/MainFastPathForced/Burst=2048-10          	    1053	   1066603 ns/op	  636780 B/op	    2089 allocs/op
BenchmarkMicroBatchBudget_Latency/MainFastPathForced/Burst=2048-10          	    1093	   1098643 ns/op	  655831 B/op	    2087 allocs/op
BenchmarkMicroBatchBudget_Latency/MainFastPathForced/Burst=2048-10          	    1072	   1143101 ns/op	  636421 B/op	    2089 allocs/op
BenchmarkMicroBatchBudget_Latency/MainFastPathForced/Burst=2048-10          	    1102	   1106779 ns/op	  638732 B/op	    2088 allocs/op
BenchmarkMicroBatchBudget_Latency/MainFastPathForced/Burst=2048-10          	    1130	   1108573 ns/op	  638657 B/op	    2089 allocs/op
BenchmarkMicroBatchBudget_Latency/MainFastPathForced/Burst=4096-10          	     541	   2196659 ns/op	 1308689 B/op	    4164 allocs/op
BenchmarkMicroBatchBudget_Latency/MainFastPathForced/Burst=4096-10          	     552	   2159946 ns/op	 1307540 B/op	    4165 allocs/op
BenchmarkMicroBatchBudget_Latency/MainFastPathForced/Burst=4096-10          	     540	   2249547 ns/op	 1314223 B/op	    4164 allocs/op
BenchmarkMicroBatchBudget_Latency/MainFastPathForced/Burst=4096-10          	     540	   2277223 ns/op	 1319763 B/op	    4164 allocs/op
BenchmarkMicroBatchBudget_Latency/MainFastPathForced/Burst=4096-10          	     534	   2148483 ns/op	 1309077 B/op	    4164 allocs/op
BenchmarkMicroBatchBudget_Latency/MainFastPathDisabled/Burst=64-10          	   10000	    107389 ns/op	    1184 B/op	      67 allocs/op
BenchmarkMicroBatchBudget_Latency/MainFastPathDisabled/Burst=64-10          	   10000	    108374 ns/op	    1185 B/op	      67 allocs/op
BenchmarkMicroBatchBudget_Latency/MainFastPathDisabled/Burst=64-10          	   10000	    103600 ns/op	    1184 B/op	      67 allocs/op
BenchmarkMicroBatchBudget_Latency/MainFastPathDisabled/Burst=64-10          	   10000	    103524 ns/op	    1183 B/op	      67 allocs/op
BenchmarkMicroBatchBudget_Latency/MainFastPathDisabled/Burst=64-10          	   10000	    105711 ns/op	    1185 B/op	      67 allocs/op
BenchmarkMicroBatchBudget_Latency/MainFastPathDisabled/Burst=128-10         	   10000	    119882 ns/op	    2209 B/op	     131 allocs/op
BenchmarkMicroBatchBudget_Latency/MainFastPathDisabled/Burst=128-10         	   10000	    120827 ns/op	    2210 B/op	     131 allocs/op
BenchmarkMicroBatchBudget_Latency/MainFastPathDisabled/Burst=128-10         	   10000	    120544 ns/op	    2210 B/op	     131 allocs/op
BenchmarkMicroBatchBudget_Latency/MainFastPathDisabled/Burst=128-10         	   10000	    119781 ns/op	    2209 B/op	     131 allocs/op
BenchmarkMicroBatchBudget_Latency/MainFastPathDisabled/Burst=128-10         	   10000	    120627 ns/op	    2210 B/op	     131 allocs/op
BenchmarkMicroBatchBudget_Latency/MainFastPathDisabled/Burst=256-10         	    6565	    161206 ns/op	   51714 B/op	     268 allocs/op
BenchmarkMicroBatchBudget_Latency/MainFastPathDisabled/Burst=256-10         	    6658	    168744 ns/op	   51890 B/op	     268 allocs/op
BenchmarkMicroBatchBudget_Latency/MainFastPathDisabled/Burst=256-10         	    6897	    167412 ns/op	   51888 B/op	     268 allocs/op
BenchmarkMicroBatchBudget_Latency/MainFastPathDisabled/Burst=256-10         	    7258	    165095 ns/op	   51905 B/op	     268 allocs/op
BenchmarkMicroBatchBudget_Latency/MainFastPathDisabled/Burst=256-10         	    7329	    164010 ns/op	   51688 B/op	     268 allocs/op
BenchmarkMicroBatchBudget_Latency/MainFastPathDisabled/Burst=512-10         	    3844	    310624 ns/op	  123393 B/op	     531 allocs/op
BenchmarkMicroBatchBudget_Latency/MainFastPathDisabled/Burst=512-10         	    3874	    308969 ns/op	  124735 B/op	     531 allocs/op
BenchmarkMicroBatchBudget_Latency/MainFastPathDisabled/Burst=512-10         	    3796	    313300 ns/op	  125398 B/op	     531 allocs/op
BenchmarkMicroBatchBudget_Latency/MainFastPathDisabled/Burst=512-10         	    3894	    304943 ns/op	  125045 B/op	     531 allocs/op
BenchmarkMicroBatchBudget_Latency/MainFastPathDisabled/Burst=512-10         	    3980	    344119 ns/op	  122572 B/op	     530 allocs/op
BenchmarkMicroBatchBudget_Latency/MainFastPathDisabled/Burst=1024-10        	    2115	    590438 ns/op	  273534 B/op	    1046 allocs/op
BenchmarkMicroBatchBudget_Latency/MainFastPathDisabled/Burst=1024-10        	    2022	    583625 ns/op	  272214 B/op	    1046 allocs/op
BenchmarkMicroBatchBudget_Latency/MainFastPathDisabled/Burst=1024-10        	    2000	    560619 ns/op	  270794 B/op	    1046 allocs/op
BenchmarkMicroBatchBudget_Latency/MainFastPathDisabled/Burst=1024-10        	    2068	    593851 ns/op	  272644 B/op	    1046 allocs/op
BenchmarkMicroBatchBudget_Latency/MainFastPathDisabled/Burst=1024-10        	    1990	    586007 ns/op	  272059 B/op	    1046 allocs/op
BenchmarkMicroBatchBudget_Latency/MainFastPathDisabled/Burst=2048-10        	     997	   1159813 ns/op	  596715 B/op	    2097 allocs/op
BenchmarkMicroBatchBudget_Latency/MainFastPathDisabled/Burst=2048-10        	    1044	   1163227 ns/op	  597532 B/op	    2097 allocs/op
BenchmarkMicroBatchBudget_Latency/MainFastPathDisabled/Burst=2048-10        	    1053	   1165700 ns/op	  594310 B/op	    2096 allocs/op
BenchmarkMicroBatchBudget_Latency/MainFastPathDisabled/Burst=2048-10        	    1009	   1168233 ns/op	  596860 B/op	    2096 allocs/op
BenchmarkMicroBatchBudget_Latency/MainFastPathDisabled/Burst=2048-10        	    1038	   1159671 ns/op	  595808 B/op	    2097 allocs/op
BenchmarkMicroBatchBudget_Latency/MainFastPathDisabled/Burst=4096-10        	     522	   2157558 ns/op	 1265818 B/op	    4173 allocs/op
BenchmarkMicroBatchBudget_Latency/MainFastPathDisabled/Burst=4096-10        	     526	   2287689 ns/op	 1275099 B/op	    4172 allocs/op
BenchmarkMicroBatchBudget_Latency/MainFastPathDisabled/Burst=4096-10        	     523	   2269555 ns/op	 1264973 B/op	    4173 allocs/op
BenchmarkMicroBatchBudget_Latency/MainFastPathDisabled/Burst=4096-10        	     518	   2323323 ns/op	 1284176 B/op	    4172 allocs/op
BenchmarkMicroBatchBudget_Latency/MainFastPathDisabled/Burst=4096-10        	     511	   2213367 ns/op	 1286110 B/op	    4172 allocs/op
BenchmarkMicroBatchBudget_Latency/AlternateOne/Burst=64-10                  	   25827	     45778 ns/op	    1152 B/op	      66 allocs/op
BenchmarkMicroBatchBudget_Latency/AlternateOne/Burst=64-10                  	   26191	     45797 ns/op	    1152 B/op	      66 allocs/op
BenchmarkMicroBatchBudget_Latency/AlternateOne/Burst=64-10                  	   27116	     44116 ns/op	    1152 B/op	      66 allocs/op
BenchmarkMicroBatchBudget_Latency/AlternateOne/Burst=64-10                  	   27291	     44082 ns/op	    1152 B/op	      66 allocs/op
BenchmarkMicroBatchBudget_Latency/AlternateOne/Burst=64-10                  	   27552	     44372 ns/op	    1152 B/op	      66 allocs/op
BenchmarkMicroBatchBudget_Latency/AlternateOne/Burst=128-10                 	   24975	     47579 ns/op	    2176 B/op	     130 allocs/op
BenchmarkMicroBatchBudget_Latency/AlternateOne/Burst=128-10                 	   25218	     48538 ns/op	    2176 B/op	     130 allocs/op
BenchmarkMicroBatchBudget_Latency/AlternateOne/Burst=128-10                 	   25368	     47891 ns/op	    2176 B/op	     130 allocs/op
BenchmarkMicroBatchBudget_Latency/AlternateOne/Burst=128-10                 	   25190	     47955 ns/op	    2176 B/op	     130 allocs/op
BenchmarkMicroBatchBudget_Latency/AlternateOne/Burst=128-10                 	   25237	     47938 ns/op	    2176 B/op	     130 allocs/op
BenchmarkMicroBatchBudget_Latency/AlternateOne/Burst=256-10                 	   17089	     68721 ns/op	    4232 B/op	     258 allocs/op
BenchmarkMicroBatchBudget_Latency/AlternateOne/Burst=256-10                 	   19357	     60377 ns/op	    4232 B/op	     258 allocs/op
BenchmarkMicroBatchBudget_Latency/AlternateOne/Burst=256-10                 	   19098	     61856 ns/op	    4232 B/op	     258 allocs/op
BenchmarkMicroBatchBudget_Latency/AlternateOne/Burst=256-10                 	   17576	     59325 ns/op	    4233 B/op	     258 allocs/op
BenchmarkMicroBatchBudget_Latency/AlternateOne/Burst=256-10                 	   19323	     61242 ns/op	    4232 B/op	     258 allocs/op
BenchmarkMicroBatchBudget_Latency/AlternateOne/Burst=512-10                 	    7335	    168446 ns/op	    8336 B/op	     514 allocs/op
BenchmarkMicroBatchBudget_Latency/AlternateOne/Burst=512-10                 	    7364	    149409 ns/op	    8337 B/op	     514 allocs/op
BenchmarkMicroBatchBudget_Latency/AlternateOne/Burst=512-10                 	    7808	    149564 ns/op	    8340 B/op	     514 allocs/op
BenchmarkMicroBatchBudget_Latency/AlternateOne/Burst=512-10                 	    6757	    149766 ns/op	    8339 B/op	     514 allocs/op
BenchmarkMicroBatchBudget_Latency/AlternateOne/Burst=512-10                 	    7125	    149416 ns/op	    8338 B/op	     514 allocs/op
BenchmarkMicroBatchBudget_Latency/AlternateOne/Burst=1024-10                	    3475	    346629 ns/op	   16544 B/op	    1026 allocs/op
BenchmarkMicroBatchBudget_Latency/AlternateOne/Burst=1024-10                	    5054	    335524 ns/op	   16543 B/op	    1026 allocs/op
BenchmarkMicroBatchBudget_Latency/AlternateOne/Burst=1024-10                	    4009	    294989 ns/op	   16551 B/op	    1026 allocs/op
BenchmarkMicroBatchBudget_Latency/AlternateOne/Burst=1024-10                	    4396	    275040 ns/op	   16549 B/op	    1026 allocs/op
BenchmarkMicroBatchBudget_Latency/AlternateOne/Burst=1024-10                	    5625	    332240 ns/op	   16545 B/op	    1026 allocs/op
BenchmarkMicroBatchBudget_Latency/AlternateOne/Burst=2048-10                	    2570	    634432 ns/op	   32979 B/op	    2050 allocs/op
BenchmarkMicroBatchBudget_Latency/AlternateOne/Burst=2048-10                	    3295	    377683 ns/op	   33000 B/op	    2050 allocs/op
BenchmarkMicroBatchBudget_Latency/AlternateOne/Burst=2048-10                	    3243	    347228 ns/op	   32985 B/op	    2050 allocs/op
BenchmarkMicroBatchBudget_Latency/AlternateOne/Burst=2048-10                	    2782	    369288 ns/op	   32987 B/op	    2050 allocs/op
BenchmarkMicroBatchBudget_Latency/AlternateOne/Burst=2048-10                	    3156	    365125 ns/op	   32997 B/op	    2050 allocs/op
BenchmarkMicroBatchBudget_Latency/AlternateOne/Burst=4096-10                	    1005	   1184078 ns/op	   65953 B/op	    4098 allocs/op
BenchmarkMicroBatchBudget_Latency/AlternateOne/Burst=4096-10                	    1729	    715756 ns/op	   65920 B/op	    4098 allocs/op
BenchmarkMicroBatchBudget_Latency/AlternateOne/Burst=4096-10                	    1603	    705949 ns/op	   65910 B/op	    4098 allocs/op
BenchmarkMicroBatchBudget_Latency/AlternateOne/Burst=4096-10                	    1532	   1139016 ns/op	   65946 B/op	    4098 allocs/op
BenchmarkMicroBatchBudget_Latency/AlternateOne/Burst=4096-10                	    1765	    693514 ns/op	   65927 B/op	    4098 allocs/op
BenchmarkMicroBatchBudget_Latency/AlternateTwo/Burst=64-10                  	   26836	     45794 ns/op	    1162 B/op	      66 allocs/op
BenchmarkMicroBatchBudget_Latency/AlternateTwo/Burst=64-10                  	   26272	     45281 ns/op	    1158 B/op	      66 allocs/op
BenchmarkMicroBatchBudget_Latency/AlternateTwo/Burst=64-10                  	   26598	     46116 ns/op	    1158 B/op	      66 allocs/op
BenchmarkMicroBatchBudget_Latency/AlternateTwo/Burst=64-10                  	   26354	     46092 ns/op	    1159 B/op	      66 allocs/op
BenchmarkMicroBatchBudget_Latency/AlternateTwo/Burst=64-10                  	   25608	     46676 ns/op	    1159 B/op	      66 allocs/op
BenchmarkMicroBatchBudget_Latency/AlternateTwo/Burst=128-10                 	   24552	     49766 ns/op	    2204 B/op	     130 allocs/op
BenchmarkMicroBatchBudget_Latency/AlternateTwo/Burst=128-10                 	   24187	     50326 ns/op	    2200 B/op	     130 allocs/op
BenchmarkMicroBatchBudget_Latency/AlternateTwo/Burst=128-10                 	   20884	     51336 ns/op	    2197 B/op	     130 allocs/op
BenchmarkMicroBatchBudget_Latency/AlternateTwo/Burst=128-10                 	   24074	     51197 ns/op	    2198 B/op	     130 allocs/op
BenchmarkMicroBatchBudget_Latency/AlternateTwo/Burst=128-10                 	   24032	     50264 ns/op	    2198 B/op	     130 allocs/op
BenchmarkMicroBatchBudget_Latency/AlternateTwo/Burst=256-10                 	   19380	     63756 ns/op	    4294 B/op	     258 allocs/op
BenchmarkMicroBatchBudget_Latency/AlternateTwo/Burst=256-10                 	   19636	     62424 ns/op	    4278 B/op	     258 allocs/op
BenchmarkMicroBatchBudget_Latency/AlternateTwo/Burst=256-10                 	   19443	     67463 ns/op	    4288 B/op	     258 allocs/op
BenchmarkMicroBatchBudget_Latency/AlternateTwo/Burst=256-10                 	   19290	     63760 ns/op	    4276 B/op	     258 allocs/op
BenchmarkMicroBatchBudget_Latency/AlternateTwo/Burst=256-10                 	   18850	     64587 ns/op	    4280 B/op	     258 allocs/op
BenchmarkMicroBatchBudget_Latency/AlternateTwo/Burst=512-10                 	   14356	     84774 ns/op	    8492 B/op	     514 allocs/op
BenchmarkMicroBatchBudget_Latency/AlternateTwo/Burst=512-10                 	   14067	     85332 ns/op	    8469 B/op	     514 allocs/op
BenchmarkMicroBatchBudget_Latency/AlternateTwo/Burst=512-10                 	   14180	     86789 ns/op	    8468 B/op	     514 allocs/op
BenchmarkMicroBatchBudget_Latency/AlternateTwo/Burst=512-10                 	   14469	     85592 ns/op	    8476 B/op	     514 allocs/op
BenchmarkMicroBatchBudget_Latency/AlternateTwo/Burst=512-10                 	   14150	     85296 ns/op	    8471 B/op	     514 allocs/op
BenchmarkMicroBatchBudget_Latency/AlternateTwo/Burst=1024-10                	    8568	    142809 ns/op	   16922 B/op	    1027 allocs/op
BenchmarkMicroBatchBudget_Latency/AlternateTwo/Burst=1024-10                	   10000	    143186 ns/op	   16882 B/op	    1026 allocs/op
BenchmarkMicroBatchBudget_Latency/AlternateTwo/Burst=1024-10                	    9693	    140609 ns/op	   16913 B/op	    1026 allocs/op
BenchmarkMicroBatchBudget_Latency/AlternateTwo/Burst=1024-10                	    8558	    150118 ns/op	   16880 B/op	    1026 allocs/op
BenchmarkMicroBatchBudget_Latency/AlternateTwo/Burst=1024-10                	    8599	    139406 ns/op	   16895 B/op	    1026 allocs/op
BenchmarkMicroBatchBudget_Latency/AlternateTwo/Burst=2048-10                	    4749	    266970 ns/op	   33761 B/op	    2052 allocs/op
BenchmarkMicroBatchBudget_Latency/AlternateTwo/Burst=2048-10                	    4412	    260155 ns/op	   33675 B/op	    2052 allocs/op
BenchmarkMicroBatchBudget_Latency/AlternateTwo/Burst=2048-10                	    4633	    272882 ns/op	   33749 B/op	    2052 allocs/op
BenchmarkMicroBatchBudget_Latency/AlternateTwo/Burst=2048-10                	    5065	    262697 ns/op	   33789 B/op	    2052 allocs/op
BenchmarkMicroBatchBudget_Latency/AlternateTwo/Burst=2048-10                	    4726	    278359 ns/op	   33778 B/op	    2052 allocs/op
BenchmarkMicroBatchBudget_Latency/AlternateTwo/Burst=4096-10                	    2295	    527291 ns/op	   67681 B/op	    4104 allocs/op
BenchmarkMicroBatchBudget_Latency/AlternateTwo/Burst=4096-10                	    2472	    539762 ns/op	   67496 B/op	    4103 allocs/op
BenchmarkMicroBatchBudget_Latency/AlternateTwo/Burst=4096-10                	    2024	    552167 ns/op	   67368 B/op	    4101 allocs/op
BenchmarkMicroBatchBudget_Latency/AlternateTwo/Burst=4096-10                	    2311	    555160 ns/op	   67941 B/op	    4104 allocs/op
BenchmarkMicroBatchBudget_Latency/AlternateTwo/Burst=4096-10                	    2274	    596513 ns/op	   67445 B/op	    4102 allocs/op
BenchmarkMicroBatchBudget_Latency/AlternateThree/Burst=64-10                	   27811	     43676 ns/op	    1152 B/op	      66 allocs/op
BenchmarkMicroBatchBudget_Latency/AlternateThree/Burst=64-10                	   27139	     45577 ns/op	    1152 B/op	      66 allocs/op
BenchmarkMicroBatchBudget_Latency/AlternateThree/Burst=64-10                	   27096	     45437 ns/op	    1152 B/op	      66 allocs/op
BenchmarkMicroBatchBudget_Latency/AlternateThree/Burst=64-10                	   27637	     43119 ns/op	    1152 B/op	      66 allocs/op
BenchmarkMicroBatchBudget_Latency/AlternateThree/Burst=64-10                	   27878	     43567 ns/op	    1152 B/op	      66 allocs/op
BenchmarkMicroBatchBudget_Latency/AlternateThree/Burst=128-10               	   27098	     45428 ns/op	    2176 B/op	     130 allocs/op
BenchmarkMicroBatchBudget_Latency/AlternateThree/Burst=128-10               	   26916	     46968 ns/op	    2176 B/op	     130 allocs/op
BenchmarkMicroBatchBudget_Latency/AlternateThree/Burst=128-10               	   26636	     45304 ns/op	    2176 B/op	     130 allocs/op
BenchmarkMicroBatchBudget_Latency/AlternateThree/Burst=128-10               	   26784	     45535 ns/op	    2176 B/op	     130 allocs/op
BenchmarkMicroBatchBudget_Latency/AlternateThree/Burst=128-10               	   27064	     45580 ns/op	    2176 B/op	     130 allocs/op
BenchmarkMicroBatchBudget_Latency/AlternateThree/Burst=256-10               	   23440	     52601 ns/op	    4229 B/op	     258 allocs/op
BenchmarkMicroBatchBudget_Latency/AlternateThree/Burst=256-10               	   23168	     52318 ns/op	    4228 B/op	     258 allocs/op
BenchmarkMicroBatchBudget_Latency/AlternateThree/Burst=256-10               	   23338	     52401 ns/op	    4228 B/op	     258 allocs/op
BenchmarkMicroBatchBudget_Latency/AlternateThree/Burst=256-10               	   23210	     51335 ns/op	    4228 B/op	     258 allocs/op
BenchmarkMicroBatchBudget_Latency/AlternateThree/Burst=256-10               	   22622	     52317 ns/op	    4228 B/op	     258 allocs/op
BenchmarkMicroBatchBudget_Latency/AlternateThree/Burst=512-10               	   12465	     95514 ns/op	    8329 B/op	     514 allocs/op
BenchmarkMicroBatchBudget_Latency/AlternateThree/Burst=512-10               	   12498	     96636 ns/op	    8329 B/op	     514 allocs/op
BenchmarkMicroBatchBudget_Latency/AlternateThree/Burst=512-10               	   12604	     96131 ns/op	    8330 B/op	     514 allocs/op
BenchmarkMicroBatchBudget_Latency/AlternateThree/Burst=512-10               	   12219	    109556 ns/op	    8330 B/op	     514 allocs/op
BenchmarkMicroBatchBudget_Latency/AlternateThree/Burst=512-10               	   12349	     96391 ns/op	    8329 B/op	     514 allocs/op
BenchmarkMicroBatchBudget_Latency/AlternateThree/Burst=1024-10              	    6697	    177755 ns/op	   16536 B/op	    1026 allocs/op
BenchmarkMicroBatchBudget_Latency/AlternateThree/Burst=1024-10              	    6826	    174659 ns/op	   16535 B/op	    1026 allocs/op
BenchmarkMicroBatchBudget_Latency/AlternateThree/Burst=1024-10              	    6758	    175997 ns/op	   16536 B/op	    1026 allocs/op
BenchmarkMicroBatchBudget_Latency/AlternateThree/Burst=1024-10              	    6708	    176462 ns/op	   16536 B/op	    1026 allocs/op
BenchmarkMicroBatchBudget_Latency/AlternateThree/Burst=1024-10              	    6907	    175742 ns/op	   16536 B/op	    1026 allocs/op
BenchmarkMicroBatchBudget_Latency/AlternateThree/Burst=2048-10              	    3630	    323329 ns/op	   32959 B/op	    2050 allocs/op
BenchmarkMicroBatchBudget_Latency/AlternateThree/Burst=2048-10              	    3705	    324681 ns/op	   32960 B/op	    2050 allocs/op
BenchmarkMicroBatchBudget_Latency/AlternateThree/Burst=2048-10              	    3744	    326621 ns/op	   32962 B/op	    2050 allocs/op
BenchmarkMicroBatchBudget_Latency/AlternateThree/Burst=2048-10              	    3510	    337986 ns/op	   32962 B/op	    2050 allocs/op
BenchmarkMicroBatchBudget_Latency/AlternateThree/Burst=2048-10              	    3673	    357354 ns/op	   32959 B/op	    2050 allocs/op
BenchmarkMicroBatchBudget_Latency/AlternateThree/Burst=4096-10              	    1902	    636351 ns/op	   65806 B/op	    4098 allocs/op
BenchmarkMicroBatchBudget_Latency/AlternateThree/Burst=4096-10              	    1824	    630688 ns/op	   65809 B/op	    4098 allocs/op
BenchmarkMicroBatchBudget_Latency/AlternateThree/Burst=4096-10              	    1827	    631705 ns/op	   65808 B/op	    4098 allocs/op
BenchmarkMicroBatchBudget_Latency/AlternateThree/Burst=4096-10              	    1860	    628437 ns/op	   65816 B/op	    4098 allocs/op
BenchmarkMicroBatchBudget_Latency/AlternateThree/Burst=4096-10              	    1917	    625896 ns/op	   65808 B/op	    4098 allocs/op
BenchmarkMicroBatchBudget_Latency/Baseline/Burst=64-10                      	  151479	      7993 ns/op	    3712 B/op	     194 allocs/op
BenchmarkMicroBatchBudget_Latency/Baseline/Burst=64-10                      	  149420	      7914 ns/op	    3712 B/op	     194 allocs/op
BenchmarkMicroBatchBudget_Latency/Baseline/Burst=64-10                      	  152275	      7958 ns/op	    3712 B/op	     194 allocs/op
BenchmarkMicroBatchBudget_Latency/Baseline/Burst=64-10                      	  148477	      8055 ns/op	    3712 B/op	     194 allocs/op
BenchmarkMicroBatchBudget_Latency/Baseline/Burst=64-10                      	  153663	      8043 ns/op	    3712 B/op	     194 allocs/op
BenchmarkMicroBatchBudget_Latency/Baseline/Burst=128-10                     	   80098	     15142 ns/op	    7296 B/op	     386 allocs/op
BenchmarkMicroBatchBudget_Latency/Baseline/Burst=128-10                     	   82110	     14734 ns/op	    7296 B/op	     386 allocs/op
BenchmarkMicroBatchBudget_Latency/Baseline/Burst=128-10                     	   81672	     14841 ns/op	    7296 B/op	     386 allocs/op
BenchmarkMicroBatchBudget_Latency/Baseline/Burst=128-10                     	   80173	     14789 ns/op	    7296 B/op	     386 allocs/op
BenchmarkMicroBatchBudget_Latency/Baseline/Burst=128-10                     	   82063	     14751 ns/op	    7296 B/op	     386 allocs/op
BenchmarkMicroBatchBudget_Latency/Baseline/Burst=256-10                     	   41083	     27802 ns/op	   14464 B/op	     770 allocs/op
BenchmarkMicroBatchBudget_Latency/Baseline/Burst=256-10                     	   42225	     29793 ns/op	   14464 B/op	     770 allocs/op
BenchmarkMicroBatchBudget_Latency/Baseline/Burst=256-10                     	   40770	     29895 ns/op	   14464 B/op	     770 allocs/op
BenchmarkMicroBatchBudget_Latency/Baseline/Burst=256-10                     	   42836	     28865 ns/op	   14464 B/op	     770 allocs/op
BenchmarkMicroBatchBudget_Latency/Baseline/Burst=256-10                     	   42523	     29878 ns/op	   14464 B/op	     770 allocs/op
BenchmarkMicroBatchBudget_Latency/Baseline/Burst=512-10                     	   18176	     60916 ns/op	   28801 B/op	    1538 allocs/op
BenchmarkMicroBatchBudget_Latency/Baseline/Burst=512-10                     	   21204	     56778 ns/op	   28801 B/op	    1538 allocs/op
BenchmarkMicroBatchBudget_Latency/Baseline/Burst=512-10                     	   21574	     57377 ns/op	   28801 B/op	    1538 allocs/op
BenchmarkMicroBatchBudget_Latency/Baseline/Burst=512-10                     	   21632	     57113 ns/op	   28801 B/op	    1538 allocs/op
BenchmarkMicroBatchBudget_Latency/Baseline/Burst=512-10                     	   21354	     57727 ns/op	   28801 B/op	    1538 allocs/op
BenchmarkMicroBatchBudget_Latency/Baseline/Burst=1024-10                    	   10000	    113040 ns/op	   57478 B/op	    3074 allocs/op
BenchmarkMicroBatchBudget_Latency/Baseline/Burst=1024-10                    	   10000	    115041 ns/op	   57478 B/op	    3074 allocs/op
BenchmarkMicroBatchBudget_Latency/Baseline/Burst=1024-10                    	   10000	    115572 ns/op	   57479 B/op	    3074 allocs/op
BenchmarkMicroBatchBudget_Latency/Baseline/Burst=1024-10                    	   10000	    115228 ns/op	   57478 B/op	    3074 allocs/op
BenchmarkMicroBatchBudget_Latency/Baseline/Burst=1024-10                    	   10000	    115712 ns/op	   57479 B/op	    3074 allocs/op
BenchmarkMicroBatchBudget_Latency/Baseline/Burst=2048-10                    	    5788	    237940 ns/op	  114835 B/op	    6146 allocs/op
BenchmarkMicroBatchBudget_Latency/Baseline/Burst=2048-10                    	    5301	    215235 ns/op	  114835 B/op	    6146 allocs/op
BenchmarkMicroBatchBudget_Latency/Baseline/Burst=2048-10                    	    5880	    222126 ns/op	  114835 B/op	    6146 allocs/op
BenchmarkMicroBatchBudget_Latency/Baseline/Burst=2048-10                    	    5478	    218071 ns/op	  114835 B/op	    6146 allocs/op
BenchmarkMicroBatchBudget_Latency/Baseline/Burst=2048-10                    	    5394	    218864 ns/op	  114835 B/op	    6146 allocs/op
BenchmarkMicroBatchBudget_Latency/Baseline/Burst=4096-10                    	    2613	    424352 ns/op	  229543 B/op	   12290 allocs/op
BenchmarkMicroBatchBudget_Latency/Baseline/Burst=4096-10                    	    2619	    446137 ns/op	  229553 B/op	   12290 allocs/op
BenchmarkMicroBatchBudget_Latency/Baseline/Burst=4096-10                    	    2636	    446821 ns/op	  229544 B/op	   12290 allocs/op
BenchmarkMicroBatchBudget_Latency/Baseline/Burst=4096-10                    	    2692	    421869 ns/op	  229543 B/op	   12290 allocs/op
BenchmarkMicroBatchBudget_Latency/Baseline/Burst=4096-10                    	    2688	    444925 ns/op	  229562 B/op	   12290 allocs/op
BenchmarkMicroBatchBudget_Continuous/Main-10                                	 2218651	       572.5 ns/op	     279 B/op	       1 allocs/op
BenchmarkMicroBatchBudget_Continuous/Main-10                                	 2195444	       561.1 ns/op	     272 B/op	       1 allocs/op
BenchmarkMicroBatchBudget_Continuous/Main-10                                	 2051912	       551.5 ns/op	     281 B/op	       1 allocs/op
BenchmarkMicroBatchBudget_Continuous/Main-10                                	 2089052	       581.8 ns/op	     284 B/op	       1 allocs/op
BenchmarkMicroBatchBudget_Continuous/Main-10                                	 2022778	       573.3 ns/op	     277 B/op	       1 allocs/op
BenchmarkMicroBatchBudget_Continuous/MainFastPathForced-10                  	 1940403	       567.6 ns/op	     294 B/op	       1 allocs/op
BenchmarkMicroBatchBudget_Continuous/MainFastPathForced-10                  	 2134249	       565.0 ns/op	     287 B/op	       1 allocs/op
BenchmarkMicroBatchBudget_Continuous/MainFastPathForced-10                  	 2089885	       537.7 ns/op	     275 B/op	       1 allocs/op
BenchmarkMicroBatchBudget_Continuous/MainFastPathForced-10                  	 2073625	       553.6 ns/op	     279 B/op	       1 allocs/op
BenchmarkMicroBatchBudget_Continuous/MainFastPathForced-10                  	 2081970	       573.3 ns/op	     281 B/op	       1 allocs/op
BenchmarkMicroBatchBudget_Continuous/MainFastPathDisabled-10                	 2054680	       556.1 ns/op	     286 B/op	       1 allocs/op
BenchmarkMicroBatchBudget_Continuous/MainFastPathDisabled-10                	 2042925	       540.8 ns/op	     287 B/op	       1 allocs/op
BenchmarkMicroBatchBudget_Continuous/MainFastPathDisabled-10                	 2082751	       550.3 ns/op	     279 B/op	       1 allocs/op
BenchmarkMicroBatchBudget_Continuous/MainFastPathDisabled-10                	 2231498	       577.2 ns/op	     293 B/op	       1 allocs/op
BenchmarkMicroBatchBudget_Continuous/MainFastPathDisabled-10                	 2077927	       574.8 ns/op	     285 B/op	       1 allocs/op
BenchmarkMicroBatchBudget_Continuous/AlternateOne-10                        	 6338059	       169.2 ns/op	      31 B/op	       1 allocs/op
BenchmarkMicroBatchBudget_Continuous/AlternateOne-10                        	 6475974	       181.5 ns/op	      32 B/op	       1 allocs/op
BenchmarkMicroBatchBudget_Continuous/AlternateOne-10                        	 6845730	       184.1 ns/op	      32 B/op	       1 allocs/op
BenchmarkMicroBatchBudget_Continuous/AlternateOne-10                        	 6287943	       175.6 ns/op	      32 B/op	       1 allocs/op
BenchmarkMicroBatchBudget_Continuous/AlternateOne-10                        	 6876156	       184.8 ns/op	      31 B/op	       1 allocs/op
BenchmarkMicroBatchBudget_Continuous/AlternateTwo-10                        	 5986885	       200.5 ns/op	      26 B/op	       1 allocs/op
BenchmarkMicroBatchBudget_Continuous/AlternateTwo-10                        	 6119145	       207.9 ns/op	      34 B/op	       1 allocs/op
BenchmarkMicroBatchBudget_Continuous/AlternateTwo-10                        	 5740396	       203.9 ns/op	      26 B/op	       1 allocs/op
BenchmarkMicroBatchBudget_Continuous/AlternateTwo-10                        	 6180454	       198.6 ns/op	      32 B/op	       1 allocs/op
BenchmarkMicroBatchBudget_Continuous/AlternateTwo-10                        	 5650675	       201.5 ns/op	      28 B/op	       1 allocs/op
BenchmarkMicroBatchBudget_Continuous/AlternateThree-10                      	 3146331	       378.4 ns/op	      16 B/op	       1 allocs/op
BenchmarkMicroBatchBudget_Continuous/AlternateThree-10                      	 3533658	       340.4 ns/op	      16 B/op	       1 allocs/op
BenchmarkMicroBatchBudget_Continuous/AlternateThree-10                      	 7418948	       320.8 ns/op	      16 B/op	       1 allocs/op
BenchmarkMicroBatchBudget_Continuous/AlternateThree-10                      	 3131431	       392.1 ns/op	      16 B/op	       1 allocs/op
BenchmarkMicroBatchBudget_Continuous/AlternateThree-10                      	 3228054	       373.7 ns/op	      16 B/op	       1 allocs/op
BenchmarkMicroBatchBudget_Continuous/Baseline-10                            	 5104160	       256.3 ns/op	      56 B/op	       3 allocs/op
BenchmarkMicroBatchBudget_Continuous/Baseline-10                            	 5122957	       232.6 ns/op	      56 B/op	       3 allocs/op
BenchmarkMicroBatchBudget_Continuous/Baseline-10                            	 5085217	       236.7 ns/op	      56 B/op	       3 allocs/op
BenchmarkMicroBatchBudget_Continuous/Baseline-10                            	 4823034	       235.8 ns/op	      56 B/op	       3 allocs/op
BenchmarkMicroBatchBudget_Continuous/Baseline-10                            	 5177497	       223.4 ns/op	      56 B/op	       3 allocs/op
BenchmarkMicroBatchBudget_Mixed/Main/Burst=100-10                           	   13142	     90783 ns/op	    7329 B/op	     152 allocs/op
BenchmarkMicroBatchBudget_Mixed/Main/Burst=100-10                           	   13216	     91635 ns/op	    7329 B/op	     152 allocs/op
BenchmarkMicroBatchBudget_Mixed/Main/Burst=100-10                           	   13068	     91259 ns/op	    7329 B/op	     152 allocs/op
BenchmarkMicroBatchBudget_Mixed/Main/Burst=100-10                           	   13374	     89898 ns/op	    7329 B/op	     152 allocs/op
BenchmarkMicroBatchBudget_Mixed/Main/Burst=100-10                           	   13406	     90909 ns/op	    7329 B/op	     152 allocs/op
BenchmarkMicroBatchBudget_Mixed/Main/Burst=500-10                           	    2576	    468753 ns/op	   84282 B/op	     760 allocs/op
BenchmarkMicroBatchBudget_Mixed/Main/Burst=500-10                           	    2514	    462309 ns/op	   84300 B/op	     760 allocs/op
BenchmarkMicroBatchBudget_Mixed/Main/Burst=500-10                           	    2599	    460442 ns/op	   84327 B/op	     760 allocs/op
BenchmarkMicroBatchBudget_Mixed/Main/Burst=500-10                           	    2586	    473690 ns/op	   84304 B/op	     760 allocs/op
BenchmarkMicroBatchBudget_Mixed/Main/Burst=500-10                           	    2599	    448837 ns/op	   84120 B/op	     760 allocs/op
BenchmarkMicroBatchBudget_Mixed/Main/Burst=1000-10                          	    1303	    923522 ns/op	  173265 B/op	    1512 allocs/op
BenchmarkMicroBatchBudget_Mixed/Main/Burst=1000-10                          	    1308	    906160 ns/op	  173104 B/op	    1512 allocs/op
BenchmarkMicroBatchBudget_Mixed/Main/Burst=1000-10                          	    1320	    919090 ns/op	  172818 B/op	    1512 allocs/op
BenchmarkMicroBatchBudget_Mixed/Main/Burst=1000-10                          	    1298	   1014401 ns/op	  173351 B/op	    1512 allocs/op
BenchmarkMicroBatchBudget_Mixed/Main/Burst=1000-10                          	    1256	    928896 ns/op	  173259 B/op	    1512 allocs/op
BenchmarkMicroBatchBudget_Mixed/Main/Burst=2000-10                          	     632	   1909258 ns/op	  421760 B/op	    3016 allocs/op
BenchmarkMicroBatchBudget_Mixed/Main/Burst=2000-10                          	     627	   1889958 ns/op	  421039 B/op	    3016 allocs/op
BenchmarkMicroBatchBudget_Mixed/Main/Burst=2000-10                          	     600	   1871609 ns/op	  422217 B/op	    3016 allocs/op
BenchmarkMicroBatchBudget_Mixed/Main/Burst=2000-10                          	     630	   1917566 ns/op	  424021 B/op	    3016 allocs/op
BenchmarkMicroBatchBudget_Mixed/Main/Burst=2000-10                          	     663	   2142813 ns/op	  429396 B/op	    3016 allocs/op
BenchmarkMicroBatchBudget_Mixed/Main/Burst=5000-10                          	     228	   5926729 ns/op	 1111497 B/op	    7541 allocs/op
BenchmarkMicroBatchBudget_Mixed/Main/Burst=5000-10                          	     183	   9221960 ns/op	 1139025 B/op	    7536 allocs/op
BenchmarkMicroBatchBudget_Mixed/Main/Burst=5000-10                          	     172	   8527312 ns/op	 1131983 B/op	    7537 allocs/op
BenchmarkMicroBatchBudget_Mixed/Main/Burst=5000-10                          	     192	   7483098 ns/op	 1127272 B/op	    7540 allocs/op
BenchmarkMicroBatchBudget_Mixed/Main/Burst=5000-10                          	     211	   8264947 ns/op	 1131409 B/op	    7537 allocs/op
BenchmarkMicroBatchBudget_Mixed/MainFastPathForced/Burst=100-10             	   13316	     99395 ns/op	    7329 B/op	     152 allocs/op
BenchmarkMicroBatchBudget_Mixed/MainFastPathForced/Burst=100-10             	   12424	     88548 ns/op	    7329 B/op	     152 allocs/op
BenchmarkMicroBatchBudget_Mixed/MainFastPathForced/Burst=100-10             	   13629	     90174 ns/op	    7329 B/op	     152 allocs/op
BenchmarkMicroBatchBudget_Mixed/MainFastPathForced/Burst=100-10             	   13382	     91517 ns/op	    7329 B/op	     152 allocs/op
BenchmarkMicroBatchBudget_Mixed/MainFastPathForced/Burst=100-10             	   12992	     88203 ns/op	    7329 B/op	     152 allocs/op
BenchmarkMicroBatchBudget_Mixed/MainFastPathForced/Burst=500-10             	    2530	    477626 ns/op	   84325 B/op	     760 allocs/op
BenchmarkMicroBatchBudget_Mixed/MainFastPathForced/Burst=500-10             	    2589	    455595 ns/op	   84440 B/op	     760 allocs/op
BenchmarkMicroBatchBudget_Mixed/MainFastPathForced/Burst=500-10             	    2558	    451678 ns/op	   84200 B/op	     760 allocs/op
BenchmarkMicroBatchBudget_Mixed/MainFastPathForced/Burst=500-10             	    2492	    459709 ns/op	   84451 B/op	     760 allocs/op
BenchmarkMicroBatchBudget_Mixed/MainFastPathForced/Burst=500-10             	    2568	    467854 ns/op	   84184 B/op	     760 allocs/op
BenchmarkMicroBatchBudget_Mixed/MainFastPathForced/Burst=1000-10            	    1256	    934005 ns/op	  172168 B/op	    1512 allocs/op
BenchmarkMicroBatchBudget_Mixed/MainFastPathForced/Burst=1000-10            	    1272	    964428 ns/op	  172568 B/op	    1512 allocs/op
BenchmarkMicroBatchBudget_Mixed/MainFastPathForced/Burst=1000-10            	    1248	    933149 ns/op	  173828 B/op	    1512 allocs/op
BenchmarkMicroBatchBudget_Mixed/MainFastPathForced/Burst=1000-10            	    1240	    929027 ns/op	  173100 B/op	    1512 allocs/op
BenchmarkMicroBatchBudget_Mixed/MainFastPathForced/Burst=1000-10            	    1279	    945536 ns/op	  173016 B/op	    1512 allocs/op
BenchmarkMicroBatchBudget_Mixed/MainFastPathForced/Burst=2000-10            	     644	   1907277 ns/op	  422407 B/op	    3016 allocs/op
BenchmarkMicroBatchBudget_Mixed/MainFastPathForced/Burst=2000-10            	     639	   1864039 ns/op	  421475 B/op	    3016 allocs/op
BenchmarkMicroBatchBudget_Mixed/MainFastPathForced/Burst=2000-10            	     640	   1879787 ns/op	  426358 B/op	    3016 allocs/op
BenchmarkMicroBatchBudget_Mixed/MainFastPathForced/Burst=2000-10            	     633	   1920549 ns/op	  425908 B/op	    3016 allocs/op
BenchmarkMicroBatchBudget_Mixed/MainFastPathForced/Burst=2000-10            	     615	   1887571 ns/op	  421406 B/op	    3016 allocs/op
BenchmarkMicroBatchBudget_Mixed/MainFastPathForced/Burst=5000-10            	     250	   4768303 ns/op	 1103246 B/op	    7546 allocs/op
BenchmarkMicroBatchBudget_Mixed/MainFastPathForced/Burst=5000-10            	     250	   4730183 ns/op	 1098055 B/op	    7547 allocs/op
BenchmarkMicroBatchBudget_Mixed/MainFastPathForced/Burst=5000-10            	     252	   4820402 ns/op	 1101916 B/op	    7546 allocs/op
BenchmarkMicroBatchBudget_Mixed/MainFastPathForced/Burst=5000-10            	     255	   4804542 ns/op	 1093488 B/op	    7547 allocs/op
BenchmarkMicroBatchBudget_Mixed/MainFastPathForced/Burst=5000-10            	     252	   4627561 ns/op	 1090600 B/op	    7547 allocs/op
BenchmarkMicroBatchBudget_Mixed/MainFastPathDisabled/Burst=100-10           	     614	   1941666 ns/op	    8796 B/op	     242 allocs/op
BenchmarkMicroBatchBudget_Mixed/MainFastPathDisabled/Burst=100-10           	     831	   1366244 ns/op	    8347 B/op	     214 allocs/op
BenchmarkMicroBatchBudget_Mixed/MainFastPathDisabled/Burst=100-10           	    1554	   1820947 ns/op	    8688 B/op	     236 allocs/op
BenchmarkMicroBatchBudget_Mixed/MainFastPathDisabled/Burst=100-10           	     715	   1868076 ns/op	    8743 B/op	     238 allocs/op
BenchmarkMicroBatchBudget_Mixed/MainFastPathDisabled/Burst=100-10           	    1621	   1432955 ns/op	    8383 B/op	     217 allocs/op
BenchmarkMicroBatchBudget_Mixed/MainFastPathDisabled/Burst=500-10           	     130	   9715494 ns/op	   89715 B/op	    1230 allocs/op
BenchmarkMicroBatchBudget_Mixed/MainFastPathDisabled/Burst=500-10           	     100	  10332997 ns/op	   90241 B/op	    1257 allocs/op
BenchmarkMicroBatchBudget_Mixed/MainFastPathDisabled/Burst=500-10           	     100	  10170426 ns/op	   90638 B/op	    1252 allocs/op
BenchmarkMicroBatchBudget_Mixed/MainFastPathDisabled/Burst=500-10           	     120	   9698256 ns/op	   88185 B/op	    1226 allocs/op
BenchmarkMicroBatchBudget_Mixed/MainFastPathDisabled/Burst=500-10           	     100	  10973697 ns/op	   89000 B/op	    1241 allocs/op
BenchmarkMicroBatchBudget_Mixed/MainFastPathDisabled/Burst=1000-10          	      55	  19895817 ns/op	  201847 B/op	    2471 allocs/op
BenchmarkMicroBatchBudget_Mixed/MainFastPathDisabled/Burst=1000-10          	      57	  18362428 ns/op	  193900 B/op	    2385 allocs/op
BenchmarkMicroBatchBudget_Mixed/MainFastPathDisabled/Burst=1000-10          	      52	  19673521 ns/op	  205423 B/op	    2459 allocs/op
BenchmarkMicroBatchBudget_Mixed/MainFastPathDisabled/Burst=1000-10          	      55	  20546056 ns/op	  201470 B/op	    2503 allocs/op
BenchmarkMicroBatchBudget_Mixed/MainFastPathDisabled/Burst=1000-10          	      67	  19689675 ns/op	  195078 B/op	    2458 allocs/op
BenchmarkMicroBatchBudget_Mixed/MainFastPathDisabled/Burst=2000-10          	     100	  37121528 ns/op	  424136 B/op	    4779 allocs/op
BenchmarkMicroBatchBudget_Mixed/MainFastPathDisabled/Burst=2000-10          	      30	  37543404 ns/op	  432277 B/op	    4802 allocs/op
BenchmarkMicroBatchBudget_Mixed/MainFastPathDisabled/Burst=2000-10          	      27	  37497358 ns/op	  426570 B/op	    4805 allocs/op
BenchmarkMicroBatchBudget_Mixed/MainFastPathDisabled/Burst=2000-10          	      30	  39526996 ns/op	  418178 B/op	    4896 allocs/op
BenchmarkMicroBatchBudget_Mixed/MainFastPathDisabled/Burst=2000-10          	      37	  39687815 ns/op	  429409 B/op	    4844 allocs/op
BenchmarkMicroBatchBudget_Mixed/MainFastPathDisabled/Burst=5000-10          	      14	  89156122 ns/op	 1115169 B/op	   11760 allocs/op
BenchmarkMicroBatchBudget_Mixed/MainFastPathDisabled/Burst=5000-10          	      14	  92287807 ns/op	 1144057 B/op	   11855 allocs/op
BenchmarkMicroBatchBudget_Mixed/MainFastPathDisabled/Burst=5000-10          	      15	  89841667 ns/op	 1114958 B/op	   11755 allocs/op
BenchmarkMicroBatchBudget_Mixed/MainFastPathDisabled/Burst=5000-10          	      13	  95795898 ns/op	 1146808 B/op	   11841 allocs/op
BenchmarkMicroBatchBudget_Mixed/MainFastPathDisabled/Burst=5000-10          	      14	 107006140 ns/op	 1161826 B/op	   11669 allocs/op
BenchmarkMicroBatchBudget_Mixed/AlternateOne/Burst=100-10                   	     560	   2932782 ns/op	    7330 B/op	     152 allocs/op
BenchmarkMicroBatchBudget_Mixed/AlternateOne/Burst=100-10                   	     692	   1864363 ns/op	    7329 B/op	     152 allocs/op
BenchmarkMicroBatchBudget_Mixed/AlternateOne/Burst=100-10                   	     463	   2163722 ns/op	    7330 B/op	     152 allocs/op
BenchmarkMicroBatchBudget_Mixed/AlternateOne/Burst=100-10                   	     555	   2094657 ns/op	    7330 B/op	     152 allocs/op
BenchmarkMicroBatchBudget_Mixed/AlternateOne/Burst=100-10                   	     560	   2116225 ns/op	    7330 B/op	     152 allocs/op
BenchmarkMicroBatchBudget_Mixed/AlternateOne/Burst=500-10                   	     100	  10448139 ns/op	   36262 B/op	     752 allocs/op
BenchmarkMicroBatchBudget_Mixed/AlternateOne/Burst=500-10                   	     100	  10402226 ns/op	   36294 B/op	     752 allocs/op
BenchmarkMicroBatchBudget_Mixed/AlternateOne/Burst=500-10                   	     100	  10350366 ns/op	   36359 B/op	     752 allocs/op
BenchmarkMicroBatchBudget_Mixed/AlternateOne/Burst=500-10                   	     100	  10399742 ns/op	   36326 B/op	     752 allocs/op
BenchmarkMicroBatchBudget_Mixed/AlternateOne/Burst=500-10                   	     100	  10291314 ns/op	   36294 B/op	     752 allocs/op
BenchmarkMicroBatchBudget_Mixed/AlternateOne/Burst=1000-10                  	      56	  20565952 ns/op	   72596 B/op	    1502 allocs/op
BenchmarkMicroBatchBudget_Mixed/AlternateOne/Burst=1000-10                  	      56	  20689229 ns/op	   72539 B/op	    1502 allocs/op
BenchmarkMicroBatchBudget_Mixed/AlternateOne/Burst=1000-10                  	      56	  20910637 ns/op	   72367 B/op	    1502 allocs/op
BenchmarkMicroBatchBudget_Mixed/AlternateOne/Burst=1000-10                  	      60	  20829795 ns/op	   72351 B/op	    1502 allocs/op
BenchmarkMicroBatchBudget_Mixed/AlternateOne/Burst=1000-10                  	      57	  20699718 ns/op	   72419 B/op	    1502 allocs/op
BenchmarkMicroBatchBudget_Mixed/AlternateOne/Burst=2000-10                  	      27	  42970465 ns/op	  144861 B/op	    3003 allocs/op
BenchmarkMicroBatchBudget_Mixed/AlternateOne/Burst=2000-10                  	      27	  41838705 ns/op	  145349 B/op	    3003 allocs/op
BenchmarkMicroBatchBudget_Mixed/AlternateOne/Burst=2000-10                  	      33	  40350952 ns/op	  144937 B/op	    3003 allocs/op
BenchmarkMicroBatchBudget_Mixed/AlternateOne/Burst=2000-10                  	      28	  39366830 ns/op	  144947 B/op	    3003 allocs/op
BenchmarkMicroBatchBudget_Mixed/AlternateOne/Burst=2000-10                  	      27	  39440707 ns/op	  144743 B/op	    3003 allocs/op
BenchmarkMicroBatchBudget_Mixed/AlternateOne/Burst=5000-10                  	      12	 101654222 ns/op	  362962 B/op	    7506 allocs/op
BenchmarkMicroBatchBudget_Mixed/AlternateOne/Burst=5000-10                  	      10	 105255283 ns/op	  360613 B/op	    7506 allocs/op
BenchmarkMicroBatchBudget_Mixed/AlternateOne/Burst=5000-10                  	      10	 102745425 ns/op	  362632 B/op	    7507 allocs/op
BenchmarkMicroBatchBudget_Mixed/AlternateOne/Burst=5000-10                  	      10	 104730638 ns/op	  362551 B/op	    7507 allocs/op
BenchmarkMicroBatchBudget_Mixed/AlternateOne/Burst=5000-10                  	      10	 105065517 ns/op	  360916 B/op	    7506 allocs/op
BenchmarkMicroBatchBudget_Mixed/AlternateTwo/Burst=100-10                   	     560	   2173793 ns/op	    7379 B/op	     152 allocs/op
BenchmarkMicroBatchBudget_Mixed/AlternateTwo/Burst=100-10                   	     550	   2126894 ns/op	    7357 B/op	     152 allocs/op
BenchmarkMicroBatchBudget_Mixed/AlternateTwo/Burst=100-10                   	     559	   2141208 ns/op	    7365 B/op	     152 allocs/op
BenchmarkMicroBatchBudget_Mixed/AlternateTwo/Burst=100-10                   	     568	   2142198 ns/op	    7356 B/op	     152 allocs/op
BenchmarkMicroBatchBudget_Mixed/AlternateTwo/Burst=100-10                   	     567	   2132180 ns/op	    7356 B/op	     152 allocs/op
BenchmarkMicroBatchBudget_Mixed/AlternateTwo/Burst=500-10                   	     100	  10913283 ns/op	   37121 B/op	     753 allocs/op
BenchmarkMicroBatchBudget_Mixed/AlternateTwo/Burst=500-10                   	      99	  11401581 ns/op	   36829 B/op	     753 allocs/op
BenchmarkMicroBatchBudget_Mixed/AlternateTwo/Burst=500-10                   	      93	  13373791 ns/op	   36884 B/op	     753 allocs/op
BenchmarkMicroBatchBudget_Mixed/AlternateTwo/Burst=500-10                   	     100	  10494675 ns/op	   36772 B/op	     753 allocs/op
BenchmarkMicroBatchBudget_Mixed/AlternateTwo/Burst=500-10                   	     100	  10426225 ns/op	   36725 B/op	     752 allocs/op
BenchmarkMicroBatchBudget_Mixed/AlternateTwo/Burst=1000-10                  	      57	  21191236 ns/op	   74738 B/op	    1506 allocs/op
BenchmarkMicroBatchBudget_Mixed/AlternateTwo/Burst=1000-10                  	      54	  22866179 ns/op	   74676 B/op	    1506 allocs/op
BenchmarkMicroBatchBudget_Mixed/AlternateTwo/Burst=1000-10                  	      45	  26093287 ns/op	   75268 B/op	    1512 allocs/op
BenchmarkMicroBatchBudget_Mixed/AlternateTwo/Burst=1000-10                  	      45	  23356131 ns/op	   74363 B/op	    1508 allocs/op
BenchmarkMicroBatchBudget_Mixed/AlternateTwo/Burst=1000-10                  	      55	  20923932 ns/op	   74293 B/op	    1506 allocs/op
BenchmarkMicroBatchBudget_Mixed/AlternateTwo/Burst=2000-10                  	      27	  43080935 ns/op	  149052 B/op	    3018 allocs/op
BenchmarkMicroBatchBudget_Mixed/AlternateTwo/Burst=2000-10                  	      28	  41924330 ns/op	  150432 B/op	    3014 allocs/op
BenchmarkMicroBatchBudget_Mixed/AlternateTwo/Burst=2000-10                  	      26	  42168979 ns/op	  149407 B/op	    3009 allocs/op
BenchmarkMicroBatchBudget_Mixed/AlternateTwo/Burst=2000-10                  	      28	  41548423 ns/op	  148352 B/op	    3009 allocs/op
BenchmarkMicroBatchBudget_Mixed/AlternateTwo/Burst=2000-10                  	      26	  42679002 ns/op	  148668 B/op	    3009 allocs/op
BenchmarkMicroBatchBudget_Mixed/AlternateTwo/Burst=5000-10                  	      10	 104467933 ns/op	  376120 B/op	    7540 allocs/op
BenchmarkMicroBatchBudget_Mixed/AlternateTwo/Burst=5000-10                  	      10	 104750438 ns/op	  373005 B/op	    7527 allocs/op
BenchmarkMicroBatchBudget_Mixed/AlternateTwo/Burst=5000-10                  	      10	 104407604 ns/op	  373122 B/op	    7543 allocs/op
BenchmarkMicroBatchBudget_Mixed/AlternateTwo/Burst=5000-10                  	      12	 105128615 ns/op	  367539 B/op	    7513 allocs/op
BenchmarkMicroBatchBudget_Mixed/AlternateTwo/Burst=5000-10                  	      10	 104836008 ns/op	  373087 B/op	    7533 allocs/op
BenchmarkMicroBatchBudget_Mixed/AlternateThree/Burst=100-10                 	     571	   2141605 ns/op	    7330 B/op	     152 allocs/op
BenchmarkMicroBatchBudget_Mixed/AlternateThree/Burst=100-10                 	     541	   2164872 ns/op	    7330 B/op	     152 allocs/op
BenchmarkMicroBatchBudget_Mixed/AlternateThree/Burst=100-10                 	     558	   2120513 ns/op	    7330 B/op	     152 allocs/op
BenchmarkMicroBatchBudget_Mixed/AlternateThree/Burst=100-10                 	     571	   2137660 ns/op	    7330 B/op	     152 allocs/op
BenchmarkMicroBatchBudget_Mixed/AlternateThree/Burst=100-10                 	     574	   2111882 ns/op	    7330 B/op	     152 allocs/op
BenchmarkMicroBatchBudget_Mixed/AlternateThree/Burst=500-10                 	     100	  10483653 ns/op	   36234 B/op	     752 allocs/op
BenchmarkMicroBatchBudget_Mixed/AlternateThree/Burst=500-10                 	     100	  10303729 ns/op	   36245 B/op	     752 allocs/op
BenchmarkMicroBatchBudget_Mixed/AlternateThree/Burst=500-10                 	     100	  10733075 ns/op	   36245 B/op	     752 allocs/op
BenchmarkMicroBatchBudget_Mixed/AlternateThree/Burst=500-10                 	     100	  12271752 ns/op	   36234 B/op	     752 allocs/op
BenchmarkMicroBatchBudget_Mixed/AlternateThree/Burst=500-10                 	     100	  10543841 ns/op	   36245 B/op	     752 allocs/op
BenchmarkMicroBatchBudget_Mixed/AlternateThree/Burst=1000-10                	      56	  20607070 ns/op	   72407 B/op	    1502 allocs/op
BenchmarkMicroBatchBudget_Mixed/AlternateThree/Burst=1000-10                	      60	  20983663 ns/op	   72370 B/op	    1502 allocs/op
BenchmarkMicroBatchBudget_Mixed/AlternateThree/Burst=1000-10                	      56	  25162603 ns/op	   72449 B/op	    1502 allocs/op
BenchmarkMicroBatchBudget_Mixed/AlternateThree/Burst=1000-10                	      44	  24214906 ns/op	   72450 B/op	    1502 allocs/op
BenchmarkMicroBatchBudget_Mixed/AlternateThree/Burst=1000-10                	      56	  20811646 ns/op	   72445 B/op	    1502 allocs/op
BenchmarkMicroBatchBudget_Mixed/AlternateThree/Burst=2000-10                	      27	  41723420 ns/op	  144659 B/op	    3003 allocs/op
BenchmarkMicroBatchBudget_Mixed/AlternateThree/Burst=2000-10                	      27	  47031194 ns/op	  144695 B/op	    3003 allocs/op
BenchmarkMicroBatchBudget_Mixed/AlternateThree/Burst=2000-10                	      22	  47434689 ns/op	  145293 B/op	    3003 allocs/op
BenchmarkMicroBatchBudget_Mixed/AlternateThree/Burst=2000-10                	      27	  41248474 ns/op	  145048 B/op	    3003 allocs/op
BenchmarkMicroBatchBudget_Mixed/AlternateThree/Burst=2000-10                	      28	  43861949 ns/op	  145138 B/op	    3003 allocs/op
BenchmarkMicroBatchBudget_Mixed/AlternateThree/Burst=5000-10                	       9	 115761815 ns/op	  364906 B/op	    7507 allocs/op
BenchmarkMicroBatchBudget_Mixed/AlternateThree/Burst=5000-10                	      10	 103291404 ns/op	  361394 B/op	    7505 allocs/op
BenchmarkMicroBatchBudget_Mixed/AlternateThree/Burst=5000-10                	      10	 103873983 ns/op	  361527 B/op	    7505 allocs/op
BenchmarkMicroBatchBudget_Mixed/AlternateThree/Burst=5000-10                	      10	 105933008 ns/op	  364792 B/op	    7507 allocs/op
BenchmarkMicroBatchBudget_Mixed/AlternateThree/Burst=5000-10                	      10	 103362271 ns/op	  364605 B/op	    7507 allocs/op
BenchmarkMicroBatchBudget_Mixed/Baseline/Burst=100-10                       	   28009	     45161 ns/op	   11328 B/op	     352 allocs/op
BenchmarkMicroBatchBudget_Mixed/Baseline/Burst=100-10                       	   27127	     43320 ns/op	   11328 B/op	     352 allocs/op
BenchmarkMicroBatchBudget_Mixed/Baseline/Burst=100-10                       	   27658	     43618 ns/op	   11328 B/op	     352 allocs/op
BenchmarkMicroBatchBudget_Mixed/Baseline/Burst=100-10                       	   27674	     42966 ns/op	   11328 B/op	     352 allocs/op
BenchmarkMicroBatchBudget_Mixed/Baseline/Burst=100-10                       	   27822	     43374 ns/op	   11328 B/op	     352 allocs/op
BenchmarkMicroBatchBudget_Mixed/Baseline/Burst=500-10                       	    5332	    207347 ns/op	   56130 B/op	    1752 allocs/op
BenchmarkMicroBatchBudget_Mixed/Baseline/Burst=500-10                       	    5613	    214620 ns/op	   56130 B/op	    1752 allocs/op
BenchmarkMicroBatchBudget_Mixed/Baseline/Burst=500-10                       	    5376	    213777 ns/op	   56130 B/op	    1752 allocs/op
BenchmarkMicroBatchBudget_Mixed/Baseline/Burst=500-10                       	    5317	    209940 ns/op	   56130 B/op	    1752 allocs/op
BenchmarkMicroBatchBudget_Mixed/Baseline/Burst=500-10                       	    5142	    211148 ns/op	   56130 B/op	    1752 allocs/op
BenchmarkMicroBatchBudget_Mixed/Baseline/Burst=1000-10                      	    2692	    416863 ns/op	  112136 B/op	    3502 allocs/op
BenchmarkMicroBatchBudget_Mixed/Baseline/Burst=1000-10                      	    2750	    422875 ns/op	  112136 B/op	    3502 allocs/op
BenchmarkMicroBatchBudget_Mixed/Baseline/Burst=1000-10                      	    2689	    417659 ns/op	  112136 B/op	    3502 allocs/op
BenchmarkMicroBatchBudget_Mixed/Baseline/Burst=1000-10                      	    2732	    442576 ns/op	  112135 B/op	    3502 allocs/op
BenchmarkMicroBatchBudget_Mixed/Baseline/Burst=1000-10                      	    2880	    425352 ns/op	  112135 B/op	    3502 allocs/op
BenchmarkMicroBatchBudget_Mixed/Baseline/Burst=2000-10                      	    1410	    834348 ns/op	  224156 B/op	    7002 allocs/op
BenchmarkMicroBatchBudget_Mixed/Baseline/Burst=2000-10                      	    1425	    822221 ns/op	  224155 B/op	    7002 allocs/op
BenchmarkMicroBatchBudget_Mixed/Baseline/Burst=2000-10                      	    1388	    829649 ns/op	  224156 B/op	    7002 allocs/op
BenchmarkMicroBatchBudget_Mixed/Baseline/Burst=2000-10                      	    1362	    848955 ns/op	  224156 B/op	    7002 allocs/op
BenchmarkMicroBatchBudget_Mixed/Baseline/Burst=2000-10                      	    1422	    824838 ns/op	  224155 B/op	    7002 allocs/op
BenchmarkMicroBatchBudget_Mixed/Baseline/Burst=5000-10                      	     546	   2087540 ns/op	  560308 B/op	   17502 allocs/op
BenchmarkMicroBatchBudget_Mixed/Baseline/Burst=5000-10                      	     578	   2116562 ns/op	  560299 B/op	   17502 allocs/op
BenchmarkMicroBatchBudget_Mixed/Baseline/Burst=5000-10                      	     572	   2059100 ns/op	  560302 B/op	   17502 allocs/op
BenchmarkMicroBatchBudget_Mixed/Baseline/Burst=5000-10                      	     565	   2107439 ns/op	  560305 B/op	   17502 allocs/op
BenchmarkMicroBatchBudget_Mixed/Baseline/Burst=5000-10                      	     542	   2073834 ns/op	  560314 B/op	   17502 allocs/op
BenchmarkMicroCASContention/Main/N=01-10                                    	 4948288	       256.2 ns/op	     317 B/op	       1 allocs/op
BenchmarkMicroCASContention/Main/N=01-10                                    	 4914538	       229.1 ns/op	     321 B/op	       1 allocs/op
BenchmarkMicroCASContention/Main/N=01-10                                    	 4616265	       227.7 ns/op	     316 B/op	       1 allocs/op
BenchmarkMicroCASContention/Main/N=01-10                                    	 4831489	       230.9 ns/op	     320 B/op	       1 allocs/op
BenchmarkMicroCASContention/Main/N=01-10                                    	 4994811	       245.7 ns/op	     315 B/op	       1 allocs/op
BenchmarkMicroCASContention/Main/N=02-10                                    	 4344606	       284.1 ns/op	     301 B/op	       1 allocs/op
BenchmarkMicroCASContention/Main/N=02-10                                    	 4037953	       298.0 ns/op	     289 B/op	       1 allocs/op
BenchmarkMicroCASContention/Main/N=02-10                                    	 4264443	       287.1 ns/op	     287 B/op	       1 allocs/op
BenchmarkMicroCASContention/Main/N=02-10                                    	 3787819	       290.2 ns/op	     296 B/op	       1 allocs/op
BenchmarkMicroCASContention/Main/N=02-10                                    	 4042726	       274.8 ns/op	     291 B/op	       1 allocs/op
BenchmarkMicroCASContention/Main/N=04-10                                    	 3923330	       322.2 ns/op	     285 B/op	       1 allocs/op
BenchmarkMicroCASContention/Main/N=04-10                                    	 3939120	       327.8 ns/op	     278 B/op	       1 allocs/op
BenchmarkMicroCASContention/Main/N=04-10                                    	 3623696	       318.5 ns/op	     284 B/op	       1 allocs/op
BenchmarkMicroCASContention/Main/N=04-10                                    	 3678826	       331.5 ns/op	     283 B/op	       1 allocs/op
BenchmarkMicroCASContention/Main/N=04-10                                    	 3764434	       330.3 ns/op	     281 B/op	       1 allocs/op
BenchmarkMicroCASContention/Main/N=08-10                                    	 3954183	       297.5 ns/op	     294 B/op	       1 allocs/op
BenchmarkMicroCASContention/Main/N=08-10                                    	 4012681	       305.0 ns/op	     291 B/op	       1 allocs/op
BenchmarkMicroCASContention/Main/N=08-10                                    	 3928414	       275.1 ns/op	     331 B/op	       1 allocs/op
BenchmarkMicroCASContention/Main/N=08-10                                    	 3889372	       317.2 ns/op	     291 B/op	       1 allocs/op
BenchmarkMicroCASContention/Main/N=08-10                                    	 3923593	       300.6 ns/op	     299 B/op	       1 allocs/op
BenchmarkMicroCASContention/Main/N=16-10                                    	 3952983	       279.6 ns/op	     321 B/op	       1 allocs/op
BenchmarkMicroCASContention/Main/N=16-10                                    	 4135198	       284.2 ns/op	     320 B/op	       1 allocs/op
BenchmarkMicroCASContention/Main/N=16-10                                    	 4327272	       285.2 ns/op	     316 B/op	       1 allocs/op
BenchmarkMicroCASContention/Main/N=16-10                                    	 4033429	       273.1 ns/op	     314 B/op	       1 allocs/op
BenchmarkMicroCASContention/Main/N=16-10                                    	 4230608	       288.0 ns/op	     316 B/op	       1 allocs/op
BenchmarkMicroCASContention/Main/N=32-10                                    	 3910431	       274.4 ns/op	     349 B/op	       1 allocs/op
BenchmarkMicroCASContention/Main/N=32-10                                    	 3805285	       266.5 ns/op	     351 B/op	       1 allocs/op
BenchmarkMicroCASContention/Main/N=32-10                                    	 4121790	       274.3 ns/op	     346 B/op	       1 allocs/op
BenchmarkMicroCASContention/Main/N=32-10                                    	 3926292	       275.2 ns/op	     352 B/op	       1 allocs/op
BenchmarkMicroCASContention/Main/N=32-10                                    	 4238065	       253.6 ns/op	     349 B/op	       1 allocs/op
BenchmarkMicroCASContention/MainFastPathForced/N=01-10                      	 4957075	       231.7 ns/op	     317 B/op	       1 allocs/op
BenchmarkMicroCASContention/MainFastPathForced/N=01-10                      	 4904106	       239.1 ns/op	     315 B/op	       1 allocs/op
BenchmarkMicroCASContention/MainFastPathForced/N=01-10                      	 4720820	       236.7 ns/op	     318 B/op	       1 allocs/op
BenchmarkMicroCASContention/MainFastPathForced/N=01-10                      	 4791667	       231.1 ns/op	     317 B/op	       1 allocs/op
BenchmarkMicroCASContention/MainFastPathForced/N=01-10                      	 4605188	       236.8 ns/op	     320 B/op	       1 allocs/op
BenchmarkMicroCASContention/MainFastPathForced/N=02-10                      	 4222160	       280.5 ns/op	     298 B/op	       1 allocs/op
BenchmarkMicroCASContention/MainFastPathForced/N=02-10                      	 4278458	       274.7 ns/op	     295 B/op	       1 allocs/op
BenchmarkMicroCASContention/MainFastPathForced/N=02-10                      	 3886099	       293.6 ns/op	     291 B/op	       1 allocs/op
BenchmarkMicroCASContention/MainFastPathForced/N=02-10                      	 4302446	       280.9 ns/op	     284 B/op	       1 allocs/op
BenchmarkMicroCASContention/MainFastPathForced/N=02-10                      	 3954478	       276.1 ns/op	     290 B/op	       1 allocs/op
BenchmarkMicroCASContention/MainFastPathForced/N=04-10                      	 3842224	       316.9 ns/op	     285 B/op	       1 allocs/op
BenchmarkMicroCASContention/MainFastPathForced/N=04-10                      	 3799378	       306.7 ns/op	     283 B/op	       1 allocs/op
BenchmarkMicroCASContention/MainFastPathForced/N=04-10                      	 3504313	       335.6 ns/op	     290 B/op	       1 allocs/op
BenchmarkMicroCASContention/MainFastPathForced/N=04-10                      	 3834927	       330.4 ns/op	     283 B/op	       1 allocs/op
BenchmarkMicroCASContention/MainFastPathForced/N=04-10                      	 3584228	       330.3 ns/op	     284 B/op	       1 allocs/op
BenchmarkMicroCASContention/MainFastPathForced/N=08-10                      	 3750529	       302.3 ns/op	     290 B/op	       1 allocs/op
BenchmarkMicroCASContention/MainFastPathForced/N=08-10                      	 3851931	       316.3 ns/op	     291 B/op	       1 allocs/op
BenchmarkMicroCASContention/MainFastPathForced/N=08-10                      	 4158216	       294.3 ns/op	     296 B/op	       1 allocs/op
BenchmarkMicroCASContention/MainFastPathForced/N=08-10                      	 3864067	       315.0 ns/op	     289 B/op	       1 allocs/op
BenchmarkMicroCASContention/MainFastPathForced/N=08-10                      	 3658820	       302.9 ns/op	     291 B/op	       1 allocs/op
BenchmarkMicroCASContention/MainFastPathForced/N=16-10                      	 4282831	       294.4 ns/op	     315 B/op	       1 allocs/op
BenchmarkMicroCASContention/MainFastPathForced/N=16-10                      	 4249848	       281.5 ns/op	     312 B/op	       1 allocs/op
BenchmarkMicroCASContention/MainFastPathForced/N=16-10                      	 4093796	       281.2 ns/op	     316 B/op	       1 allocs/op
BenchmarkMicroCASContention/MainFastPathForced/N=16-10                      	 4125379	       283.5 ns/op	     318 B/op	       1 allocs/op
BenchmarkMicroCASContention/MainFastPathForced/N=16-10                      	 4020866	       287.1 ns/op	     316 B/op	       1 allocs/op
BenchmarkMicroCASContention/MainFastPathForced/N=32-10                      	 4143436	       264.1 ns/op	     352 B/op	       1 allocs/op
BenchmarkMicroCASContention/MainFastPathForced/N=32-10                      	 3755204	       267.7 ns/op	     345 B/op	       1 allocs/op
BenchmarkMicroCASContention/MainFastPathForced/N=32-10                      	 3886510	       266.3 ns/op	     352 B/op	       1 allocs/op
BenchmarkMicroCASContention/MainFastPathForced/N=32-10                      	 4475454	       280.4 ns/op	     354 B/op	       1 allocs/op
BenchmarkMicroCASContention/MainFastPathForced/N=32-10                      	 3830706	       268.9 ns/op	     350 B/op	       1 allocs/op
BenchmarkMicroCASContention/MainFastPathDisabled/N=01-10                    	 4792542	       227.0 ns/op	     317 B/op	       1 allocs/op
BenchmarkMicroCASContention/MainFastPathDisabled/N=01-10                    	 5223039	       222.2 ns/op	     313 B/op	       1 allocs/op
BenchmarkMicroCASContention/MainFastPathDisabled/N=01-10                    	 4522687	       235.6 ns/op	     321 B/op	       1 allocs/op
BenchmarkMicroCASContention/MainFastPathDisabled/N=01-10                    	 4977520	       219.8 ns/op	     336 B/op	       1 allocs/op
BenchmarkMicroCASContention/MainFastPathDisabled/N=01-10                    	 5057071	       230.7 ns/op	     315 B/op	       1 allocs/op
BenchmarkMicroCASContention/MainFastPathDisabled/N=02-10                    	 4081585	       270.5 ns/op	     299 B/op	       1 allocs/op
BenchmarkMicroCASContention/MainFastPathDisabled/N=02-10                    	 4344765	       305.6 ns/op	     290 B/op	       1 allocs/op
BenchmarkMicroCASContention/MainFastPathDisabled/N=02-10                    	 4321882	       274.0 ns/op	     292 B/op	       1 allocs/op
BenchmarkMicroCASContention/MainFastPathDisabled/N=02-10                    	 4151268	       266.0 ns/op	     297 B/op	       1 allocs/op
BenchmarkMicroCASContention/MainFastPathDisabled/N=02-10                    	 4219879	       285.4 ns/op	     290 B/op	       1 allocs/op
BenchmarkMicroCASContention/MainFastPathDisabled/N=04-10                    	 3513810	       315.8 ns/op	     286 B/op	       1 allocs/op
BenchmarkMicroCASContention/MainFastPathDisabled/N=04-10                    	 3850290	       324.3 ns/op	     278 B/op	       1 allocs/op
BenchmarkMicroCASContention/MainFastPathDisabled/N=04-10                    	 3669720	       335.9 ns/op	     271 B/op	       1 allocs/op
BenchmarkMicroCASContention/MainFastPathDisabled/N=04-10                    	 3530952	       318.5 ns/op	     292 B/op	       1 allocs/op
BenchmarkMicroCASContention/MainFastPathDisabled/N=04-10                    	 3840232	       335.9 ns/op	     280 B/op	       1 allocs/op
BenchmarkMicroCASContention/MainFastPathDisabled/N=08-10                    	 3993588	       309.0 ns/op	     289 B/op	       1 allocs/op
BenchmarkMicroCASContention/MainFastPathDisabled/N=08-10                    	 4229034	       301.3 ns/op	     287 B/op	       1 allocs/op
BenchmarkMicroCASContention/MainFastPathDisabled/N=08-10                    	 3881107	       313.0 ns/op	     284 B/op	       1 allocs/op
BenchmarkMicroCASContention/MainFastPathDisabled/N=08-10                    	 3549793	       302.6 ns/op	     298 B/op	       1 allocs/op
BenchmarkMicroCASContention/MainFastPathDisabled/N=08-10                    	 4159207	       295.0 ns/op	     289 B/op	       1 allocs/op
BenchmarkMicroCASContention/MainFastPathDisabled/N=16-10                    	 4410825	       305.0 ns/op	     322 B/op	       1 allocs/op
BenchmarkMicroCASContention/MainFastPathDisabled/N=16-10                    	 4085947	       276.6 ns/op	     317 B/op	       1 allocs/op
BenchmarkMicroCASContention/MainFastPathDisabled/N=16-10                    	 3730870	       286.2 ns/op	     317 B/op	       1 allocs/op
BenchmarkMicroCASContention/MainFastPathDisabled/N=16-10                    	 3930583	       291.5 ns/op	     322 B/op	       1 allocs/op
BenchmarkMicroCASContention/MainFastPathDisabled/N=16-10                    	 4376854	       306.0 ns/op	     326 B/op	       1 allocs/op
BenchmarkMicroCASContention/MainFastPathDisabled/N=32-10                    	 4120082	       267.2 ns/op	     348 B/op	       1 allocs/op
BenchmarkMicroCASContention/MainFastPathDisabled/N=32-10                    	 3847004	       276.7 ns/op	     356 B/op	       1 allocs/op
BenchmarkMicroCASContention/MainFastPathDisabled/N=32-10                    	 4294078	       281.8 ns/op	     349 B/op	       1 allocs/op
BenchmarkMicroCASContention/MainFastPathDisabled/N=32-10                    	 3844275	       277.5 ns/op	     350 B/op	       1 allocs/op
BenchmarkMicroCASContention/MainFastPathDisabled/N=32-10                    	 4191470	       264.0 ns/op	     350 B/op	       1 allocs/op
BenchmarkMicroCASContention/AlternateOne/N=01-10                            	 4662960	       261.0 ns/op	      16 B/op	       1 allocs/op
BenchmarkMicroCASContention/AlternateOne/N=01-10                            	 4199352	       251.6 ns/op	      16 B/op	       1 allocs/op
BenchmarkMicroCASContention/AlternateOne/N=01-10                            	 5281741	       237.9 ns/op	      16 B/op	       1 allocs/op
BenchmarkMicroCASContention/AlternateOne/N=01-10                            	 4274670	       257.2 ns/op	      16 B/op	       1 allocs/op
BenchmarkMicroCASContention/AlternateOne/N=01-10                            	 4485122	       227.2 ns/op	      16 B/op	       1 allocs/op
BenchmarkMicroCASContention/AlternateOne/N=02-10                            	 6493884	       170.2 ns/op	      16 B/op	       1 allocs/op
BenchmarkMicroCASContention/AlternateOne/N=02-10                            	 6384740	       183.4 ns/op	      21 B/op	       1 allocs/op
BenchmarkMicroCASContention/AlternateOne/N=02-10                            	 6729271	       178.0 ns/op	      23 B/op	       1 allocs/op
BenchmarkMicroCASContention/AlternateOne/N=02-10                            	 6238408	       172.4 ns/op	      16 B/op	       1 allocs/op
BenchmarkMicroCASContention/AlternateOne/N=02-10                            	 6313309	       173.1 ns/op	      22 B/op	       1 allocs/op
BenchmarkMicroCASContention/AlternateOne/N=04-10                            	 7113949	       146.9 ns/op	      31 B/op	       1 allocs/op
BenchmarkMicroCASContention/AlternateOne/N=04-10                            	 6825274	       164.7 ns/op	      31 B/op	       1 allocs/op
BenchmarkMicroCASContention/AlternateOne/N=04-10                            	 7605813	       164.0 ns/op	      32 B/op	       1 allocs/op
BenchmarkMicroCASContention/AlternateOne/N=04-10                            	 7075831	       163.0 ns/op	      31 B/op	       1 allocs/op
BenchmarkMicroCASContention/AlternateOne/N=04-10                            	 7754571	       165.4 ns/op	      32 B/op	       1 allocs/op
BenchmarkMicroCASContention/AlternateOne/N=08-10                            	 6431202	       177.6 ns/op	      34 B/op	       1 allocs/op
BenchmarkMicroCASContention/AlternateOne/N=08-10                            	 6382674	       180.2 ns/op	      34 B/op	       1 allocs/op
BenchmarkMicroCASContention/AlternateOne/N=08-10                            	 6343964	       178.9 ns/op	      34 B/op	       1 allocs/op
BenchmarkMicroCASContention/AlternateOne/N=08-10                            	 6336532	       177.7 ns/op	      34 B/op	       1 allocs/op
BenchmarkMicroCASContention/AlternateOne/N=08-10                            	 6355243	       183.6 ns/op	      34 B/op	       1 allocs/op
BenchmarkMicroCASContention/AlternateOne/N=16-10                            	 6625776	       175.8 ns/op	      35 B/op	       1 allocs/op
BenchmarkMicroCASContention/AlternateOne/N=16-10                            	 6783114	       175.1 ns/op	      35 B/op	       1 allocs/op
BenchmarkMicroCASContention/AlternateOne/N=16-10                            	 6554500	       176.0 ns/op	      35 B/op	       1 allocs/op
BenchmarkMicroCASContention/AlternateOne/N=16-10                            	 6691413	       177.7 ns/op	      35 B/op	       1 allocs/op
BenchmarkMicroCASContention/AlternateOne/N=16-10                            	 6721972	       176.2 ns/op	      35 B/op	       1 allocs/op
BenchmarkMicroCASContention/AlternateOne/N=32-10                            	 7213404	       162.2 ns/op	      36 B/op	       1 allocs/op
BenchmarkMicroCASContention/AlternateOne/N=32-10                            	 6951828	       162.4 ns/op	      36 B/op	       1 allocs/op
BenchmarkMicroCASContention/AlternateOne/N=32-10                            	 7590444	       160.8 ns/op	      36 B/op	       1 allocs/op
BenchmarkMicroCASContention/AlternateOne/N=32-10                            	 7231224	       154.5 ns/op	      36 B/op	       1 allocs/op
BenchmarkMicroCASContention/AlternateOne/N=32-10                            	 7613169	       161.1 ns/op	      36 B/op	       1 allocs/op
BenchmarkMicroCASContention/AlternateTwo/N=01-10                            	 7885618	       144.3 ns/op	      16 B/op	       1 allocs/op
BenchmarkMicroCASContention/AlternateTwo/N=01-10                            	 7821688	       149.2 ns/op	      16 B/op	       1 allocs/op
BenchmarkMicroCASContention/AlternateTwo/N=01-10                            	 8415412	       149.2 ns/op	      16 B/op	       1 allocs/op
BenchmarkMicroCASContention/AlternateTwo/N=01-10                            	 9539964	       151.1 ns/op	      16 B/op	       1 allocs/op
BenchmarkMicroCASContention/AlternateTwo/N=01-10                            	 8880841	       145.3 ns/op	      16 B/op	       1 allocs/op
BenchmarkMicroCASContention/AlternateTwo/N=02-10                            	 7584708	       161.1 ns/op	      24 B/op	       1 allocs/op
BenchmarkMicroCASContention/AlternateTwo/N=02-10                            	 6790635	       160.2 ns/op	      24 B/op	       1 allocs/op
BenchmarkMicroCASContention/AlternateTwo/N=02-10                            	 6762430	       170.7 ns/op	      22 B/op	       1 allocs/op
BenchmarkMicroCASContention/AlternateTwo/N=02-10                            	 7264779	       169.2 ns/op	      23 B/op	       1 allocs/op
BenchmarkMicroCASContention/AlternateTwo/N=02-10                            	 7865823	       171.6 ns/op	      21 B/op	       1 allocs/op
BenchmarkMicroCASContention/AlternateTwo/N=04-10                            	 6325486	       196.0 ns/op	      25 B/op	       1 allocs/op
BenchmarkMicroCASContention/AlternateTwo/N=04-10                            	 5904639	       186.5 ns/op	      36 B/op	       1 allocs/op
BenchmarkMicroCASContention/AlternateTwo/N=04-10                            	 6302702	       182.8 ns/op	      30 B/op	       1 allocs/op
BenchmarkMicroCASContention/AlternateTwo/N=04-10                            	 6452730	       193.6 ns/op	      26 B/op	       1 allocs/op
BenchmarkMicroCASContention/AlternateTwo/N=04-10                            	 6116940	       184.3 ns/op	      23 B/op	       1 allocs/op
BenchmarkMicroCASContention/AlternateTwo/N=08-10                            	 5939631	       201.4 ns/op	      24 B/op	       1 allocs/op
BenchmarkMicroCASContention/AlternateTwo/N=08-10                            	 8320620	       202.3 ns/op	      27 B/op	       1 allocs/op
BenchmarkMicroCASContention/AlternateTwo/N=08-10                            	 8024366	       201.1 ns/op	      25 B/op	       1 allocs/op
BenchmarkMicroCASContention/AlternateTwo/N=08-10                            	 7877796	       200.1 ns/op	      16 B/op	       1 allocs/op
BenchmarkMicroCASContention/AlternateTwo/N=08-10                            	 8084421	       215.6 ns/op	      29 B/op	       1 allocs/op
BenchmarkMicroCASContention/AlternateTwo/N=16-10                            	 6494139	       190.0 ns/op	      25 B/op	       1 allocs/op
BenchmarkMicroCASContention/AlternateTwo/N=16-10                            	 9401307	       185.3 ns/op	      28 B/op	       1 allocs/op
BenchmarkMicroCASContention/AlternateTwo/N=16-10                            	 8886783	       186.7 ns/op	      17 B/op	       1 allocs/op
BenchmarkMicroCASContention/AlternateTwo/N=16-10                            	 8659604	       194.6 ns/op	      17 B/op	       1 allocs/op
BenchmarkMicroCASContention/AlternateTwo/N=16-10                            	 8803534	       126.9 ns/op	      30 B/op	       1 allocs/op
BenchmarkMicroCASContention/AlternateTwo/N=32-10                            	 6586948	       180.1 ns/op	      28 B/op	       1 allocs/op
BenchmarkMicroCASContention/AlternateTwo/N=32-10                            	 8311215	       174.7 ns/op	      29 B/op	       1 allocs/op
BenchmarkMicroCASContention/AlternateTwo/N=32-10                            	 9706366	       146.8 ns/op	      21 B/op	       1 allocs/op
BenchmarkMicroCASContention/AlternateTwo/N=32-10                            	 9550953	       175.0 ns/op	      29 B/op	       1 allocs/op
BenchmarkMicroCASContention/AlternateTwo/N=32-10                            	 9683215	       174.1 ns/op	      29 B/op	       1 allocs/op
BenchmarkMicroCASContention/AlternateThree/N=01-10                          	 7876528	       154.0 ns/op	      16 B/op	       1 allocs/op
BenchmarkMicroCASContention/AlternateThree/N=01-10                          	 7606964	       153.5 ns/op	      16 B/op	       1 allocs/op
BenchmarkMicroCASContention/AlternateThree/N=01-10                          	 7643936	       151.3 ns/op	      16 B/op	       1 allocs/op
BenchmarkMicroCASContention/AlternateThree/N=01-10                          	 7698778	       152.0 ns/op	      16 B/op	       1 allocs/op
BenchmarkMicroCASContention/AlternateThree/N=01-10                          	 8010248	       153.4 ns/op	      16 B/op	       1 allocs/op
BenchmarkMicroCASContention/AlternateThree/N=02-10                          	 3210872	       352.6 ns/op	      16 B/op	       1 allocs/op
BenchmarkMicroCASContention/AlternateThree/N=02-10                          	 3361820	       380.0 ns/op	      16 B/op	       1 allocs/op
BenchmarkMicroCASContention/AlternateThree/N=02-10                          	 3382606	       391.7 ns/op	      16 B/op	       1 allocs/op
BenchmarkMicroCASContention/AlternateThree/N=02-10                          	 3134359	       394.4 ns/op	      16 B/op	       1 allocs/op
BenchmarkMicroCASContention/AlternateThree/N=02-10                          	 3196036	       388.4 ns/op	      16 B/op	       1 allocs/op
BenchmarkMicroCASContention/AlternateThree/N=04-10                          	 3085221	       385.5 ns/op	      16 B/op	       1 allocs/op
BenchmarkMicroCASContention/AlternateThree/N=04-10                          	 3139449	       393.9 ns/op	      16 B/op	       1 allocs/op
BenchmarkMicroCASContention/AlternateThree/N=04-10                          	 3135055	       394.3 ns/op	      16 B/op	       1 allocs/op
BenchmarkMicroCASContention/AlternateThree/N=04-10                          	 3146672	       396.0 ns/op	      16 B/op	       1 allocs/op
BenchmarkMicroCASContention/AlternateThree/N=04-10                          	 3039487	       391.6 ns/op	      16 B/op	       1 allocs/op
BenchmarkMicroCASContention/AlternateThree/N=08-10                          	 3507351	       342.3 ns/op	      16 B/op	       1 allocs/op
BenchmarkMicroCASContention/AlternateThree/N=08-10                          	 3558153	       352.0 ns/op	      16 B/op	       1 allocs/op
BenchmarkMicroCASContention/AlternateThree/N=08-10                          	 3413432	       339.8 ns/op	      16 B/op	       1 allocs/op
BenchmarkMicroCASContention/AlternateThree/N=08-10                          	 3740906	       355.8 ns/op	      16 B/op	       1 allocs/op
BenchmarkMicroCASContention/AlternateThree/N=08-10                          	 3601446	       360.2 ns/op	      16 B/op	       1 allocs/op
BenchmarkMicroCASContention/AlternateThree/N=16-10                          	 4783828	       226.4 ns/op	      16 B/op	       1 allocs/op
BenchmarkMicroCASContention/AlternateThree/N=16-10                          	 4987508	       232.0 ns/op	      16 B/op	       1 allocs/op
BenchmarkMicroCASContention/AlternateThree/N=16-10                          	 5482732	       218.1 ns/op	      16 B/op	       1 allocs/op
BenchmarkMicroCASContention/AlternateThree/N=16-10                          	 5233911	       225.4 ns/op	      16 B/op	       1 allocs/op
BenchmarkMicroCASContention/AlternateThree/N=16-10                          	 5359670	       225.7 ns/op	      16 B/op	       1 allocs/op
BenchmarkMicroCASContention/AlternateThree/N=32-10                          	 6636606	       182.0 ns/op	      16 B/op	       1 allocs/op
BenchmarkMicroCASContention/AlternateThree/N=32-10                          	 6368113	       180.1 ns/op	      16 B/op	       1 allocs/op
BenchmarkMicroCASContention/AlternateThree/N=32-10                          	 6491968	       176.6 ns/op	      16 B/op	       1 allocs/op
BenchmarkMicroCASContention/AlternateThree/N=32-10                          	 6646125	       184.4 ns/op	      16 B/op	       1 allocs/op
BenchmarkMicroCASContention/AlternateThree/N=32-10                          	 6604760	       180.8 ns/op	      16 B/op	       1 allocs/op
BenchmarkMicroCASContention/Baseline/N=01-10                                	11576269	       108.2 ns/op	      56 B/op	       3 allocs/op
BenchmarkMicroCASContention/Baseline/N=01-10                                	11123384	       105.4 ns/op	      56 B/op	       3 allocs/op
BenchmarkMicroCASContention/Baseline/N=01-10                                	10676912	       104.8 ns/op	      56 B/op	       3 allocs/op
BenchmarkMicroCASContention/Baseline/N=01-10                                	11074669	       107.0 ns/op	      56 B/op	       3 allocs/op
BenchmarkMicroCASContention/Baseline/N=01-10                                	11304313	       107.8 ns/op	      56 B/op	       3 allocs/op
BenchmarkMicroCASContention/Baseline/N=02-10                                	 7959034	       167.6 ns/op	      56 B/op	       3 allocs/op
BenchmarkMicroCASContention/Baseline/N=02-10                                	 7862809	       135.0 ns/op	      56 B/op	       3 allocs/op
BenchmarkMicroCASContention/Baseline/N=02-10                                	 8134234	       152.6 ns/op	      56 B/op	       3 allocs/op
BenchmarkMicroCASContention/Baseline/N=02-10                                	 7970852	       151.3 ns/op	      56 B/op	       3 allocs/op
BenchmarkMicroCASContention/Baseline/N=02-10                                	 7796688	       153.8 ns/op	      56 B/op	       3 allocs/op
BenchmarkMicroCASContention/Baseline/N=04-10                                	 5419189	       245.8 ns/op	      56 B/op	       3 allocs/op
BenchmarkMicroCASContention/Baseline/N=04-10                                	 5719737	       223.3 ns/op	      56 B/op	       3 allocs/op
BenchmarkMicroCASContention/Baseline/N=04-10                                	 5115262	       209.1 ns/op	      56 B/op	       3 allocs/op
BenchmarkMicroCASContention/Baseline/N=04-10                                	 4984305	       207.3 ns/op	      56 B/op	       3 allocs/op
BenchmarkMicroCASContention/Baseline/N=04-10                                	 5695285	       220.9 ns/op	      56 B/op	       3 allocs/op
BenchmarkMicroCASContention/Baseline/N=08-10                                	 4968333	       253.9 ns/op	      56 B/op	       3 allocs/op
BenchmarkMicroCASContention/Baseline/N=08-10                                	 4938864	       245.0 ns/op	      56 B/op	       3 allocs/op
BenchmarkMicroCASContention/Baseline/N=08-10                                	 4897606	       245.6 ns/op	      56 B/op	       3 allocs/op
BenchmarkMicroCASContention/Baseline/N=08-10                                	 5153205	       238.8 ns/op	      56 B/op	       3 allocs/op
BenchmarkMicroCASContention/Baseline/N=08-10                                	 4933863	       244.2 ns/op	      56 B/op	       3 allocs/op
BenchmarkMicroCASContention/Baseline/N=16-10                                	 5205627	       234.0 ns/op	      56 B/op	       3 allocs/op
BenchmarkMicroCASContention/Baseline/N=16-10                                	 5111055	       232.4 ns/op	      56 B/op	       3 allocs/op
BenchmarkMicroCASContention/Baseline/N=16-10                                	 5213444	       233.8 ns/op	      56 B/op	       3 allocs/op
BenchmarkMicroCASContention/Baseline/N=16-10                                	 5192304	       229.3 ns/op	      56 B/op	       3 allocs/op
BenchmarkMicroCASContention/Baseline/N=16-10                                	 5132072	       235.0 ns/op	      56 B/op	       3 allocs/op
BenchmarkMicroCASContention/Baseline/N=32-10                                	 5516401	       216.3 ns/op	      56 B/op	       3 allocs/op
BenchmarkMicroCASContention/Baseline/N=32-10                                	 5524471	       217.7 ns/op	      56 B/op	       3 allocs/op
BenchmarkMicroCASContention/Baseline/N=32-10                                	 5550758	       217.9 ns/op	      56 B/op	       3 allocs/op
BenchmarkMicroCASContention/Baseline/N=32-10                                	 5489659	       217.1 ns/op	      56 B/op	       3 allocs/op
BenchmarkMicroCASContention/Baseline/N=32-10                                	 5466693	       219.7 ns/op	      56 B/op	       3 allocs/op
BenchmarkMicroCASContention_Latency/Main-10                                 	  806902	      1374 ns/op	      1125 p50_ns	      1792 p95_ns	      5542 p99_ns	     128 B/op	       2 allocs/op
BenchmarkMicroCASContention_Latency/Main-10                                 	  878446	      1401 ns/op	      1166 p50_ns	      1875 p95_ns	      5625 p99_ns	     128 B/op	       2 allocs/op
BenchmarkMicroCASContention_Latency/Main-10                                 	  822518	      1387 ns/op	      1125 p50_ns	      1875 p95_ns	      5542 p99_ns	     128 B/op	       2 allocs/op
BenchmarkMicroCASContention_Latency/Main-10                                 	  853080	      1396 ns/op	      1125 p50_ns	      1875 p95_ns	      5583 p99_ns	     128 B/op	       2 allocs/op
BenchmarkMicroCASContention_Latency/Main-10                                 	  822717	      1381 ns/op	      1125 p50_ns	      1792 p95_ns	      5583 p99_ns	     128 B/op	       2 allocs/op
BenchmarkMicroCASContention_Latency/MainFastPathForced-10                   	  803329	      1425 ns/op	      1167 p50_ns	      1917 p95_ns	      5709 p99_ns	     128 B/op	       2 allocs/op
BenchmarkMicroCASContention_Latency/MainFastPathForced-10                   	  847516	      1408 ns/op	      1125 p50_ns	      1875 p95_ns	      5666 p99_ns	     128 B/op	       2 allocs/op
BenchmarkMicroCASContention_Latency/MainFastPathForced-10                   	  826887	      1421 ns/op	      1166 p50_ns	      1916 p95_ns	      5625 p99_ns	     128 B/op	       2 allocs/op
BenchmarkMicroCASContention_Latency/MainFastPathForced-10                   	  792776	      1404 ns/op	      1125 p50_ns	      1833 p95_ns	      5583 p99_ns	     128 B/op	       2 allocs/op
BenchmarkMicroCASContention_Latency/MainFastPathForced-10                   	  777720	      1377 ns/op	      1125 p50_ns	      1791 p95_ns	      5625 p99_ns	     128 B/op	       2 allocs/op
BenchmarkMicroCASContention_Latency/MainFastPathDisabled-10                 	   40395	     31966 ns/op	     39166 p50_ns	     52792 p95_ns	     61916 p99_ns	     152 B/op	       3 allocs/op
BenchmarkMicroCASContention_Latency/MainFastPathDisabled-10                 	   46362	     32771 ns/op	     39084 p50_ns	     52750 p95_ns	     63458 p99_ns	     152 B/op	       3 allocs/op
BenchmarkMicroCASContention_Latency/MainFastPathDisabled-10                 	   30554	     33443 ns/op	     39458 p50_ns	     53292 p95_ns	     63750 p99_ns	     153 B/op	       3 allocs/op
BenchmarkMicroCASContention_Latency/MainFastPathDisabled-10                 	   47670	     30849 ns/op	     38959 p50_ns	     53666 p95_ns	     62708 p99_ns	     150 B/op	       3 allocs/op
BenchmarkMicroCASContention_Latency/MainFastPathDisabled-10                 	   31881	     36714 ns/op	     39500 p50_ns	     53625 p95_ns	     63625 p99_ns	     155 B/op	       3 allocs/op
BenchmarkMicroCASContention_Latency/AlternateOne-10                         	   28286	     42548 ns/op	     40458 p50_ns	     55708 p95_ns	     62917 p99_ns	     128 B/op	       2 allocs/op
BenchmarkMicroCASContention_Latency/AlternateOne-10                         	   28966	     41869 ns/op	     39875 p50_ns	     55000 p95_ns	     62625 p99_ns	     128 B/op	       2 allocs/op
BenchmarkMicroCASContention_Latency/AlternateOne-10                         	   28587	     41992 ns/op	     40000 p50_ns	     55125 p95_ns	     62084 p99_ns	     128 B/op	       2 allocs/op
BenchmarkMicroCASContention_Latency/AlternateOne-10                         	   27907	     42772 ns/op	     40833 p50_ns	     55459 p95_ns	     62583 p99_ns	     128 B/op	       2 allocs/op
BenchmarkMicroCASContention_Latency/AlternateOne-10                         	   28719	     42045 ns/op	     40166 p50_ns	     55291 p95_ns	     62584 p99_ns	     128 B/op	       2 allocs/op
BenchmarkMicroCASContention_Latency/AlternateTwo-10                         	   28557	     41020 ns/op	     39375 p50_ns	     53917 p95_ns	     61833 p99_ns	     128 B/op	       2 allocs/op
BenchmarkMicroCASContention_Latency/AlternateTwo-10                         	   28131	     42530 ns/op	     40625 p50_ns	     55459 p95_ns	     62709 p99_ns	     128 B/op	       2 allocs/op
BenchmarkMicroCASContention_Latency/AlternateTwo-10                         	   28963	     41375 ns/op	     39500 p50_ns	     54375 p95_ns	     61417 p99_ns	     128 B/op	       2 allocs/op
BenchmarkMicroCASContention_Latency/AlternateTwo-10                         	   28910	     42227 ns/op	     39750 p50_ns	     56125 p95_ns	     64958 p99_ns	     128 B/op	       2 allocs/op
BenchmarkMicroCASContention_Latency/AlternateTwo-10                         	   28944	     43114 ns/op	     41208 p50_ns	     56458 p95_ns	     63625 p99_ns	     128 B/op	       2 allocs/op
BenchmarkMicroCASContention_Latency/AlternateThree-10                       	   28018	     41353 ns/op	     39458 p50_ns	     54792 p95_ns	     62208 p99_ns	     128 B/op	       2 allocs/op
BenchmarkMicroCASContention_Latency/AlternateThree-10                       	   28032	     41672 ns/op	     39542 p50_ns	     55667 p95_ns	     62416 p99_ns	     128 B/op	       2 allocs/op
BenchmarkMicroCASContention_Latency/AlternateThree-10                       	   28588	     42395 ns/op	     40125 p50_ns	     55875 p95_ns	     62459 p99_ns	     128 B/op	       2 allocs/op
BenchmarkMicroCASContention_Latency/AlternateThree-10                       	   28506	     42059 ns/op	     39833 p50_ns	     55292 p95_ns	     62542 p99_ns	     128 B/op	       2 allocs/op
BenchmarkMicroCASContention_Latency/AlternateThree-10                       	   28310	     42198 ns/op	     40042 p50_ns	     55792 p95_ns	     63250 p99_ns	     128 B/op	       2 allocs/op
BenchmarkMicroCASContention_Latency/Baseline-10                             	 1515086	       774.9 ns/op	       625.0 p50_ns	       875.0 p95_ns	      2833 p99_ns	     168 B/op	       4 allocs/op
BenchmarkMicroCASContention_Latency/Baseline-10                             	 1460162	       817.2 ns/op	       667.0 p50_ns	       958.0 p95_ns	      2750 p99_ns	     168 B/op	       4 allocs/op
BenchmarkMicroCASContention_Latency/Baseline-10                             	 1475068	       813.5 ns/op	       667.0 p50_ns	       917.0 p95_ns	      2875 p99_ns	     168 B/op	       4 allocs/op
BenchmarkMicroCASContention_Latency/Baseline-10                             	 1460858	       802.7 ns/op	       667.0 p50_ns	       917.0 p95_ns	      3166 p99_ns	     168 B/op	       4 allocs/op
BenchmarkMicroCASContention_Latency/Baseline-10                             	 1521367	       800.8 ns/op	       666.0 p50_ns	       917.0 p95_ns	      2917 p99_ns	     168 B/op	       4 allocs/op
BenchmarkMicroWakeupSyscall_Running/Main-10                                 	 4303701	       236.2 ns/op	     484 B/op	       1 allocs/op
BenchmarkMicroWakeupSyscall_Running/Main-10                                 	 7054118	       222.1 ns/op	     463 B/op	       1 allocs/op
BenchmarkMicroWakeupSyscall_Running/Main-10                                 	 9018702	       229.5 ns/op	     562 B/op	       1 allocs/op
BenchmarkMicroWakeupSyscall_Running/Main-10                                 	 9241165	       173.2 ns/op	     549 B/op	       1 allocs/op
BenchmarkMicroWakeupSyscall_Running/Main-10                                 	 8130792	       172.7 ns/op	     501 B/op	       1 allocs/op
BenchmarkMicroWakeupSyscall_Running/MainFastPathForced-10                   	 8820870	       153.9 ns/op	     463 B/op	       1 allocs/op
BenchmarkMicroWakeupSyscall_Running/MainFastPathForced-10                   	 7992854	       169.0 ns/op	     509 B/op	       1 allocs/op
BenchmarkMicroWakeupSyscall_Running/MainFastPathForced-10                   	 5809381	       183.2 ns/op	     559 B/op	       1 allocs/op
BenchmarkMicroWakeupSyscall_Running/MainFastPathForced-10                   	 9050637	       190.7 ns/op	     560 B/op	       1 allocs/op
BenchmarkMicroWakeupSyscall_Running/MainFastPathForced-10                   	 8075428	       165.3 ns/op	     504 B/op	       1 allocs/op
BenchmarkMicroWakeupSyscall_Running/MainFastPathDisabled-10                 	 9563644	       183.5 ns/op	     531 B/op	       1 allocs/op
BenchmarkMicroWakeupSyscall_Running/MainFastPathDisabled-10                 	 8572310	       171.3 ns/op	     476 B/op	       1 allocs/op
BenchmarkMicroWakeupSyscall_Running/MainFastPathDisabled-10                 	 7914598	       167.1 ns/op	     514 B/op	       1 allocs/op
BenchmarkMicroWakeupSyscall_Running/MainFastPathDisabled-10                 	 8424796	       187.6 ns/op	     484 B/op	       1 allocs/op
BenchmarkMicroWakeupSyscall_Running/MainFastPathDisabled-10                 	 8257407	       160.8 ns/op	     493 B/op	       1 allocs/op
BenchmarkMicroWakeupSyscall_Running/AlternateOne-10                         	27945516	        42.54 ns/op	      20 B/op	       1 allocs/op
BenchmarkMicroWakeupSyscall_Running/AlternateOne-10                         	27519811	        42.83 ns/op	      20 B/op	       1 allocs/op
BenchmarkMicroWakeupSyscall_Running/AlternateOne-10                         	27087802	        42.40 ns/op	      20 B/op	       1 allocs/op
BenchmarkMicroWakeupSyscall_Running/AlternateOne-10                         	27388206	        42.59 ns/op	      20 B/op	       1 allocs/op
BenchmarkMicroWakeupSyscall_Running/AlternateOne-10                         	27548040	        43.12 ns/op	      20 B/op	       1 allocs/op
BenchmarkMicroWakeupSyscall_Running/AlternateTwo-10                         	13049934	       103.5 ns/op	      32 B/op	       2 allocs/op
BenchmarkMicroWakeupSyscall_Running/AlternateTwo-10                         	19384850	       101.5 ns/op	      32 B/op	       2 allocs/op
BenchmarkMicroWakeupSyscall_Running/AlternateTwo-10                         	18204201	       106.9 ns/op	      32 B/op	       2 allocs/op
BenchmarkMicroWakeupSyscall_Running/AlternateTwo-10                         	 9816046	       119.9 ns/op	      32 B/op	       2 allocs/op
BenchmarkMicroWakeupSyscall_Running/AlternateTwo-10                         	19430392	       104.4 ns/op	      32 B/op	       2 allocs/op
BenchmarkMicroWakeupSyscall_Running/AlternateThree-10                       	27562525	        42.62 ns/op	      24 B/op	       1 allocs/op
BenchmarkMicroWakeupSyscall_Running/AlternateThree-10                       	26605719	        42.39 ns/op	      24 B/op	       1 allocs/op
BenchmarkMicroWakeupSyscall_Running/AlternateThree-10                       	26496109	        42.57 ns/op	      24 B/op	       1 allocs/op
BenchmarkMicroWakeupSyscall_Running/AlternateThree-10                       	26291116	        42.07 ns/op	      24 B/op	       1 allocs/op
BenchmarkMicroWakeupSyscall_Running/AlternateThree-10                       	26565397	        42.73 ns/op	      24 B/op	       1 allocs/op
BenchmarkMicroWakeupSyscall_Running/Baseline-10                             	12131300	        98.22 ns/op	      99 B/op	       3 allocs/op
BenchmarkMicroWakeupSyscall_Running/Baseline-10                             	12797622	        97.96 ns/op	      97 B/op	       3 allocs/op
BenchmarkMicroWakeupSyscall_Running/Baseline-10                             	12744495	       111.8 ns/op	      97 B/op	       3 allocs/op
BenchmarkMicroWakeupSyscall_Running/Baseline-10                             	12830719	       102.1 ns/op	      97 B/op	       3 allocs/op
BenchmarkMicroWakeupSyscall_Running/Baseline-10                             	11855701	       104.7 ns/op	     100 B/op	       3 allocs/op
BenchmarkMicroWakeupSyscall_Sleeping/Main-10                                	  862393	      1324 ns/op	     128 B/op	       2 allocs/op
BenchmarkMicroWakeupSyscall_Sleeping/Main-10                                	  868956	      1320 ns/op	     128 B/op	       2 allocs/op
BenchmarkMicroWakeupSyscall_Sleeping/Main-10                                	  873825	      1357 ns/op	     128 B/op	       2 allocs/op
BenchmarkMicroWakeupSyscall_Sleeping/Main-10                                	  909038	      1331 ns/op	     128 B/op	       2 allocs/op
BenchmarkMicroWakeupSyscall_Sleeping/Main-10                                	  860652	      1352 ns/op	     128 B/op	       2 allocs/op
BenchmarkMicroWakeupSyscall_Sleeping/MainFastPathForced-10                  	  850284	      1317 ns/op	     128 B/op	       2 allocs/op
BenchmarkMicroWakeupSyscall_Sleeping/MainFastPathForced-10                  	  868088	      1328 ns/op	     128 B/op	       2 allocs/op
BenchmarkMicroWakeupSyscall_Sleeping/MainFastPathForced-10                  	  867804	      1350 ns/op	     128 B/op	       2 allocs/op
BenchmarkMicroWakeupSyscall_Sleeping/MainFastPathForced-10                  	  858463	      1353 ns/op	     128 B/op	       2 allocs/op
BenchmarkMicroWakeupSyscall_Sleeping/MainFastPathForced-10                  	  841740	      1326 ns/op	     128 B/op	       2 allocs/op
BenchmarkMicroWakeupSyscall_Sleeping/MainFastPathDisabled-10                	   36783	     32679 ns/op	     152 B/op	       3 allocs/op
BenchmarkMicroWakeupSyscall_Sleeping/MainFastPathDisabled-10                	   32378	     37892 ns/op	     156 B/op	       3 allocs/op
BenchmarkMicroWakeupSyscall_Sleeping/MainFastPathDisabled-10                	   52411	     31485 ns/op	     151 B/op	       3 allocs/op
BenchmarkMicroWakeupSyscall_Sleeping/MainFastPathDisabled-10                	   35623	     31834 ns/op	     152 B/op	       3 allocs/op
BenchmarkMicroWakeupSyscall_Sleeping/MainFastPathDisabled-10                	   31526	     35127 ns/op	     155 B/op	       3 allocs/op
BenchmarkMicroWakeupSyscall_Sleeping/AlternateOne-10                        	   28930	     41068 ns/op	     128 B/op	       2 allocs/op
BenchmarkMicroWakeupSyscall_Sleeping/AlternateOne-10                        	   29348	     41449 ns/op	     128 B/op	       2 allocs/op
BenchmarkMicroWakeupSyscall_Sleeping/AlternateOne-10                        	   29284	     41237 ns/op	     128 B/op	       2 allocs/op
BenchmarkMicroWakeupSyscall_Sleeping/AlternateOne-10                        	   29488	     41148 ns/op	     128 B/op	       2 allocs/op
BenchmarkMicroWakeupSyscall_Sleeping/AlternateOne-10                        	   28840	     41153 ns/op	     128 B/op	       2 allocs/op
BenchmarkMicroWakeupSyscall_Sleeping/AlternateTwo-10                        	   29690	     40834 ns/op	     128 B/op	       2 allocs/op
BenchmarkMicroWakeupSyscall_Sleeping/AlternateTwo-10                        	   29371	     41294 ns/op	     128 B/op	       2 allocs/op
BenchmarkMicroWakeupSyscall_Sleeping/AlternateTwo-10                        	   29457	     41012 ns/op	     128 B/op	       2 allocs/op
BenchmarkMicroWakeupSyscall_Sleeping/AlternateTwo-10                        	   30476	     40442 ns/op	     128 B/op	       2 allocs/op
BenchmarkMicroWakeupSyscall_Sleeping/AlternateTwo-10                        	   28347	     42455 ns/op	     128 B/op	       2 allocs/op
BenchmarkMicroWakeupSyscall_Sleeping/AlternateThree-10                      	   28068	     41049 ns/op	     128 B/op	       2 allocs/op
BenchmarkMicroWakeupSyscall_Sleeping/AlternateThree-10                      	   29390	     42577 ns/op	     128 B/op	       2 allocs/op
BenchmarkMicroWakeupSyscall_Sleeping/AlternateThree-10                      	   29487	     40876 ns/op	     128 B/op	       2 allocs/op
BenchmarkMicroWakeupSyscall_Sleeping/AlternateThree-10                      	   29052	     40994 ns/op	     128 B/op	       2 allocs/op
BenchmarkMicroWakeupSyscall_Sleeping/AlternateThree-10                      	   28986	     41045 ns/op	     128 B/op	       2 allocs/op
BenchmarkMicroWakeupSyscall_Sleeping/Baseline-10                            	 1597759	       743.7 ns/op	     168 B/op	       4 allocs/op
BenchmarkMicroWakeupSyscall_Sleeping/Baseline-10                            	 1608655	       756.8 ns/op	     168 B/op	       4 allocs/op
BenchmarkMicroWakeupSyscall_Sleeping/Baseline-10                            	 1615171	       744.6 ns/op	     168 B/op	       4 allocs/op
BenchmarkMicroWakeupSyscall_Sleeping/Baseline-10                            	 1629654	       742.8 ns/op	     168 B/op	       4 allocs/op
BenchmarkMicroWakeupSyscall_Sleeping/Baseline-10                            	 1622511	       734.9 ns/op	     168 B/op	       4 allocs/op
BenchmarkMicroWakeupSyscall_Burst/Main-10                                   	 2832222	       441.0 ns/op	      17 B/op	       1 allocs/op
BenchmarkMicroWakeupSyscall_Burst/Main-10                                   	 2829686	       443.9 ns/op	      17 B/op	       1 allocs/op
BenchmarkMicroWakeupSyscall_Burst/Main-10                                   	 2842743	       436.8 ns/op	      17 B/op	       1 allocs/op
BenchmarkMicroWakeupSyscall_Burst/Main-10                                   	 2665526	       411.9 ns/op	      17 B/op	       1 allocs/op
BenchmarkMicroWakeupSyscall_Burst/Main-10                                   	 2711631	       409.1 ns/op	      17 B/op	       1 allocs/op
BenchmarkMicroWakeupSyscall_Burst/MainFastPathForced-10                     	 2849193	       444.2 ns/op	      17 B/op	       1 allocs/op
BenchmarkMicroWakeupSyscall_Burst/MainFastPathForced-10                     	 2709063	       449.6 ns/op	      17 B/op	       1 allocs/op
BenchmarkMicroWakeupSyscall_Burst/MainFastPathForced-10                     	 2848599	       431.0 ns/op	      17 B/op	       1 allocs/op
BenchmarkMicroWakeupSyscall_Burst/MainFastPathForced-10                     	 2669530	       485.7 ns/op	      17 B/op	       1 allocs/op
BenchmarkMicroWakeupSyscall_Burst/MainFastPathForced-10                     	 2694558	       427.4 ns/op	      17 B/op	       1 allocs/op
BenchmarkMicroWakeupSyscall_Burst/MainFastPathDisabled-10                   	 1000000	      1194 ns/op	      17 B/op	       1 allocs/op
BenchmarkMicroWakeupSyscall_Burst/MainFastPathDisabled-10                   	 1000000	      1181 ns/op	      17 B/op	       1 allocs/op
BenchmarkMicroWakeupSyscall_Burst/MainFastPathDisabled-10                   	 1000000	      1206 ns/op	      17 B/op	       1 allocs/op
BenchmarkMicroWakeupSyscall_Burst/MainFastPathDisabled-10                   	 1000000	      1195 ns/op	      17 B/op	       1 allocs/op
BenchmarkMicroWakeupSyscall_Burst/MainFastPathDisabled-10                   	 1000000	      1221 ns/op	      17 B/op	       1 allocs/op
BenchmarkMicroWakeupSyscall_Burst/AlternateOne-10                           	 2571999	       463.8 ns/op	      17 B/op	       1 allocs/op
BenchmarkMicroWakeupSyscall_Burst/AlternateOne-10                           	 2314410	       512.6 ns/op	      17 B/op	       1 allocs/op
BenchmarkMicroWakeupSyscall_Burst/AlternateOne-10                           	 2585346	       465.6 ns/op	      17 B/op	       1 allocs/op
BenchmarkMicroWakeupSyscall_Burst/AlternateOne-10                           	 2606607	       469.4 ns/op	      17 B/op	       1 allocs/op
BenchmarkMicroWakeupSyscall_Burst/AlternateOne-10                           	 2553883	       468.0 ns/op	      17 B/op	       1 allocs/op
BenchmarkMicroWakeupSyscall_Burst/AlternateTwo-10                           	 2541860	       478.0 ns/op	      17 B/op	       1 allocs/op
BenchmarkMicroWakeupSyscall_Burst/AlternateTwo-10                           	 2550087	       471.9 ns/op	      17 B/op	       1 allocs/op
BenchmarkMicroWakeupSyscall_Burst/AlternateTwo-10                           	 2518657	       467.2 ns/op	      17 B/op	       1 allocs/op
BenchmarkMicroWakeupSyscall_Burst/AlternateTwo-10                           	 2596100	       471.3 ns/op	      17 B/op	       1 allocs/op
BenchmarkMicroWakeupSyscall_Burst/AlternateTwo-10                           	 2616062	       471.1 ns/op	      17 B/op	       1 allocs/op
BenchmarkMicroWakeupSyscall_Burst/AlternateThree-10                         	 2638675	       441.6 ns/op	      17 B/op	       1 allocs/op
BenchmarkMicroWakeupSyscall_Burst/AlternateThree-10                         	 2680672	       450.2 ns/op	      17 B/op	       1 allocs/op
BenchmarkMicroWakeupSyscall_Burst/AlternateThree-10                         	 2614090	       450.8 ns/op	      17 B/op	       1 allocs/op
BenchmarkMicroWakeupSyscall_Burst/AlternateThree-10                         	 2752573	       503.5 ns/op	      17 B/op	       1 allocs/op
BenchmarkMicroWakeupSyscall_Burst/AlternateThree-10                         	 2603410	       446.0 ns/op	      17 B/op	       1 allocs/op
BenchmarkMicroWakeupSyscall_Burst/Baseline-10                               	 9742809	       121.4 ns/op	      57 B/op	       3 allocs/op
BenchmarkMicroWakeupSyscall_Burst/Baseline-10                               	10009424	       120.5 ns/op	      57 B/op	       3 allocs/op
BenchmarkMicroWakeupSyscall_Burst/Baseline-10                               	 9864817	       120.5 ns/op	      57 B/op	       3 allocs/op
BenchmarkMicroWakeupSyscall_Burst/Baseline-10                               	 9642903	       121.4 ns/op	      57 B/op	       3 allocs/op
BenchmarkMicroWakeupSyscall_Burst/Baseline-10                               	 9818115	       122.9 ns/op	      57 B/op	       3 allocs/op
BenchmarkMicroWakeupSyscall_RapidSubmit/Main-10                             	 4860862	       243.6 ns/op	     317 B/op	       1 allocs/op
BenchmarkMicroWakeupSyscall_RapidSubmit/Main-10                             	 5163541	       260.2 ns/op	     315 B/op	       1 allocs/op
BenchmarkMicroWakeupSyscall_RapidSubmit/Main-10                             	 4924244	       228.9 ns/op	     317 B/op	       1 allocs/op
BenchmarkMicroWakeupSyscall_RapidSubmit/Main-10                             	 4760403	       232.3 ns/op	     333 B/op	       1 allocs/op
BenchmarkMicroWakeupSyscall_RapidSubmit/Main-10                             	 4869378	       239.7 ns/op	     317 B/op	       1 allocs/op
BenchmarkMicroWakeupSyscall_RapidSubmit/MainFastPathForced-10               	 4981573	       231.1 ns/op	     319 B/op	       1 allocs/op
BenchmarkMicroWakeupSyscall_RapidSubmit/MainFastPathForced-10               	 4936777	       229.0 ns/op	     318 B/op	       1 allocs/op
BenchmarkMicroWakeupSyscall_RapidSubmit/MainFastPathForced-10               	 4983304	       237.4 ns/op	     317 B/op	       1 allocs/op
BenchmarkMicroWakeupSyscall_RapidSubmit/MainFastPathForced-10               	 4898139	       242.1 ns/op	     320 B/op	       1 allocs/op
BenchmarkMicroWakeupSyscall_RapidSubmit/MainFastPathForced-10               	 5155543	       220.7 ns/op	     313 B/op	       1 allocs/op
BenchmarkMicroWakeupSyscall_RapidSubmit/MainFastPathDisabled-10             	 4933821	       231.2 ns/op	     321 B/op	       1 allocs/op
BenchmarkMicroWakeupSyscall_RapidSubmit/MainFastPathDisabled-10             	 4656264	       249.6 ns/op	     321 B/op	       1 allocs/op
BenchmarkMicroWakeupSyscall_RapidSubmit/MainFastPathDisabled-10             	 4949347	       231.8 ns/op	     315 B/op	       1 allocs/op
BenchmarkMicroWakeupSyscall_RapidSubmit/MainFastPathDisabled-10             	 5185764	       225.6 ns/op	     312 B/op	       1 allocs/op
BenchmarkMicroWakeupSyscall_RapidSubmit/MainFastPathDisabled-10             	 5138041	       237.7 ns/op	     315 B/op	       1 allocs/op
BenchmarkMicroWakeupSyscall_RapidSubmit/AlternateOne-10                     	 4978984	       225.4 ns/op	      16 B/op	       1 allocs/op
BenchmarkMicroWakeupSyscall_RapidSubmit/AlternateOne-10                     	 8098936	       143.8 ns/op	      16 B/op	       1 allocs/op
BenchmarkMicroWakeupSyscall_RapidSubmit/AlternateOne-10                     	 8157136	       149.7 ns/op	      16 B/op	       1 allocs/op
BenchmarkMicroWakeupSyscall_RapidSubmit/AlternateOne-10                     	 7962754	       250.9 ns/op	      16 B/op	       1 allocs/op
BenchmarkMicroWakeupSyscall_RapidSubmit/AlternateOne-10                     	 7694409	       152.4 ns/op	      16 B/op	       1 allocs/op
BenchmarkMicroWakeupSyscall_RapidSubmit/AlternateTwo-10                     	 7613793	       151.0 ns/op	      16 B/op	       1 allocs/op
BenchmarkMicroWakeupSyscall_RapidSubmit/AlternateTwo-10                     	 8176087	       149.1 ns/op	      16 B/op	       1 allocs/op
BenchmarkMicroWakeupSyscall_RapidSubmit/AlternateTwo-10                     	 8413549	       139.1 ns/op	      16 B/op	       1 allocs/op
BenchmarkMicroWakeupSyscall_RapidSubmit/AlternateTwo-10                     	 8441670	       145.5 ns/op	      16 B/op	       1 allocs/op
BenchmarkMicroWakeupSyscall_RapidSubmit/AlternateTwo-10                     	 8547054	       151.1 ns/op	      16 B/op	       1 allocs/op
BenchmarkMicroWakeupSyscall_RapidSubmit/AlternateThree-10                   	 8496931	       145.7 ns/op	      16 B/op	       1 allocs/op
BenchmarkMicroWakeupSyscall_RapidSubmit/AlternateThree-10                   	 8230800	       148.6 ns/op	      16 B/op	       1 allocs/op
BenchmarkMicroWakeupSyscall_RapidSubmit/AlternateThree-10                   	 8078320	       144.9 ns/op	      16 B/op	       1 allocs/op
BenchmarkMicroWakeupSyscall_RapidSubmit/AlternateThree-10                   	 8245041	       149.5 ns/op	      16 B/op	       1 allocs/op
BenchmarkMicroWakeupSyscall_RapidSubmit/AlternateThree-10                   	 8148247	       145.6 ns/op	      16 B/op	       1 allocs/op
BenchmarkMicroWakeupSyscall_RapidSubmit/Baseline-10                         	10650414	       107.0 ns/op	      56 B/op	       3 allocs/op
BenchmarkMicroWakeupSyscall_RapidSubmit/Baseline-10                         	11158875	       106.9 ns/op	      56 B/op	       3 allocs/op
BenchmarkMicroWakeupSyscall_RapidSubmit/Baseline-10                         	10929936	       109.9 ns/op	      56 B/op	       3 allocs/op
BenchmarkMicroWakeupSyscall_RapidSubmit/Baseline-10                         	11038424	       112.7 ns/op	      56 B/op	       3 allocs/op
BenchmarkMicroWakeupSyscall_RapidSubmit/Baseline-10                         	10754322	       112.4 ns/op	      56 B/op	       3 allocs/op
BenchmarkMicrotaskRoundTrip/Main-10                                         	  338055	      3782 ns/op	     407 B/op	      13 allocs/op
BenchmarkMicrotaskRoundTrip/Main-10                                         	  326761	      3585 ns/op	     407 B/op	      13 allocs/op
BenchmarkMicrotaskRoundTrip/Main-10                                         	  366020	      3667 ns/op	     407 B/op	      13 allocs/op
BenchmarkMicrotaskRoundTrip/Main-10                                         	  341794	      3483 ns/op	     408 B/op	      13 allocs/op
BenchmarkMicrotaskRoundTrip/Main-10                                         	  340126	      3772 ns/op	     404 B/op	      13 allocs/op
BenchmarkMicrotaskRoundTrip/MainFastPathForced-10                           	  352473	      4175 ns/op	     405 B/op	      13 allocs/op
BenchmarkMicrotaskRoundTrip/MainFastPathForced-10                           	  346540	      3515 ns/op	     404 B/op	      13 allocs/op
BenchmarkMicrotaskRoundTrip/MainFastPathForced-10                           	  375477	      3620 ns/op	     406 B/op	      13 allocs/op
BenchmarkMicrotaskRoundTrip/MainFastPathForced-10                           	  317072	      3671 ns/op	     411 B/op	      13 allocs/op
BenchmarkMicrotaskRoundTrip/MainFastPathForced-10                           	  328558	      3668 ns/op	     409 B/op	      13 allocs/op
BenchmarkMicrotaskRoundTrip/MainFastPathDisabled-10                         	   42320	     28823 ns/op	     374 B/op	      12 allocs/op
BenchmarkMicrotaskRoundTrip/MainFastPathDisabled-10                         	   37498	     28462 ns/op	     363 B/op	      12 allocs/op
BenchmarkMicrotaskRoundTrip/MainFastPathDisabled-10                         	   32896	     38886 ns/op	     380 B/op	      13 allocs/op
BenchmarkMicrotaskRoundTrip/MainFastPathDisabled-10                         	   31808	     33672 ns/op	     393 B/op	      13 allocs/op
BenchmarkMicrotaskRoundTrip/MainFastPathDisabled-10                         	   33471	     31756 ns/op	     355 B/op	      12 allocs/op
BenchmarkMicrotaskRoundTrip/AlternateOne-10                                 	       1	10014107879 ns/op	    4672 B/op	      28 allocs/op
BenchmarkMicrotaskRoundTrip/AlternateOne-10                                 	       1	10013782547 ns/op	    4672 B/op	      28 allocs/op
BenchmarkMicrotaskRoundTrip/AlternateOne-10                                 	       1	10013151297 ns/op	    4672 B/op	      28 allocs/op
BenchmarkMicrotaskRoundTrip/AlternateOne-10                                 	       1	10014840421 ns/op	    4672 B/op	      28 allocs/op
BenchmarkMicrotaskRoundTrip/AlternateOne-10                                 	       1	10011450922 ns/op	    4672 B/op	      28 allocs/op
BenchmarkMicrotaskRoundTrip/AlternateTwo-10                                 	     100	  11227994 ns/op	     140 B/op	       2 allocs/op
BenchmarkMicrotaskRoundTrip/AlternateTwo-10                                 	     100	  11305802 ns/op	     140 B/op	       2 allocs/op
BenchmarkMicrotaskRoundTrip/AlternateTwo-10                                 	     100	  11832578 ns/op	     140 B/op	       2 allocs/op
BenchmarkMicrotaskRoundTrip/AlternateTwo-10                                 	     100	  11526446 ns/op	     140 B/op	       2 allocs/op
BenchmarkMicrotaskRoundTrip/AlternateTwo-10                                 	     100	  11470381 ns/op	     140 B/op	       2 allocs/op
BenchmarkPromisesV2/ChainedPromise/ChainDepth100EndToEnd-10                 	   30504	     38870 ns/op	   14670 B/op	     334 allocs/op
BenchmarkPromisesV2/ChainedPromise/ChainDepth100EndToEnd-10                 	   30753	     39653 ns/op	   14670 B/op	     334 allocs/op
BenchmarkPromisesV2/ChainedPromise/ChainDepth100EndToEnd-10                 	   30422	     39318 ns/op	   14670 B/op	     334 allocs/op
BenchmarkPromisesV2/ChainedPromise/ChainDepth100EndToEnd-10                 	   30730	     40041 ns/op	   14670 B/op	     334 allocs/op
BenchmarkPromisesV2/ChainedPromise/ChainDepth100EndToEnd-10                 	   28148	     39210 ns/op	   14670 B/op	     334 allocs/op
BenchmarkPromisesV2/ChainedPromise/ResolvedHandlerEndToEnd-10               	  162141	      7322 ns/op	     955 B/op	      30 allocs/op
BenchmarkPromisesV2/ChainedPromise/ResolvedHandlerEndToEnd-10               	  166152	      7672 ns/op	     958 B/op	      30 allocs/op
BenchmarkPromisesV2/ChainedPromise/ResolvedHandlerEndToEnd-10               	  159453	      7910 ns/op	     947 B/op	      30 allocs/op
BenchmarkPromisesV2/ChainedPromise/ResolvedHandlerEndToEnd-10               	  167233	      7616 ns/op	     958 B/op	      30 allocs/op
BenchmarkPromisesV2/ChainedPromise/ResolvedHandlerEndToEnd-10               	  168039	      7587 ns/op	     960 B/op	      30 allocs/op
BenchmarkPromisesV2/ChainedPromise/FanOut100EndToEnd-10                     	   13832	     87138 ns/op	   46249 B/op	     549 allocs/op
BenchmarkPromisesV2/ChainedPromise/FanOut100EndToEnd-10                     	   13503	     88471 ns/op	   46186 B/op	     549 allocs/op
BenchmarkPromisesV2/ChainedPromise/FanOut100EndToEnd-10                     	   13798	     86729 ns/op	   46236 B/op	     549 allocs/op
BenchmarkPromisesV2/ChainedPromise/FanOut100EndToEnd-10                     	   14026	     86830 ns/op	   46334 B/op	     549 allocs/op
BenchmarkPromisesV2/ChainedPromise/FanOut100EndToEnd-10                     	   13774	     87469 ns/op	   46253 B/op	     549 allocs/op
BenchmarkPromisesV2/ChainedPromise/Race100EndToEnd-10                       	   15178	     78849 ns/op	   47380 B/op	     751 allocs/op
BenchmarkPromisesV2/ChainedPromise/Race100EndToEnd-10                       	   15206	     80138 ns/op	   47368 B/op	     751 allocs/op
BenchmarkPromisesV2/ChainedPromise/Race100EndToEnd-10                       	   15338	     78691 ns/op	   47382 B/op	     751 allocs/op
BenchmarkPromisesV2/ChainedPromise/Race100EndToEnd-10                       	   15020	     78528 ns/op	   47456 B/op	     751 allocs/op
BenchmarkPromisesV2/ChainedPromise/Race100EndToEnd-10                       	   15367	     78110 ns/op	   47441 B/op	     751 allocs/op
BenchmarkPromisesV2/PromiseAltOne/ChainDepth100EndToEnd-10                  	   41743	     27881 ns/op	   14670 B/op	     334 allocs/op
BenchmarkPromisesV2/PromiseAltOne/ChainDepth100EndToEnd-10                  	   42874	     27849 ns/op	   14670 B/op	     334 allocs/op
BenchmarkPromisesV2/PromiseAltOne/ChainDepth100EndToEnd-10                  	   43011	     27907 ns/op	   14669 B/op	     334 allocs/op
BenchmarkPromisesV2/PromiseAltOne/ChainDepth100EndToEnd-10                  	   41671	     29057 ns/op	   14669 B/op	     334 allocs/op
BenchmarkPromisesV2/PromiseAltOne/ChainDepth100EndToEnd-10                  	   41400	     29130 ns/op	   14670 B/op	     334 allocs/op
BenchmarkPromisesV2/PromiseAltOne/ResolvedHandlerEndToEnd-10                	  158002	      7484 ns/op	     951 B/op	      30 allocs/op
BenchmarkPromisesV2/PromiseAltOne/ResolvedHandlerEndToEnd-10                	  164302	      7288 ns/op	     953 B/op	      30 allocs/op
BenchmarkPromisesV2/PromiseAltOne/ResolvedHandlerEndToEnd-10                	  163690	      7522 ns/op	     956 B/op	      30 allocs/op
BenchmarkPromisesV2/PromiseAltOne/ResolvedHandlerEndToEnd-10                	  170124	      7283 ns/op	     945 B/op	      30 allocs/op
BenchmarkPromisesV2/PromiseAltOne/ResolvedHandlerEndToEnd-10                	  170469	      7318 ns/op	     944 B/op	      30 allocs/op
BenchmarkPromisesV2/PromiseAltOne/FanOut100EndToEnd-10                      	   19472	     61690 ns/op	   27797 B/op	     538 allocs/op
BenchmarkPromisesV2/PromiseAltOne/FanOut100EndToEnd-10                      	   19320	     62157 ns/op	   27796 B/op	     538 allocs/op
BenchmarkPromisesV2/PromiseAltOne/FanOut100EndToEnd-10                      	   19377	     61941 ns/op	   27796 B/op	     538 allocs/op
BenchmarkPromisesV2/PromiseAltOne/FanOut100EndToEnd-10                      	   19407	     61809 ns/op	   27796 B/op	     538 allocs/op
BenchmarkPromisesV2/PromiseAltOne/FanOut100EndToEnd-10                      	   19464	     62329 ns/op	   27796 B/op	     538 allocs/op
BenchmarkPromisesV2/PromiseAltOne/Race100EndToEnd-10                        	   32934	     36180 ns/op	   17420 B/op	     338 allocs/op
BenchmarkPromisesV2/PromiseAltOne/Race100EndToEnd-10                        	   33189	     36459 ns/op	   17421 B/op	     338 allocs/op
BenchmarkPromisesV2/PromiseAltOne/Race100EndToEnd-10                        	   33070	     36605 ns/op	   17421 B/op	     338 allocs/op
BenchmarkPromisesV2/PromiseAltOne/Race100EndToEnd-10                        	   32818	     35918 ns/op	   17421 B/op	     338 allocs/op
BenchmarkPromisesV2/PromiseAltOne/Race100EndToEnd-10                        	   32902	     36375 ns/op	   17419 B/op	     338 allocs/op
BenchmarkPromisesV2/PromiseAltTwo/ChainDepth100EndToEnd-10                  	   41140	     29578 ns/op	   14653 B/op	     435 allocs/op
BenchmarkPromisesV2/PromiseAltTwo/ChainDepth100EndToEnd-10                  	   40323	     29621 ns/op	   14653 B/op	     435 allocs/op
BenchmarkPromisesV2/PromiseAltTwo/ChainDepth100EndToEnd-10                  	   40207	     29715 ns/op	   14654 B/op	     435 allocs/op
BenchmarkPromisesV2/PromiseAltTwo/ChainDepth100EndToEnd-10                  	   40017	     29710 ns/op	   14653 B/op	     435 allocs/op
BenchmarkPromisesV2/PromiseAltTwo/ChainDepth100EndToEnd-10                  	   39476	     29695 ns/op	   14654 B/op	     435 allocs/op
BenchmarkPromisesV2/PromiseAltTwo/ResolvedHandlerEndToEnd-10                	  170781	      7491 ns/op	     954 B/op	      31 allocs/op
BenchmarkPromisesV2/PromiseAltTwo/ResolvedHandlerEndToEnd-10                	  158101	      7587 ns/op	     954 B/op	      31 allocs/op
BenchmarkPromisesV2/PromiseAltTwo/ResolvedHandlerEndToEnd-10                	  162268	      7454 ns/op	     948 B/op	      31 allocs/op
BenchmarkPromisesV2/PromiseAltTwo/ResolvedHandlerEndToEnd-10                	  155937	      7322 ns/op	     950 B/op	      31 allocs/op
BenchmarkPromisesV2/PromiseAltTwo/ResolvedHandlerEndToEnd-10                	  166566	      7572 ns/op	     961 B/op	      31 allocs/op
BenchmarkPromisesV2/PromiseAltTwo/FanOut100EndToEnd-10                      	   20959	     57562 ns/op	   17899 B/op	     532 allocs/op
BenchmarkPromisesV2/PromiseAltTwo/FanOut100EndToEnd-10                      	   20264	     62510 ns/op	   17899 B/op	     532 allocs/op
BenchmarkPromisesV2/PromiseAltTwo/FanOut100EndToEnd-10                      	   18632	     64590 ns/op	   17899 B/op	     532 allocs/op
BenchmarkPromisesV2/PromiseAltTwo/FanOut100EndToEnd-10                      	   21042	     57779 ns/op	   17899 B/op	     532 allocs/op
BenchmarkPromisesV2/PromiseAltTwo/FanOut100EndToEnd-10                      	   20863	     57550 ns/op	   17899 B/op	     532 allocs/op
BenchmarkPromisesV2/PromiseAltThree/ChainDepth100EndToEnd-10                	   43467	     30370 ns/op	   11509 B/op	     335 allocs/op
BenchmarkPromisesV2/PromiseAltThree/ChainDepth100EndToEnd-10                	   39028	     30871 ns/op	   11506 B/op	     335 allocs/op
BenchmarkPromisesV2/PromiseAltThree/ChainDepth100EndToEnd-10                	   42278	     30691 ns/op	   11509 B/op	     335 allocs/op
BenchmarkPromisesV2/PromiseAltThree/ChainDepth100EndToEnd-10                	   38811	     30847 ns/op	   11507 B/op	     335 allocs/op
BenchmarkPromisesV2/PromiseAltThree/ChainDepth100EndToEnd-10                	   40898	     31218 ns/op	   11507 B/op	     335 allocs/op
BenchmarkPromisesV2/PromiseAltThree/ResolvedHandlerEndToEnd-10              	  162168	      7504 ns/op	     920 B/op	      30 allocs/op
BenchmarkPromisesV2/PromiseAltThree/ResolvedHandlerEndToEnd-10              	  154406	      7368 ns/op	     922 B/op	      30 allocs/op
BenchmarkPromisesV2/PromiseAltThree/ResolvedHandlerEndToEnd-10              	  158702	      7495 ns/op	     918 B/op	      30 allocs/op
BenchmarkPromisesV2/PromiseAltThree/ResolvedHandlerEndToEnd-10              	  156808	      7441 ns/op	     926 B/op	      30 allocs/op
BenchmarkPromisesV2/PromiseAltThree/ResolvedHandlerEndToEnd-10              	  161773	      7432 ns/op	     913 B/op	      30 allocs/op
BenchmarkPromisesV2/PromiseAltThree/FanOut100EndToEnd-10                    	   20768	     57607 ns/op	   14801 B/op	     432 allocs/op
BenchmarkPromisesV2/PromiseAltThree/FanOut100EndToEnd-10                    	   20839	     57470 ns/op	   14798 B/op	     432 allocs/op
BenchmarkPromisesV2/PromiseAltThree/FanOut100EndToEnd-10                    	   20769	     56905 ns/op	   14799 B/op	     432 allocs/op
BenchmarkPromisesV2/PromiseAltThree/FanOut100EndToEnd-10                    	   20802	     58101 ns/op	   14800 B/op	     432 allocs/op
BenchmarkPromisesV2/PromiseAltThree/FanOut100EndToEnd-10                    	   21014	     56577 ns/op	   14798 B/op	     432 allocs/op
BenchmarkPromisesV2/PromiseAltFour/ChainDepth100EndToEnd-10                 	   25392	     47472 ns/op	   30957 B/op	     638 allocs/op
BenchmarkPromisesV2/PromiseAltFour/ChainDepth100EndToEnd-10                 	   25304	     47529 ns/op	   30955 B/op	     638 allocs/op
BenchmarkPromisesV2/PromiseAltFour/ChainDepth100EndToEnd-10                 	   25174	     47481 ns/op	   30957 B/op	     638 allocs/op
BenchmarkPromisesV2/PromiseAltFour/ChainDepth100EndToEnd-10                 	   25255	     47741 ns/op	   30956 B/op	     638 allocs/op
BenchmarkPromisesV2/PromiseAltFour/ChainDepth100EndToEnd-10                 	   25288	     47977 ns/op	   30955 B/op	     638 allocs/op
BenchmarkPromisesV2/PromiseAltFour/ResolvedHandlerEndToEnd-10               	  161548	      7656 ns/op	    1096 B/op	      33 allocs/op
BenchmarkPromisesV2/PromiseAltFour/ResolvedHandlerEndToEnd-10               	  154006	      7618 ns/op	    1096 B/op	      33 allocs/op
BenchmarkPromisesV2/PromiseAltFour/ResolvedHandlerEndToEnd-10               	  151944	      7556 ns/op	    1094 B/op	      33 allocs/op
BenchmarkPromisesV2/PromiseAltFour/ResolvedHandlerEndToEnd-10               	  147525	      7799 ns/op	    1103 B/op	      33 allocs/op
BenchmarkPromisesV2/PromiseAltFour/ResolvedHandlerEndToEnd-10               	  151464	      7534 ns/op	    1095 B/op	      33 allocs/op
BenchmarkPromisesV2/PromiseAltFour/FanOut100EndToEnd-10                     	   15751	     75358 ns/op	   43261 B/op	     739 allocs/op
BenchmarkPromisesV2/PromiseAltFour/FanOut100EndToEnd-10                     	   15760	     76445 ns/op	   43261 B/op	     739 allocs/op
BenchmarkPromisesV2/PromiseAltFour/FanOut100EndToEnd-10                     	   15567	     76035 ns/op	   43261 B/op	     739 allocs/op
BenchmarkPromisesV2/PromiseAltFour/FanOut100EndToEnd-10                     	   15879	     76473 ns/op	   43261 B/op	     739 allocs/op
BenchmarkPromisesV2/PromiseAltFour/FanOut100EndToEnd-10                     	   15543	     76645 ns/op	   43261 B/op	     739 allocs/op
BenchmarkPromisesV2/PromiseAltFour/Race100EndToEnd-10                       	   15514	     76660 ns/op	   56941 B/op	    1045 allocs/op
BenchmarkPromisesV2/PromiseAltFour/Race100EndToEnd-10                       	   15608	     76120 ns/op	   56942 B/op	    1045 allocs/op
BenchmarkPromisesV2/PromiseAltFour/Race100EndToEnd-10                       	   15627	     76838 ns/op	   56942 B/op	    1045 allocs/op
BenchmarkPromisesV2/PromiseAltFour/Race100EndToEnd-10                       	   15600	     77347 ns/op	   56942 B/op	    1045 allocs/op
BenchmarkPromisesV2/PromiseAltFour/Race100EndToEnd-10                       	   15574	     77197 ns/op	   56941 B/op	    1045 allocs/op
BenchmarkPromisesV2/PromiseAltFive/ChainDepth100EndToEnd-10                 	   43213	     28266 ns/op	   13070 B/op	     334 allocs/op
BenchmarkPromisesV2/PromiseAltFive/ChainDepth100EndToEnd-10                 	   41502	     28383 ns/op	   13069 B/op	     334 allocs/op
BenchmarkPromisesV2/PromiseAltFive/ChainDepth100EndToEnd-10                 	   43362	     28138 ns/op	   13070 B/op	     334 allocs/op
BenchmarkPromisesV2/PromiseAltFive/ChainDepth100EndToEnd-10                 	   43760	     27546 ns/op	   13070 B/op	     334 allocs/op
BenchmarkPromisesV2/PromiseAltFive/ChainDepth100EndToEnd-10                 	   43473	     27763 ns/op	   13070 B/op	     334 allocs/op
BenchmarkPromisesV2/PromiseAltFive/ResolvedHandlerEndToEnd-10               	  155235	      7378 ns/op	     935 B/op	      30 allocs/op
BenchmarkPromisesV2/PromiseAltFive/ResolvedHandlerEndToEnd-10               	  162330	      7354 ns/op	     938 B/op	      30 allocs/op
BenchmarkPromisesV2/PromiseAltFive/ResolvedHandlerEndToEnd-10               	  157539	      7551 ns/op	     934 B/op	      30 allocs/op
BenchmarkPromisesV2/PromiseAltFive/ResolvedHandlerEndToEnd-10               	  158414	      7475 ns/op	     936 B/op	      30 allocs/op
BenchmarkPromisesV2/PromiseAltFive/ResolvedHandlerEndToEnd-10               	  164020	      7421 ns/op	     939 B/op	      30 allocs/op
BenchmarkPromisesV2/PromiseAltFive/FanOut100EndToEnd-10                     	   19479	     61628 ns/op	   26212 B/op	     538 allocs/op
BenchmarkPromisesV2/PromiseAltFive/FanOut100EndToEnd-10                     	   19390	     61892 ns/op	   26212 B/op	     538 allocs/op
BenchmarkPromisesV2/PromiseAltFive/FanOut100EndToEnd-10                     	   19478	     61753 ns/op	   26212 B/op	     538 allocs/op
BenchmarkPromisesV2/PromiseAltFive/FanOut100EndToEnd-10                     	   19483	     61679 ns/op	   26212 B/op	     538 allocs/op
BenchmarkPromisesV2/PromiseAltFive/FanOut100EndToEnd-10                     	   19458	     61521 ns/op	   26212 B/op	     538 allocs/op
BenchmarkReadinessRoundTrip/Main-10                                         	   29282	     36671 ns/op	      24 B/op	       1 allocs/op
BenchmarkReadinessRoundTrip/Main-10                                         	   34441	     33793 ns/op	      24 B/op	       1 allocs/op
BenchmarkReadinessRoundTrip/Main-10                                         	   50450	     36677 ns/op	      24 B/op	       1 allocs/op
BenchmarkReadinessRoundTrip/Main-10                                         	   42751	     35682 ns/op	      24 B/op	       1 allocs/op
BenchmarkReadinessRoundTrip/Main-10                                         	   33178	     35819 ns/op	      24 B/op	       1 allocs/op
BenchmarkReadinessRoundTrip/MainFastPathDisabled-10                         	   31999	     33583 ns/op	      24 B/op	       1 allocs/op
BenchmarkReadinessRoundTrip/MainFastPathDisabled-10                         	   36813	     33299 ns/op	      24 B/op	       1 allocs/op
BenchmarkReadinessRoundTrip/MainFastPathDisabled-10                         	   34512	     30443 ns/op	      24 B/op	       1 allocs/op
BenchmarkReadinessRoundTrip/MainFastPathDisabled-10                         	   34554	     31448 ns/op	      24 B/op	       1 allocs/op
BenchmarkReadinessRoundTrip/MainFastPathDisabled-10                         	   35784	     33880 ns/op	      24 B/op	       1 allocs/op
BenchmarkReadinessRoundTrip/AlternateOne-10                                 	   27472	     44357 ns/op	       0 B/op	       0 allocs/op
BenchmarkReadinessRoundTrip/AlternateOne-10                                 	   27541	     49041 ns/op	       0 B/op	       0 allocs/op
BenchmarkReadinessRoundTrip/AlternateOne-10                                 	   26596	     42361 ns/op	       0 B/op	       0 allocs/op
BenchmarkReadinessRoundTrip/AlternateOne-10                                 	   26793	     43108 ns/op	       0 B/op	       0 allocs/op
BenchmarkReadinessRoundTrip/AlternateOne-10                                 	   26581	     42925 ns/op	       0 B/op	       0 allocs/op
BenchmarkReadinessRoundTrip/AlternateTwo-10                                 	   27759	     41970 ns/op	       0 B/op	       0 allocs/op
BenchmarkReadinessRoundTrip/AlternateTwo-10                                 	   28945	     41868 ns/op	       0 B/op	       0 allocs/op
BenchmarkReadinessRoundTrip/AlternateTwo-10                                 	   29048	     40831 ns/op	       0 B/op	       0 allocs/op
BenchmarkReadinessRoundTrip/AlternateTwo-10                                 	   28881	     41015 ns/op	       0 B/op	       0 allocs/op
BenchmarkReadinessRoundTrip/AlternateTwo-10                                 	   29872	     40836 ns/op	       0 B/op	       0 allocs/op
BenchmarkReadinessRoundTrip/AlternateThree-10                               	   28623	     41697 ns/op	       0 B/op	       0 allocs/op
BenchmarkReadinessRoundTrip/AlternateThree-10                               	   29140	     41361 ns/op	       0 B/op	       0 allocs/op
BenchmarkReadinessRoundTrip/AlternateThree-10                               	   28879	     41993 ns/op	       0 B/op	       0 allocs/op
BenchmarkReadinessRoundTrip/AlternateThree-10                               	   28639	     41283 ns/op	       0 B/op	       0 allocs/op
BenchmarkReadinessRoundTrip/AlternateThree-10                               	   29070	     41449 ns/op	       0 B/op	       0 allocs/op
BenchmarkSchedulerPriorityLatency/Main-10                                   	   26676	     44584 ns/op	         0 externals_before_internal/op	      3827 priority_latency_ns/op	    2096 B/op	      71 allocs/op
BenchmarkSchedulerPriorityLatency/Main-10                                   	   26900	     43348 ns/op	         0 externals_before_internal/op	      3968 priority_latency_ns/op	    2096 B/op	      71 allocs/op
BenchmarkSchedulerPriorityLatency/Main-10                                   	   27025	     44506 ns/op	         0 externals_before_internal/op	      3906 priority_latency_ns/op	    2096 B/op	      71 allocs/op
BenchmarkSchedulerPriorityLatency/Main-10                                   	   27747	     44352 ns/op	         0 externals_before_internal/op	      3855 priority_latency_ns/op	    2096 B/op	      71 allocs/op
BenchmarkSchedulerPriorityLatency/Main-10                                   	   27534	     44083 ns/op	         0 externals_before_internal/op	      3898 priority_latency_ns/op	    2096 B/op	      71 allocs/op
BenchmarkSchedulerPriorityLatency/MainFastPathForced-10                     	   27553	     43559 ns/op	         0 externals_before_internal/op	      3886 priority_latency_ns/op	    2096 B/op	      71 allocs/op
BenchmarkSchedulerPriorityLatency/MainFastPathForced-10                     	   26492	     44085 ns/op	         0 externals_before_internal/op	      3829 priority_latency_ns/op	    2096 B/op	      71 allocs/op
BenchmarkSchedulerPriorityLatency/MainFastPathForced-10                     	   27123	     44284 ns/op	         0 externals_before_internal/op	      3903 priority_latency_ns/op	    2096 B/op	      71 allocs/op
BenchmarkSchedulerPriorityLatency/MainFastPathForced-10                     	   27070	     44221 ns/op	         0 externals_before_internal/op	      3896 priority_latency_ns/op	    2096 B/op	      71 allocs/op
BenchmarkSchedulerPriorityLatency/MainFastPathForced-10                     	   27319	     44133 ns/op	         0 externals_before_internal/op	      3838 priority_latency_ns/op	    2096 B/op	      71 allocs/op
BenchmarkSchedulerPriorityLatency/MainFastPathDisabled-10                   	   14949	     81402 ns/op	         0 externals_before_internal/op	      4264 priority_latency_ns/op	    2125 B/op	      72 allocs/op
BenchmarkSchedulerPriorityLatency/MainFastPathDisabled-10                   	   14770	     81168 ns/op	         0 externals_before_internal/op	      4307 priority_latency_ns/op	    2126 B/op	      72 allocs/op
BenchmarkSchedulerPriorityLatency/MainFastPathDisabled-10                   	   14833	     81684 ns/op	         0 externals_before_internal/op	      4256 priority_latency_ns/op	    2126 B/op	      72 allocs/op
BenchmarkSchedulerPriorityLatency/MainFastPathDisabled-10                   	   15122	     79363 ns/op	         0 externals_before_internal/op	      4271 priority_latency_ns/op	    2126 B/op	      72 allocs/op
BenchmarkSchedulerPriorityLatency/MainFastPathDisabled-10                   	   15062	     81525 ns/op	         0 externals_before_internal/op	      4247 priority_latency_ns/op	    2126 B/op	      72 allocs/op
BenchmarkSchedulerPriorityLatency/AlternateOne-10                           	   12184	     98439 ns/op	        64.00 externals_before_internal/op	     21629 priority_latency_ns/op	    2096 B/op	      71 allocs/op
BenchmarkSchedulerPriorityLatency/AlternateOne-10                           	   12147	     98414 ns/op	        64.00 externals_before_internal/op	     21532 priority_latency_ns/op	    2096 B/op	      71 allocs/op
BenchmarkSchedulerPriorityLatency/AlternateOne-10                           	   12228	     99267 ns/op	        64.00 externals_before_internal/op	     21315 priority_latency_ns/op	    2096 B/op	      71 allocs/op
BenchmarkSchedulerPriorityLatency/AlternateOne-10                           	   12142	     98744 ns/op	        64.00 externals_before_internal/op	     21230 priority_latency_ns/op	    2096 B/op	      71 allocs/op
BenchmarkSchedulerPriorityLatency/AlternateOne-10                           	   12157	     99092 ns/op	        64.00 externals_before_internal/op	     21442 priority_latency_ns/op	    2096 B/op	      71 allocs/op
BenchmarkSchedulerPriorityLatency/AlternateTwo-10                           	   12290	     97823 ns/op	         0 externals_before_internal/op	     17925 priority_latency_ns/op	    2125 B/op	      71 allocs/op
BenchmarkSchedulerPriorityLatency/AlternateTwo-10                           	   12344	     97306 ns/op	         0 externals_before_internal/op	     17770 priority_latency_ns/op	    2114 B/op	      71 allocs/op
BenchmarkSchedulerPriorityLatency/AlternateTwo-10                           	   12267	     97549 ns/op	         0 externals_before_internal/op	     17664 priority_latency_ns/op	    2114 B/op	      71 allocs/op
BenchmarkSchedulerPriorityLatency/AlternateTwo-10                           	   12291	     97286 ns/op	         0 externals_before_internal/op	     17717 priority_latency_ns/op	    2114 B/op	      71 allocs/op
BenchmarkSchedulerPriorityLatency/AlternateTwo-10                           	   12373	     97117 ns/op	         0 externals_before_internal/op	     17719 priority_latency_ns/op	    2114 B/op	      71 allocs/op
BenchmarkSchedulerPriorityLatency/AlternateThree-10                         	   12572	     95385 ns/op	         0 externals_before_internal/op	     18174 priority_latency_ns/op	    2096 B/op	      71 allocs/op
BenchmarkSchedulerPriorityLatency/AlternateThree-10                         	   12555	     95138 ns/op	         0 externals_before_internal/op	     18080 priority_latency_ns/op	    2096 B/op	      71 allocs/op
BenchmarkSchedulerPriorityLatency/AlternateThree-10                         	   12696	     95966 ns/op	         0 externals_before_internal/op	     18201 priority_latency_ns/op	    2096 B/op	      71 allocs/op
BenchmarkSchedulerPriorityLatency/AlternateThree-10                         	   12627	     95881 ns/op	         0 externals_before_internal/op	     18210 priority_latency_ns/op	    2096 B/op	      71 allocs/op
BenchmarkSchedulerPriorityLatency/AlternateThree-10                         	   12526	     95472 ns/op	         0 externals_before_internal/op	     18202 priority_latency_ns/op	    2096 B/op	      71 allocs/op
BenchmarkSchedulerPriorityLatency/Baseline-10                               	   48843	     24484 ns/op	        64.00 externals_before_internal/op	      2904 priority_latency_ns/op	    4736 B/op	     203 allocs/op
BenchmarkSchedulerPriorityLatency/Baseline-10                               	   48608	     24516 ns/op	        64.00 externals_before_internal/op	      2861 priority_latency_ns/op	    4736 B/op	     203 allocs/op
BenchmarkSchedulerPriorityLatency/Baseline-10                               	   48574	     24616 ns/op	        64.00 externals_before_internal/op	      2921 priority_latency_ns/op	    4736 B/op	     203 allocs/op
BenchmarkSchedulerPriorityLatency/Baseline-10                               	   47338	     25278 ns/op	        64.00 externals_before_internal/op	      3291 priority_latency_ns/op	    4736 B/op	     203 allocs/op
BenchmarkSchedulerPriorityLatency/Baseline-10                               	   48306	     25563 ns/op	        64.00 externals_before_internal/op	      3220 priority_latency_ns/op	    4736 B/op	     203 allocs/op
BenchmarkSubmitInternalChainHandoff/Main-10                                 	   60230	     20005 ns/op	        32.00 handoffs/op	     784 B/op	      33 allocs/op
BenchmarkSubmitInternalChainHandoff/Main-10                                 	   59374	     20068 ns/op	        32.00 handoffs/op	     784 B/op	      33 allocs/op
BenchmarkSubmitInternalChainHandoff/Main-10                                 	   60955	     20338 ns/op	        32.00 handoffs/op	     784 B/op	      33 allocs/op
BenchmarkSubmitInternalChainHandoff/Main-10                                 	   59289	     19891 ns/op	        32.00 handoffs/op	     784 B/op	      33 allocs/op
BenchmarkSubmitInternalChainHandoff/Main-10                                 	   60152	     19901 ns/op	        32.00 handoffs/op	     784 B/op	      33 allocs/op
BenchmarkSubmitInternalChainHandoff/MainFastPathForced-10                   	   61140	     20268 ns/op	        32.00 handoffs/op	     784 B/op	      33 allocs/op
BenchmarkSubmitInternalChainHandoff/MainFastPathForced-10                   	   58425	     19928 ns/op	        32.00 handoffs/op	     784 B/op	      33 allocs/op
BenchmarkSubmitInternalChainHandoff/MainFastPathForced-10                   	   59595	     19935 ns/op	        32.00 handoffs/op	     784 B/op	      33 allocs/op
BenchmarkSubmitInternalChainHandoff/MainFastPathForced-10                   	   58677	     20427 ns/op	        32.00 handoffs/op	     784 B/op	      33 allocs/op
BenchmarkSubmitInternalChainHandoff/MainFastPathForced-10                   	   58900	     19906 ns/op	        32.00 handoffs/op	     784 B/op	      33 allocs/op
BenchmarkSubmitInternalChainHandoff/MainFastPathDisabled-10                 	   15381	     75125 ns/op	        32.00 handoffs/op	     806 B/op	      34 allocs/op
BenchmarkSubmitInternalChainHandoff/MainFastPathDisabled-10                 	   16830	     88714 ns/op	        32.00 handoffs/op	     811 B/op	      34 allocs/op
BenchmarkSubmitInternalChainHandoff/MainFastPathDisabled-10                 	   14709	     77494 ns/op	        32.00 handoffs/op	     806 B/op	      34 allocs/op
BenchmarkSubmitInternalChainHandoff/MainFastPathDisabled-10                 	   16335	     79417 ns/op	        32.00 handoffs/op	     808 B/op	      34 allocs/op
BenchmarkSubmitInternalChainHandoff/MainFastPathDisabled-10                 	   17024	     76409 ns/op	        32.00 handoffs/op	     806 B/op	      34 allocs/op
BenchmarkSubmitInternalChainHandoff/AlternateOne-10                         	   26668	     44291 ns/op	        32.00 handoffs/op	     784 B/op	      33 allocs/op
BenchmarkSubmitInternalChainHandoff/AlternateOne-10                         	   26985	     43767 ns/op	        32.00 handoffs/op	     784 B/op	      33 allocs/op
BenchmarkSubmitInternalChainHandoff/AlternateOne-10                         	   26863	     43656 ns/op	        32.00 handoffs/op	     784 B/op	      33 allocs/op
BenchmarkSubmitInternalChainHandoff/AlternateOne-10                         	   26048	     48092 ns/op	        32.00 handoffs/op	     784 B/op	      33 allocs/op
BenchmarkSubmitInternalChainHandoff/AlternateOne-10                         	   27304	     44179 ns/op	        32.00 handoffs/op	     784 B/op	      33 allocs/op
BenchmarkSubmitInternalChainHandoff/AlternateTwo-10                         	   27253	     43406 ns/op	        32.00 handoffs/op	     784 B/op	      33 allocs/op
BenchmarkSubmitInternalChainHandoff/AlternateTwo-10                         	   27802	     43392 ns/op	        32.00 handoffs/op	     784 B/op	      33 allocs/op
BenchmarkSubmitInternalChainHandoff/AlternateTwo-10                         	   28957	     43213 ns/op	        32.00 handoffs/op	     784 B/op	      33 allocs/op
BenchmarkSubmitInternalChainHandoff/AlternateTwo-10                         	   28323	     43327 ns/op	        32.00 handoffs/op	     784 B/op	      33 allocs/op
BenchmarkSubmitInternalChainHandoff/AlternateTwo-10                         	   27150	     43535 ns/op	        32.00 handoffs/op	     784 B/op	      33 allocs/op
BenchmarkSubmitInternalChainHandoff/AlternateThree-10                       	   26187	     45392 ns/op	        32.00 handoffs/op	     784 B/op	      33 allocs/op
BenchmarkSubmitInternalChainHandoff/AlternateThree-10                       	   26352	     45279 ns/op	        32.00 handoffs/op	     784 B/op	      33 allocs/op
BenchmarkSubmitInternalChainHandoff/AlternateThree-10                       	   25977	     46163 ns/op	        32.00 handoffs/op	     784 B/op	      33 allocs/op
BenchmarkSubmitInternalChainHandoff/AlternateThree-10                       	   25850	     45991 ns/op	        32.00 handoffs/op	     784 B/op	      33 allocs/op
BenchmarkSubmitInternalChainHandoff/AlternateThree-10                       	   26241	     45711 ns/op	        32.00 handoffs/op	     784 B/op	      33 allocs/op
BenchmarkSubmitInternalChainHandoff/Baseline-10                             	  180846	      6868 ns/op	        32.00 handoffs/op	    2104 B/op	      99 allocs/op
BenchmarkSubmitInternalChainHandoff/Baseline-10                             	  173143	      6706 ns/op	        32.00 handoffs/op	    2104 B/op	      99 allocs/op
BenchmarkSubmitInternalChainHandoff/Baseline-10                             	  180517	      6711 ns/op	        32.00 handoffs/op	    2104 B/op	      99 allocs/op
BenchmarkSubmitInternalChainHandoff/Baseline-10                             	  179956	      6828 ns/op	        32.00 handoffs/op	    2104 B/op	      99 allocs/op
BenchmarkSubmitInternalChainHandoff/Baseline-10                             	  177445	      6786 ns/op	        32.00 handoffs/op	    2104 B/op	      99 allocs/op
BenchmarkSchedulerInternalExternalBurst/Main-10                             	 1000000	      1154 ns/op	     636 B/op	       2 allocs/op
BenchmarkSchedulerInternalExternalBurst/Main-10                             	 1000000	      1122 ns/op	     625 B/op	       2 allocs/op
BenchmarkSchedulerInternalExternalBurst/Main-10                             	 1000000	      1078 ns/op	     626 B/op	       2 allocs/op
BenchmarkSchedulerInternalExternalBurst/Main-10                             	 1000000	      1197 ns/op	     644 B/op	       2 allocs/op
BenchmarkSchedulerInternalExternalBurst/Main-10                             	 1000000	      1123 ns/op	     634 B/op	       2 allocs/op
BenchmarkSchedulerInternalExternalBurst/MainFastPathForced-10               	 1000000	      1104 ns/op	     624 B/op	       2 allocs/op
BenchmarkSchedulerInternalExternalBurst/MainFastPathForced-10               	 1000000	      1130 ns/op	     626 B/op	       2 allocs/op
BenchmarkSchedulerInternalExternalBurst/MainFastPathForced-10               	 1000000	      1081 ns/op	     626 B/op	       2 allocs/op
BenchmarkSchedulerInternalExternalBurst/MainFastPathForced-10               	 1000000	      1106 ns/op	     623 B/op	       2 allocs/op
BenchmarkSchedulerInternalExternalBurst/MainFastPathForced-10               	 1000000	      1101 ns/op	     635 B/op	       2 allocs/op
BenchmarkSchedulerInternalExternalBurst/MainFastPathDisabled-10             	 1000000	      1111 ns/op	     622 B/op	       2 allocs/op
BenchmarkSchedulerInternalExternalBurst/MainFastPathDisabled-10             	 1000000	      1101 ns/op	     632 B/op	       2 allocs/op
BenchmarkSchedulerInternalExternalBurst/MainFastPathDisabled-10             	 1000000	      1059 ns/op	     621 B/op	       2 allocs/op
BenchmarkSchedulerInternalExternalBurst/MainFastPathDisabled-10             	 1000000	      1095 ns/op	     634 B/op	       2 allocs/op
BenchmarkSchedulerInternalExternalBurst/MainFastPathDisabled-10             	 1000000	      1098 ns/op	     627 B/op	       2 allocs/op
BenchmarkSchedulerInternalExternalBurst/AlternateOne-10                     	 3195309	       405.5 ns/op	      32 B/op	       2 allocs/op
BenchmarkSchedulerInternalExternalBurst/AlternateOne-10                     	 2590881	       398.0 ns/op	      33 B/op	       2 allocs/op
BenchmarkSchedulerInternalExternalBurst/AlternateOne-10                     	 2514121	       437.0 ns/op	      32 B/op	       2 allocs/op
BenchmarkSchedulerInternalExternalBurst/AlternateOne-10                     	 3474284	       469.9 ns/op	      32 B/op	       2 allocs/op
BenchmarkSchedulerInternalExternalBurst/AlternateOne-10                     	 3247956	       347.5 ns/op	      32 B/op	       2 allocs/op
BenchmarkSchedulerInternalExternalBurst/AlternateTwo-10                     	 3740990	       326.1 ns/op	      38 B/op	       2 allocs/op
BenchmarkSchedulerInternalExternalBurst/AlternateTwo-10                     	 4179364	       304.2 ns/op	      37 B/op	       2 allocs/op
BenchmarkSchedulerInternalExternalBurst/AlternateTwo-10                     	 3756757	       304.5 ns/op	      39 B/op	       2 allocs/op
BenchmarkSchedulerInternalExternalBurst/AlternateTwo-10                     	 3736098	       317.7 ns/op	      33 B/op	       2 allocs/op
BenchmarkSchedulerInternalExternalBurst/AlternateTwo-10                     	 3554576	       296.7 ns/op	      39 B/op	       2 allocs/op
BenchmarkSchedulerInternalExternalBurst/AlternateThree-10                   	 5133032	       229.2 ns/op	      32 B/op	       2 allocs/op
BenchmarkSchedulerInternalExternalBurst/AlternateThree-10                   	 5327152	       229.5 ns/op	      32 B/op	       2 allocs/op
BenchmarkSchedulerInternalExternalBurst/AlternateThree-10                   	 5288827	       228.8 ns/op	      32 B/op	       2 allocs/op
BenchmarkSchedulerInternalExternalBurst/AlternateThree-10                   	 5189997	       228.7 ns/op	      32 B/op	       2 allocs/op
BenchmarkSchedulerInternalExternalBurst/AlternateThree-10                   	 5270169	       225.4 ns/op	      32 B/op	       2 allocs/op
BenchmarkSchedulerInternalExternalBurst/Baseline-10                         	 5341881	       210.3 ns/op	     112 B/op	       6 allocs/op
BenchmarkSchedulerInternalExternalBurst/Baseline-10                         	 5562873	       221.4 ns/op	     112 B/op	       6 allocs/op
BenchmarkSchedulerInternalExternalBurst/Baseline-10                         	 5529712	       223.3 ns/op	     112 B/op	       6 allocs/op
BenchmarkSchedulerInternalExternalBurst/Baseline-10                         	 5634066	       221.6 ns/op	     112 B/op	       6 allocs/op
BenchmarkSchedulerInternalExternalBurst/Baseline-10                         	 5465276	       214.2 ns/op	     112 B/op	       6 allocs/op
PASS
ok  	github.com/joeycumines/go-eventloop/internal/tournament	3683.754s
tournament: lane=promise
go -C /work/eventloop test -bench='^Benchmark(Tournament|ChainDepth)$' -benchmem -count=5 -run='^$' -benchtime=1s -timeout=30m ./internal/promisetournament
goos: linux
goarch: arm64
pkg: github.com/joeycumines/go-eventloop/internal/promisetournament
BenchmarkTournament/ChainedPromise-10         	  286584	      3961 ns/op	     827 B/op	      24 allocs/op
BenchmarkTournament/ChainedPromise-10         	  323924	      3807 ns/op	     824 B/op	      24 allocs/op
BenchmarkTournament/ChainedPromise-10         	  312460	      3815 ns/op	     826 B/op	      24 allocs/op
BenchmarkTournament/ChainedPromise-10         	  323275	      3782 ns/op	     824 B/op	      24 allocs/op
BenchmarkTournament/ChainedPromise-10         	  318046	      3787 ns/op	     825 B/op	      24 allocs/op
BenchmarkTournament/PromiseAltOne-10          	  325422	      3575 ns/op	     808 B/op	      23 allocs/op
BenchmarkTournament/PromiseAltOne-10          	  324046	      3614 ns/op	     812 B/op	      23 allocs/op
BenchmarkTournament/PromiseAltOne-10          	  334851	      3627 ns/op	     812 B/op	      23 allocs/op
BenchmarkTournament/PromiseAltOne-10          	  324879	      3561 ns/op	     808 B/op	      23 allocs/op
BenchmarkTournament/PromiseAltOne-10          	  354918	      3580 ns/op	     809 B/op	      23 allocs/op
BenchmarkTournament/PromiseAltTwo-10          	  317936	      3632 ns/op	     796 B/op	      25 allocs/op
BenchmarkTournament/PromiseAltTwo-10          	  320217	      3644 ns/op	     793 B/op	      25 allocs/op
BenchmarkTournament/PromiseAltTwo-10          	  320134	      3641 ns/op	     797 B/op	      25 allocs/op
BenchmarkTournament/PromiseAltTwo-10          	  325119	      3651 ns/op	     795 B/op	      25 allocs/op
BenchmarkTournament/PromiseAltTwo-10          	  324916	      3642 ns/op	     794 B/op	      25 allocs/op
BenchmarkTournament/PromiseAltThree-10        	  345225	      3610 ns/op	     730 B/op	      23 allocs/op
BenchmarkTournament/PromiseAltThree-10        	  335460	      3585 ns/op	     729 B/op	      23 allocs/op
BenchmarkTournament/PromiseAltThree-10        	  330894	      3618 ns/op	     731 B/op	      23 allocs/op
BenchmarkTournament/PromiseAltThree-10        	  325419	      3624 ns/op	     730 B/op	      23 allocs/op
BenchmarkTournament/PromiseAltThree-10        	  318565	      3611 ns/op	     730 B/op	      23 allocs/op
BenchmarkTournament/PromiseAltFour-10         	  306051	      3857 ns/op	    1249 B/op	      30 allocs/op
BenchmarkTournament/PromiseAltFour-10         	  304951	      3854 ns/op	    1252 B/op	      30 allocs/op
BenchmarkTournament/PromiseAltFour-10         	  312096	      3866 ns/op	    1249 B/op	      30 allocs/op
BenchmarkTournament/PromiseAltFour-10         	  304276	      3874 ns/op	    1251 B/op	      30 allocs/op
BenchmarkTournament/PromiseAltFour-10         	  309273	      3884 ns/op	    1251 B/op	      30 allocs/op
BenchmarkTournament/PromiseAltFive-10         	  336236	      3575 ns/op	     782 B/op	      23 allocs/op
BenchmarkTournament/PromiseAltFive-10         	  332560	      3667 ns/op	     786 B/op	      23 allocs/op
BenchmarkTournament/PromiseAltFive-10         	  322579	      3629 ns/op	     787 B/op	      23 allocs/op
BenchmarkTournament/PromiseAltFive-10         	  320682	      3622 ns/op	     785 B/op	      23 allocs/op
BenchmarkTournament/PromiseAltFive-10         	  327202	      3647 ns/op	     787 B/op	      23 allocs/op
BenchmarkChainDepth/ChainedPromise/Depth=10-10         	  188576	      6414 ns/op	    2124 B/op	      51 allocs/op
BenchmarkChainDepth/ChainedPromise/Depth=10-10         	  186404	      6368 ns/op	    2121 B/op	      51 allocs/op
BenchmarkChainDepth/ChainedPromise/Depth=10-10         	  186663	      6396 ns/op	    2124 B/op	      51 allocs/op
BenchmarkChainDepth/ChainedPromise/Depth=10-10         	  183896	      6739 ns/op	    2124 B/op	      51 allocs/op
BenchmarkChainDepth/ChainedPromise/Depth=10-10         	  189132	      6463 ns/op	    2121 B/op	      51 allocs/op
BenchmarkChainDepth/ChainedPromise/Depth=100-10        	   41775	     28050 ns/op	   15087 B/op	     321 allocs/op
BenchmarkChainDepth/ChainedPromise/Depth=100-10        	   41806	     28745 ns/op	   15087 B/op	     321 allocs/op
BenchmarkChainDepth/ChainedPromise/Depth=100-10        	   42590	     28342 ns/op	   15087 B/op	     321 allocs/op
BenchmarkChainDepth/ChainedPromise/Depth=100-10        	   42433	     28101 ns/op	   15088 B/op	     321 allocs/op
BenchmarkChainDepth/ChainedPromise/Depth=100-10        	   42500	     28076 ns/op	   15087 B/op	     321 allocs/op
BenchmarkChainDepth/PromiseAltOne/Depth=10-10          	  226857	      5201 ns/op	    2103 B/op	      50 allocs/op
BenchmarkChainDepth/PromiseAltOne/Depth=10-10          	  236193	      5119 ns/op	    2101 B/op	      50 allocs/op
BenchmarkChainDepth/PromiseAltOne/Depth=10-10          	  221035	      5205 ns/op	    2106 B/op	      50 allocs/op
BenchmarkChainDepth/PromiseAltOne/Depth=10-10          	  233035	      5181 ns/op	    2105 B/op	      50 allocs/op
BenchmarkChainDepth/PromiseAltOne/Depth=10-10          	  228822	      5146 ns/op	    2101 B/op	      50 allocs/op
BenchmarkChainDepth/PromiseAltOne/Depth=100-10         	   64341	     18350 ns/op	   15071 B/op	     320 allocs/op
BenchmarkChainDepth/PromiseAltOne/Depth=100-10         	   63982	     20072 ns/op	   15071 B/op	     320 allocs/op
BenchmarkChainDepth/PromiseAltOne/Depth=100-10         	   67269	     20651 ns/op	   15071 B/op	     320 allocs/op
BenchmarkChainDepth/PromiseAltOne/Depth=100-10         	   64230	     18392 ns/op	   15071 B/op	     320 allocs/op
BenchmarkChainDepth/PromiseAltOne/Depth=100-10         	   65893	     18586 ns/op	   15071 B/op	     320 allocs/op
BenchmarkChainDepth/PromiseAltTwo/Depth=10-10          	  231663	      5327 ns/op	    2085 B/op	      61 allocs/op
BenchmarkChainDepth/PromiseAltTwo/Depth=10-10          	  224103	      5311 ns/op	    2086 B/op	      61 allocs/op
BenchmarkChainDepth/PromiseAltTwo/Depth=10-10          	  203073	      5951 ns/op	    2092 B/op	      61 allocs/op
BenchmarkChainDepth/PromiseAltTwo/Depth=10-10          	  229350	      5340 ns/op	    2086 B/op	      61 allocs/op
BenchmarkChainDepth/PromiseAltTwo/Depth=10-10          	  222790	      5397 ns/op	    2088 B/op	      61 allocs/op
BenchmarkChainDepth/PromiseAltTwo/Depth=100-10         	   57939	     20779 ns/op	   15055 B/op	     421 allocs/op
BenchmarkChainDepth/PromiseAltTwo/Depth=100-10         	   57783	     20696 ns/op	   15055 B/op	     421 allocs/op
BenchmarkChainDepth/PromiseAltTwo/Depth=100-10         	   56378	     21003 ns/op	   15055 B/op	     421 allocs/op
BenchmarkChainDepth/PromiseAltTwo/Depth=100-10         	   57310	     20721 ns/op	   15055 B/op	     421 allocs/op
BenchmarkChainDepth/PromiseAltTwo/Depth=100-10         	   57387	     20682 ns/op	   15055 B/op	     421 allocs/op
BenchmarkChainDepth/PromiseAltThree/Depth=10-10        	  247412	      5499 ns/op	    1741 B/op	      50 allocs/op
BenchmarkChainDepth/PromiseAltThree/Depth=10-10        	  218623	      5488 ns/op	    1736 B/op	      50 allocs/op
BenchmarkChainDepth/PromiseAltThree/Depth=10-10        	  234836	      5418 ns/op	    1736 B/op	      50 allocs/op
BenchmarkChainDepth/PromiseAltThree/Depth=10-10        	  212062	      5479 ns/op	    1736 B/op	      50 allocs/op
BenchmarkChainDepth/PromiseAltThree/Depth=10-10        	  216633	      5495 ns/op	    1739 B/op	      50 allocs/op
BenchmarkChainDepth/PromiseAltThree/Depth=100-10       	   57759	     20364 ns/op	   11889 B/op	     321 allocs/op
BenchmarkChainDepth/PromiseAltThree/Depth=100-10       	   58117	     20280 ns/op	   11889 B/op	     321 allocs/op
BenchmarkChainDepth/PromiseAltThree/Depth=100-10       	   59668	     20492 ns/op	   11888 B/op	     321 allocs/op
BenchmarkChainDepth/PromiseAltThree/Depth=100-10       	   58383	     20507 ns/op	   11890 B/op	     321 allocs/op
BenchmarkChainDepth/PromiseAltThree/Depth=100-10       	   58804	     20441 ns/op	   11890 B/op	     321 allocs/op
BenchmarkChainDepth/PromiseAltFour/Depth=10-10         	  183180	      6565 ns/op	    3984 B/op	      84 allocs/op
BenchmarkChainDepth/PromiseAltFour/Depth=10-10         	  183650	      6548 ns/op	    3986 B/op	      84 allocs/op
BenchmarkChainDepth/PromiseAltFour/Depth=10-10         	  190714	      6579 ns/op	    3985 B/op	      84 allocs/op
BenchmarkChainDepth/PromiseAltFour/Depth=10-10         	  187114	      6543 ns/op	    3985 B/op	      84 allocs/op
BenchmarkChainDepth/PromiseAltFour/Depth=10-10         	  179688	      6989 ns/op	    3985 B/op	      84 allocs/op
BenchmarkChainDepth/PromiseAltFour/Depth=100-10        	   40149	     29992 ns/op	   31352 B/op	     624 allocs/op
BenchmarkChainDepth/PromiseAltFour/Depth=100-10        	   40549	     29861 ns/op	   31352 B/op	     624 allocs/op
BenchmarkChainDepth/PromiseAltFour/Depth=100-10        	   40692	     30086 ns/op	   31352 B/op	     624 allocs/op
BenchmarkChainDepth/PromiseAltFour/Depth=100-10        	   40024	     30123 ns/op	   31352 B/op	     624 allocs/op
BenchmarkChainDepth/PromiseAltFour/Depth=100-10        	   40040	     29491 ns/op	   31352 B/op	     624 allocs/op
BenchmarkChainDepth/PromiseAltFive/Depth=10-10         	  220887	      5196 ns/op	    1938 B/op	      50 allocs/op
BenchmarkChainDepth/PromiseAltFive/Depth=10-10         	  227798	      5200 ns/op	    1939 B/op	      50 allocs/op
BenchmarkChainDepth/PromiseAltFive/Depth=10-10         	  230445	      5139 ns/op	    1934 B/op	      50 allocs/op
BenchmarkChainDepth/PromiseAltFive/Depth=10-10         	  239746	      5156 ns/op	    1937 B/op	      50 allocs/op
BenchmarkChainDepth/PromiseAltFive/Depth=10-10         	  241533	      5195 ns/op	    1936 B/op	      50 allocs/op
BenchmarkChainDepth/PromiseAltFive/Depth=100-10        	   63457	     18856 ns/op	   13463 B/op	     320 allocs/op
BenchmarkChainDepth/PromiseAltFive/Depth=100-10        	   63716	     19731 ns/op	   13463 B/op	     320 allocs/op
BenchmarkChainDepth/PromiseAltFive/Depth=100-10        	   63051	     19136 ns/op	   13463 B/op	     320 allocs/op
BenchmarkChainDepth/PromiseAltFive/Depth=100-10        	   62646	     19099 ns/op	   13463 B/op	     320 allocs/op
BenchmarkChainDepth/PromiseAltFive/Depth=100-10        	   61869	     19032 ns/op	   13463 B/op	     320 allocs/op
PASS
ok  	github.com/joeycumines/go-eventloop/internal/promisetournament	118.275s
tournament: skip=libuv:pkg-config-libuv-unavailable
tournament: complete
