tournament: schema=1
tournament: meta=head=1ec46105842e1ecb4153bbe6074eaac8fd453ba7
tournament: meta=source-state=clean
tournament: meta=go-version=go version go1.26.5 windows/amd64
tournament: meta=sample-count=5
tournament: meta=manifest-git-blob=3f4195c91a05859b3bfb2987db0898a46a7b7175
tournament: meta=goja-fork-version=
tournament: meta=goja-nodejs-version=v0.0.0-20260508000000-6add961f94bd
GOPRIVATE= GONOSUMDB=* GONOSUMCHECK=* GOWORK=off go -C C:/Users/under/AppData/Local/Temp/wsl-run-fac3e2b3-d910-4fd2-b06e-36ccdc581dac/goja-eventloop mod download
GOPRIVATE= GONOSUMDB=* GONOSUMCHECK=* GOWORK=off go -C C:/Users/under/AppData/Local/Temp/wsl-run-fac3e2b3-d910-4fd2-b06e-36ccdc581dac/goja-grpc mod download
GOPRIVATE= GONOSUMDB=* GONOSUMCHECK=* GOWORK=off go -C C:/Users/under/AppData/Local/Temp/wsl-run-fac3e2b3-d910-4fd2-b06e-36ccdc581dac/goja-protobuf mod download
GOPRIVATE= GONOSUMDB=* GONOSUMCHECK=* GOWORK=off go -C C:/Users/under/AppData/Local/Temp/wsl-run-fac3e2b3-d910-4fd2-b06e-36ccdc581dac/goja-protojson mod download
GOPRIVATE= GONOSUMDB=* GONOSUMCHECK=* GOWORK=off go -C C:/Users/under/AppData/Local/Temp/wsl-run-fac3e2b3-d910-4fd2-b06e-36ccdc581dac/eventloop mod download
GOPRIVATE= GONOSUMDB=* GONOSUMCHECK=* GOWORK=off go -C C:/Users/under/AppData/Local/Temp/wsl-run-fac3e2b3-d910-4fd2-b06e-36ccdc581dac/eventloop/internal/tournament mod download
GOPRIVATE= GONOSUMDB=* GONOSUMCHECK=* GOWORK=off go -C C:/Users/under/AppData/Local/Temp/wsl-run-fac3e2b3-d910-4fd2-b06e-36ccdc581dac/eventloop/internal/gojabaseline mod download
tournament: meta=source-fingerprint=46e1a3c3ab9fd8a28a9f57d2d2e2a8bfa1e4fa0e14785d9718eca6866cd287b3
Compiling tournament components for darwin/arm64
Compiling tournament components for darwin/amd64
Compiling tournament components for linux/arm64
Compiling tournament components for linux/amd64
Compiling tournament components for windows/arm64
Compiling tournament components for windows/amd64
Compiling tournament components for js/wasm
Compiling tournament components for wasip1/wasm
Compiling tournament components for plan9/amd64
go -C C:/Users/under/AppData/Local/Temp/wsl-run-fac3e2b3-d910-4fd2-b06e-36ccdc581dac/eventloop test  ./internal/tournamentmeta
ok  	github.com/joeycumines/go-eventloop/internal/tournamentmeta	5.858s
PYTHONDONTWRITEBYTECODE=1 python3 -m unittest \
	eventloop.docs.tournament.parse_benchmarks_test \
	eventloop.docs.tournament.protocol_identity_test \
	eventloop.docs.tournament.timer_workload_digest_test
...................................
----------------------------------------------------------------------
Ran 35 tests in 92.003s
OK
go -C C:/Users/under/AppData/Local/Temp/wsl-run-fac3e2b3-d910-4fd2-b06e-36ccdc581dac/eventloop test -count=1 -timeout=30m ./internal/...
ok  	github.com/joeycumines/go-eventloop/internal/alternateone	0.459s
ok  	github.com/joeycumines/go-eventloop/internal/alternatethree	0.474s
ok  	github.com/joeycumines/go-eventloop/internal/alternatetwo	0.430s
?   	github.com/joeycumines/go-eventloop/internal/eventlooptest	[no test files]
ok  	github.com/joeycumines/go-eventloop/internal/libuvbaseline	0.379s
ok  	github.com/joeycumines/go-eventloop/internal/promisealtfive	0.504s
ok  	github.com/joeycumines/go-eventloop/internal/promisealtfour	0.623s
ok  	github.com/joeycumines/go-eventloop/internal/promisealtone	0.517s
ok  	github.com/joeycumines/go-eventloop/internal/promisealtthree	0.418s
ok  	github.com/joeycumines/go-eventloop/internal/promisealttwo	0.417s
ok  	github.com/joeycumines/go-eventloop/internal/promisetournament	0.421s [no tests to run]
ok  	github.com/joeycumines/go-eventloop/internal/tournamentmeta	5.503s
ok  	github.com/joeycumines/go-eventloop/internal/tournamenttest	0.164s
go -C C:/Users/under/AppData/Local/Temp/wsl-run-fac3e2b3-d910-4fd2-b06e-36ccdc581dac/eventloop/internal/tournament test -count=1 -timeout=30m ./...
ok  	github.com/joeycumines/go-eventloop/internal/tournament	14.493s
ok  	github.com/joeycumines/go-eventloop/internal/tournament/component	0.491s
ok  	github.com/joeycumines/go-eventloop/internal/tournament/component/ingresschunkfree	0.617s
ok  	github.com/joeycumines/go-eventloop/internal/tournament/component/ingresssliceswap	0.622s
ok  	github.com/joeycumines/go-eventloop/internal/tournament/component/pollerarray	1.270s
ok  	github.com/joeycumines/go-eventloop/internal/tournament/component/pollerbounded	0.495s
ok  	github.com/joeycumines/go-eventloop/internal/tournament/component/pollerdynamic	0.500s
ok  	github.com/joeycumines/go-eventloop/internal/tournament/component/pollerfixed	0.514s
ok  	github.com/joeycumines/go-eventloop/internal/tournament/component/pollerfixedtoken	0.511s
ok  	github.com/joeycumines/go-eventloop/internal/tournament/component/pollermap	0.485s
ok  	github.com/joeycumines/go-eventloop/internal/tournament/component/timerbucket27	0.629s
ok  	github.com/joeycumines/go-eventloop/internal/tournament/component/timerbucketcurrent	0.631s
ok  	github.com/joeycumines/go-eventloop/internal/tournament/component/timerbucketretire	0.628s
ok  	github.com/joeycumines/go-eventloop/internal/tournament/component/timerheapdeadline	0.653s
ok  	github.com/joeycumines/go-eventloop/internal/tournament/component/timerheapdefer	0.655s
ok  	github.com/joeycumines/go-eventloop/internal/tournament/component/timerheapref	0.625s
ok  	github.com/joeycumines/go-eventloop/internal/tournament/component/timerheapstall	0.676s
ok  	github.com/joeycumines/go-eventloop/internal/tournament/component/timerrefalwayssubmit	0.487s
ok  	github.com/joeycumines/go-eventloop/internal/tournament/component/timerrefclosure0bc	0.868s
ok  	github.com/joeycumines/go-eventloop/internal/tournament/component/timerrefclosure0def	0.874s
ok  	github.com/joeycumines/go-eventloop/internal/tournament/component/timerrefclosure802	0.880s
ok  	github.com/joeycumines/go-eventloop/internal/tournament/component/timerrefclosureawake	0.658s
ok  	github.com/joeycumines/go-eventloop/internal/tournament/component/timerrefclosureb77	82.820s
ok  	github.com/joeycumines/go-eventloop/internal/tournament/component/timerrefclosurecc	82.803s
ok  	github.com/joeycumines/go-eventloop/internal/tournament/component/timerrefclosuregated	0.649s
ok  	github.com/joeycumines/go-eventloop/internal/tournament/component/timerrefclosuresimple	0.637s
ok  	github.com/joeycumines/go-eventloop/internal/tournament/component/timerrefint32	0.630s
ok  	github.com/joeycumines/go-eventloop/internal/tournament/component/timerrefint64	0.630s
ok  	github.com/joeycumines/go-eventloop/internal/tournament/component/timerrefownersubmit	0.506s
ok  	github.com/joeycumines/go-eventloop/internal/tournament/component/timerrefrwmutex	0.616s
ok  	github.com/joeycumines/go-eventloop/internal/tournament/component/timerrefsyncmap	0.533s
ok  	github.com/joeycumines/go-eventloop/internal/tournament/component/timervalueone	0.386s
ok  	github.com/joeycumines/go-eventloop/internal/tournament/component/timervaluethree	0.401s
eventloop: lane=product
go -C C:/Users/under/AppData/Local/Temp/wsl-run-fac3e2b3-d910-4fd2-b06e-36ccdc581dac/eventloop test -bench='^Benchmark(AutoExitImmediate|AutoExitImmediateCancelableContext|ConcurrentSubmissionWakeIntegration|EventTargetDispatchEmptyReusedEvent|EventTargetDispatchFreshEvent|EventTargetDispatchParallelDistinctEvents|EventTargetDispatchParallelDistinctEventsControl|EventTargetDispatchReusedEvent|EventTargetListenerConstruction|EventTargetListenerRegistrationWithLiveSet|FDReadinessDispatchHighCount|FDReadinessDispatchSingle|IdleWakeRecoveryTurnCost|JSAdapterRegistrationLiveSet|LargeDeadlineList|MetricsCollection|MetricsHotPath|MetricsHotPathSnapshot|MicrotaskLatency|MicrotaskScheduleExternal|MicrotaskScheduleLoopThread|MixedWorkload|NextTickRecursiveDrain|NextTickScheduleExternal|NextTickScheduleLoopThread|NoMetrics|PromiseAllFixedArityEndToEnd|PromiseAllSettledFixedArityEndToEnd|PromiseAnyFixedArityEndToEnd|PromiseCreation|PromiseDepthThreeEndToEnd|PromiseRaceFixedArityEndToEnd|PromiseReactionEndToEnd|PromiseSettleNoHandler|PromisifyCompletionEndToEnd|RetentionBoundary|RetentionPostBurstSteady|RetentionPublicSubmissionTerminal|RetentionWarmedSteady|SchedulerInternalExternalBurst|SchedulerPriorityLatency|SetImmediateBurst|SetIntervalSteadyTicks|SparseFDRegistration|SubmitInternalChainHandoff|SubmitLatency|TimerCancelScale|TimerLatency|TimerScheduleRandomDeadlines|TimerScheduleSameDeadline100K)$' -benchmem -count=5 -run='^$' -benchtime=1s -timeout=30m .
goos: windows
goarch: amd64
pkg: github.com/joeycumines/go-eventloop
cpu: Intel(R) Core(TM) i9-9900K CPU @ 3.60GHz
BenchmarkAutoExitImmediate-16                                   	  217674	      5342 ns/op	   11194 B/op	      33 allocs/op
BenchmarkAutoExitImmediate-16                                   	  223261	      5531 ns/op	   11192 B/op	      33 allocs/op
BenchmarkAutoExitImmediate-16                                   	  227816	      5425 ns/op	   11192 B/op	      33 allocs/op
BenchmarkAutoExitImmediate-16                                   	  211395	      5648 ns/op	   11192 B/op	      33 allocs/op
BenchmarkAutoExitImmediate-16                                   	  191962	      5391 ns/op	   11192 B/op	      33 allocs/op
BenchmarkAutoExitImmediateCancelableContext-16                  	  181982	      5666 ns/op	   11193 B/op	      33 allocs/op
BenchmarkAutoExitImmediateCancelableContext-16                  	  227774	      5710 ns/op	   11193 B/op	      33 allocs/op
BenchmarkAutoExitImmediateCancelableContext-16                  	  226268	      5686 ns/op	   11192 B/op	      33 allocs/op
BenchmarkAutoExitImmediateCancelableContext-16                  	  219507	      5594 ns/op	   11192 B/op	      33 allocs/op
BenchmarkAutoExitImmediateCancelableContext-16                  	  229944	      5848 ns/op	   11193 B/op	      33 allocs/op
BenchmarkEventTargetDispatchReusedEvent-16                      	13643604	        87.84 ns/op	       0 B/op	       0 allocs/op
BenchmarkEventTargetDispatchReusedEvent-16                      	13649407	        88.19 ns/op	       0 B/op	       0 allocs/op
BenchmarkEventTargetDispatchReusedEvent-16                      	13398554	        88.28 ns/op	       0 B/op	       0 allocs/op
BenchmarkEventTargetDispatchReusedEvent-16                      	13617808	        88.10 ns/op	       0 B/op	       0 allocs/op
BenchmarkEventTargetDispatchReusedEvent-16                      	13648724	        88.01 ns/op	       0 B/op	       0 allocs/op
BenchmarkEventTargetDispatchFreshEvent-16                       	10627641	       117.9 ns/op	      48 B/op	       1 allocs/op
BenchmarkEventTargetDispatchFreshEvent-16                       	10715462	       116.9 ns/op	      48 B/op	       1 allocs/op
BenchmarkEventTargetDispatchFreshEvent-16                       	10940649	       113.3 ns/op	      48 B/op	       1 allocs/op
BenchmarkEventTargetDispatchFreshEvent-16                       	10900221	       112.5 ns/op	      48 B/op	       1 allocs/op
BenchmarkEventTargetDispatchFreshEvent-16                       	10257199	       116.2 ns/op	      48 B/op	       1 allocs/op
BenchmarkEventTargetDispatchEmptyReusedEvent-16                 	26190979	        45.03 ns/op	       0 B/op	       0 allocs/op
BenchmarkEventTargetDispatchEmptyReusedEvent-16                 	26704586	        44.27 ns/op	       0 B/op	       0 allocs/op
BenchmarkEventTargetDispatchEmptyReusedEvent-16                 	26326238	        44.28 ns/op	       0 B/op	       0 allocs/op
BenchmarkEventTargetDispatchEmptyReusedEvent-16                 	26660742	        45.22 ns/op	       0 B/op	       0 allocs/op
BenchmarkEventTargetDispatchEmptyReusedEvent-16                 	26240404	        44.91 ns/op	       0 B/op	       0 allocs/op
BenchmarkEventTargetDispatchParallelDistinctEvents-16           	 3572104	       344.8 ns/op	       0 B/op	       0 allocs/op
BenchmarkEventTargetDispatchParallelDistinctEvents-16           	 3407865	       349.0 ns/op	       0 B/op	       0 allocs/op
BenchmarkEventTargetDispatchParallelDistinctEvents-16           	 3545169	       302.4 ns/op	       0 B/op	       0 allocs/op
BenchmarkEventTargetDispatchParallelDistinctEvents-16           	 3461098	       371.8 ns/op	       0 B/op	       0 allocs/op
BenchmarkEventTargetDispatchParallelDistinctEvents-16           	 3292041	       366.9 ns/op	       0 B/op	       0 allocs/op
BenchmarkEventTargetDispatchParallelDistinctEventsControl-16    	 2324696	       518.8 ns/op	       0 B/op	       0 allocs/op
BenchmarkEventTargetDispatchParallelDistinctEventsControl-16    	 2369349	       515.7 ns/op	       0 B/op	       0 allocs/op
BenchmarkEventTargetDispatchParallelDistinctEventsControl-16    	 2301910	       520.4 ns/op	       0 B/op	       0 allocs/op
BenchmarkEventTargetDispatchParallelDistinctEventsControl-16    	 2295640	       516.1 ns/op	       0 B/op	       0 allocs/op
BenchmarkEventTargetDispatchParallelDistinctEventsControl-16    	 2363816	       512.2 ns/op	       0 B/op	       0 allocs/op
BenchmarkEventTargetListenerRegistrationWithLiveSet/0-16        	 8203354	       128.2 ns/op	      32 B/op	       2 allocs/op
BenchmarkEventTargetListenerRegistrationWithLiveSet/0-16        	 9505123	       127.2 ns/op	      32 B/op	       2 allocs/op
BenchmarkEventTargetListenerRegistrationWithLiveSet/0-16        	 9322610	       125.9 ns/op	      32 B/op	       2 allocs/op
BenchmarkEventTargetListenerRegistrationWithLiveSet/0-16        	 9519601	       126.9 ns/op	      32 B/op	       2 allocs/op
BenchmarkEventTargetListenerRegistrationWithLiveSet/0-16        	 8975156	       127.3 ns/op	      32 B/op	       2 allocs/op
BenchmarkEventTargetListenerRegistrationWithLiveSet/100-16      	 9951973	       120.7 ns/op	      32 B/op	       2 allocs/op
BenchmarkEventTargetListenerRegistrationWithLiveSet/100-16      	 9941527	       120.7 ns/op	      32 B/op	       2 allocs/op
BenchmarkEventTargetListenerRegistrationWithLiveSet/100-16      	 9892950	       121.6 ns/op	      32 B/op	       2 allocs/op
BenchmarkEventTargetListenerRegistrationWithLiveSet/100-16      	 9942745	       121.8 ns/op	      32 B/op	       2 allocs/op
BenchmarkEventTargetListenerRegistrationWithLiveSet/100-16      	 9878136	       121.4 ns/op	      32 B/op	       2 allocs/op
BenchmarkEventTargetListenerRegistrationWithLiveSet/1000-16     	 9920092	       121.2 ns/op	      32 B/op	       2 allocs/op
BenchmarkEventTargetListenerRegistrationWithLiveSet/1000-16     	 9412458	       125.6 ns/op	      32 B/op	       2 allocs/op
BenchmarkEventTargetListenerRegistrationWithLiveSet/1000-16     	 9921675	       122.3 ns/op	      32 B/op	       2 allocs/op
BenchmarkEventTargetListenerRegistrationWithLiveSet/1000-16     	 9959299	       122.4 ns/op	      32 B/op	       2 allocs/op
BenchmarkEventTargetListenerRegistrationWithLiveSet/1000-16     	 9968763	       121.7 ns/op	      32 B/op	       2 allocs/op
BenchmarkEventTargetListenerRegistrationWithLiveSet/10000-16    	 9876859	       125.8 ns/op	      32 B/op	       2 allocs/op
BenchmarkEventTargetListenerRegistrationWithLiveSet/10000-16    	 9783044	       126.1 ns/op	      32 B/op	       2 allocs/op
BenchmarkEventTargetListenerRegistrationWithLiveSet/10000-16    	 8573865	       127.7 ns/op	      32 B/op	       2 allocs/op
BenchmarkEventTargetListenerRegistrationWithLiveSet/10000-16    	 9439832	       125.0 ns/op	      32 B/op	       2 allocs/op
BenchmarkEventTargetListenerRegistrationWithLiveSet/10000-16    	 9783355	       123.4 ns/op	      32 B/op	       2 allocs/op
BenchmarkEventTargetListenerConstruction/100-16                 	  175677	      7192 ns/op	    4584 B/op	     138 allocs/op
BenchmarkEventTargetListenerConstruction/100-16                 	  139598	      7254 ns/op	    4584 B/op	     138 allocs/op
BenchmarkEventTargetListenerConstruction/100-16                 	  177066	      7307 ns/op	    4584 B/op	     138 allocs/op
BenchmarkEventTargetListenerConstruction/100-16                 	  175828	      6942 ns/op	    4584 B/op	     138 allocs/op
BenchmarkEventTargetListenerConstruction/100-16                 	  160659	      7435 ns/op	    4584 B/op	     138 allocs/op
BenchmarkEventTargetListenerConstruction/1000-16                	   18956	     64702 ns/op	   39624 B/op	    1059 allocs/op
BenchmarkEventTargetListenerConstruction/1000-16                	   19124	     62429 ns/op	   39624 B/op	    1059 allocs/op
BenchmarkEventTargetListenerConstruction/1000-16                	   18525	     63879 ns/op	   39624 B/op	    1059 allocs/op
BenchmarkEventTargetListenerConstruction/1000-16                	   19203	     61224 ns/op	   39624 B/op	    1059 allocs/op
BenchmarkEventTargetListenerConstruction/1000-16                	   19226	     62294 ns/op	   39624 B/op	    1059 allocs/op
BenchmarkEventTargetListenerConstruction/5000-16                	    3836	    332261 ns/op	  243144 B/op	    5080 allocs/op
BenchmarkEventTargetListenerConstruction/5000-16                	    3985	    334093 ns/op	  243144 B/op	    5080 allocs/op
BenchmarkEventTargetListenerConstruction/5000-16                	    3979	    342904 ns/op	  243144 B/op	    5080 allocs/op
BenchmarkEventTargetListenerConstruction/5000-16                	    3918	    313901 ns/op	  243144 B/op	    5080 allocs/op
BenchmarkEventTargetListenerConstruction/5000-16                	    3898	    344783 ns/op	  243144 B/op	    5080 allocs/op
BenchmarkEventTargetListenerConstruction/10000-16               	    1980	    687659 ns/op	  449160 B/op	   10087 allocs/op
BenchmarkEventTargetListenerConstruction/10000-16               	    1800	    702350 ns/op	  449160 B/op	   10087 allocs/op
BenchmarkEventTargetListenerConstruction/10000-16               	    1966	    662317 ns/op	  449160 B/op	   10087 allocs/op
BenchmarkEventTargetListenerConstruction/10000-16               	    1970	    676651 ns/op	  449160 B/op	   10087 allocs/op
BenchmarkEventTargetListenerConstruction/10000-16               	    1963	    666989 ns/op	  449160 B/op	   10087 allocs/op
BenchmarkJSAdapterRegistrationLiveSet/64-16                     	 1446478	       831.3 ns/op	     904 B/op	      13 allocs/op
BenchmarkJSAdapterRegistrationLiveSet/64-16                     	 1450957	       828.1 ns/op	     904 B/op	      13 allocs/op
BenchmarkJSAdapterRegistrationLiveSet/64-16                     	 1452942	       834.2 ns/op	     904 B/op	      13 allocs/op
BenchmarkJSAdapterRegistrationLiveSet/64-16                     	 1443127	       826.3 ns/op	     904 B/op	      13 allocs/op
BenchmarkJSAdapterRegistrationLiveSet/64-16                     	 1423718	       835.0 ns/op	     904 B/op	      13 allocs/op
BenchmarkJSAdapterRegistrationLiveSet/1024-16                   	 1501602	       736.7 ns/op	     904 B/op	      13 allocs/op
BenchmarkJSAdapterRegistrationLiveSet/1024-16                   	 1630224	       734.1 ns/op	     904 B/op	      13 allocs/op
BenchmarkJSAdapterRegistrationLiveSet/1024-16                   	 1645192	       729.4 ns/op	     904 B/op	      13 allocs/op
BenchmarkJSAdapterRegistrationLiveSet/1024-16                   	 1634786	       742.2 ns/op	     904 B/op	      13 allocs/op
BenchmarkJSAdapterRegistrationLiveSet/1024-16                   	 1659284	       747.0 ns/op	     904 B/op	      13 allocs/op
BenchmarkMetricsCollection-16                                   	 1286757	       934.5 ns/op	       0 B/op	       0 allocs/op
BenchmarkMetricsCollection-16                                   	 1313790	       892.7 ns/op	       0 B/op	       0 allocs/op
BenchmarkMetricsCollection-16                                   	 1307017	       910.7 ns/op	       0 B/op	       0 allocs/op
BenchmarkMetricsCollection-16                                   	 1305147	       928.8 ns/op	       0 B/op	       0 allocs/op
BenchmarkMetricsCollection-16                                   	 1311732	       901.8 ns/op	       0 B/op	       0 allocs/op
BenchmarkNoMetrics-16                                           	 2204077	       545.0 ns/op	       0 B/op	       0 allocs/op
BenchmarkNoMetrics-16                                           	 2228229	       539.9 ns/op	       0 B/op	       0 allocs/op
BenchmarkNoMetrics-16                                           	 2244477	       536.3 ns/op	       0 B/op	       0 allocs/op
BenchmarkNoMetrics-16                                           	 2186440	       553.7 ns/op	       0 B/op	       0 allocs/op
BenchmarkNoMetrics-16                                           	 2241652	       544.1 ns/op	       0 B/op	       0 allocs/op
BenchmarkPromiseCreation-16                                     	13428255	       119.4 ns/op	      96 B/op	       3 allocs/op
BenchmarkPromiseCreation-16                                     	12146854	       110.8 ns/op	      96 B/op	       3 allocs/op
BenchmarkPromiseCreation-16                                     	11445411	       114.1 ns/op	      96 B/op	       3 allocs/op
BenchmarkPromiseCreation-16                                     	11665275	       114.5 ns/op	      96 B/op	       3 allocs/op
BenchmarkPromiseCreation-16                                     	 9395360	       124.0 ns/op	      96 B/op	       3 allocs/op
BenchmarkPromiseSettleNoHandler-16                              	 7075705	       152.5 ns/op	      96 B/op	       3 allocs/op
BenchmarkPromiseSettleNoHandler-16                              	 9329721	       144.1 ns/op	      96 B/op	       3 allocs/op
BenchmarkPromiseSettleNoHandler-16                              	 8632372	       146.1 ns/op	      96 B/op	       3 allocs/op
BenchmarkPromiseSettleNoHandler-16                              	 7434496	       134.5 ns/op	      96 B/op	       3 allocs/op
BenchmarkPromiseSettleNoHandler-16                              	 7825490	       141.0 ns/op	      96 B/op	       3 allocs/op
BenchmarkPromiseReactionEndToEnd-16                             	  196764	      6301 ns/op	     598 B/op	      18 allocs/op
BenchmarkPromiseReactionEndToEnd-16                             	  185779	      6147 ns/op	     598 B/op	      18 allocs/op
BenchmarkPromiseReactionEndToEnd-16                             	  200248	      5920 ns/op	     602 B/op	      18 allocs/op
BenchmarkPromiseReactionEndToEnd-16                             	  201698	      5992 ns/op	     601 B/op	      18 allocs/op
BenchmarkPromiseReactionEndToEnd-16                             	  199714	      5950 ns/op	     603 B/op	      18 allocs/op
BenchmarkPromiseDepthThreeEndToEnd-16                           	  167875	      6963 ns/op	     880 B/op	      23 allocs/op
BenchmarkPromiseDepthThreeEndToEnd-16                           	  164880	      7234 ns/op	     875 B/op	      22 allocs/op
BenchmarkPromiseDepthThreeEndToEnd-16                           	  162830	      7372 ns/op	     878 B/op	      22 allocs/op
BenchmarkPromiseDepthThreeEndToEnd-16                           	  165586	      7330 ns/op	     876 B/op	      22 allocs/op
BenchmarkPromiseDepthThreeEndToEnd-16                           	  175542	      7233 ns/op	     876 B/op	      22 allocs/op
BenchmarkPromiseAllFixedArityEndToEnd-16                        	  109417	     10944 ns/op	    2128 B/op	      52 allocs/op
BenchmarkPromiseAllFixedArityEndToEnd-16                        	  106255	     10784 ns/op	    2128 B/op	      52 allocs/op
BenchmarkPromiseAllFixedArityEndToEnd-16                        	  110344	     10845 ns/op	    2128 B/op	      52 allocs/op
BenchmarkPromiseAllFixedArityEndToEnd-16                        	  113288	     10921 ns/op	    2128 B/op	      52 allocs/op
BenchmarkPromiseAllFixedArityEndToEnd-16                        	  110070	     10979 ns/op	    2128 B/op	      52 allocs/op
BenchmarkPromiseRaceFixedArityEndToEnd-16                       	  106767	     11117 ns/op	    1672 B/op	      48 allocs/op
BenchmarkPromiseRaceFixedArityEndToEnd-16                       	  108717	     11071 ns/op	    1672 B/op	      48 allocs/op
BenchmarkPromiseRaceFixedArityEndToEnd-16                       	  109621	     11094 ns/op	    1672 B/op	      48 allocs/op
BenchmarkPromiseRaceFixedArityEndToEnd-16                       	  109776	     11080 ns/op	    1672 B/op	      48 allocs/op
BenchmarkPromiseRaceFixedArityEndToEnd-16                       	  108548	     11031 ns/op	    1672 B/op	      48 allocs/op
BenchmarkPromiseAllSettledFixedArityEndToEnd-16                 	   97737	     12533 ns/op	    3792 B/op	      60 allocs/op
BenchmarkPromiseAllSettledFixedArityEndToEnd-16                 	   97484	     12701 ns/op	    3792 B/op	      60 allocs/op
BenchmarkPromiseAllSettledFixedArityEndToEnd-16                 	   91450	     12563 ns/op	    3792 B/op	      60 allocs/op
BenchmarkPromiseAllSettledFixedArityEndToEnd-16                 	   87261	     13097 ns/op	    3793 B/op	      60 allocs/op
BenchmarkPromiseAllSettledFixedArityEndToEnd-16                 	   96987	     12874 ns/op	    3793 B/op	      60 allocs/op
BenchmarkPromiseAnyFixedArityEndToEnd-16                        	  105319	     11509 ns/op	    2105 B/op	      51 allocs/op
BenchmarkPromiseAnyFixedArityEndToEnd-16                        	  110564	     11102 ns/op	    2104 B/op	      51 allocs/op
BenchmarkPromiseAnyFixedArityEndToEnd-16                        	  106866	     11183 ns/op	    2104 B/op	      51 allocs/op
BenchmarkPromiseAnyFixedArityEndToEnd-16                        	  108489	     11270 ns/op	    2104 B/op	      51 allocs/op
BenchmarkPromiseAnyFixedArityEndToEnd-16                        	  106708	     11400 ns/op	    2104 B/op	      51 allocs/op
BenchmarkPromisifyCompletionEndToEnd-16                         	  181808	      6755 ns/op	     459 B/op	       9 allocs/op
BenchmarkPromisifyCompletionEndToEnd-16                         	  156456	      6832 ns/op	     474 B/op	       9 allocs/op
BenchmarkPromisifyCompletionEndToEnd-16                         	  181074	      6749 ns/op	     459 B/op	       9 allocs/op
BenchmarkPromisifyCompletionEndToEnd-16                         	  187154	      6707 ns/op	     456 B/op	       9 allocs/op
BenchmarkPromisifyCompletionEndToEnd-16                         	  184418	      6729 ns/op	     458 B/op	       9 allocs/op
BenchmarkSchedulerPriorityLatency-16                            	   21198	     56924 ns/op	         0 externals_before_internal/op	      3221 priority_latency_ns/op	    2096 B/op	      71 allocs/op
BenchmarkSchedulerPriorityLatency-16                            	   20992	     57795 ns/op	         0 externals_before_internal/op	      3887 priority_latency_ns/op	    2096 B/op	      71 allocs/op
BenchmarkSchedulerPriorityLatency-16                            	   20877	     56762 ns/op	         0 externals_before_internal/op	      5561 priority_latency_ns/op	    2096 B/op	      71 allocs/op
BenchmarkSchedulerPriorityLatency-16                            	   20368	     58080 ns/op	         0 externals_before_internal/op	      5233 priority_latency_ns/op	    2096 B/op	      71 allocs/op
BenchmarkSchedulerPriorityLatency-16                            	   20275	     56452 ns/op	         0 externals_before_internal/op	      5865 priority_latency_ns/op	    2096 B/op	      71 allocs/op
BenchmarkSubmitInternalChainHandoff-16                          	   36904	     32675 ns/op	        32.00 handoffs/op	     784 B/op	      33 allocs/op
BenchmarkSubmitInternalChainHandoff-16                          	   37390	     32542 ns/op	        32.00 handoffs/op	     784 B/op	      33 allocs/op
BenchmarkSubmitInternalChainHandoff-16                          	   37243	     31991 ns/op	        32.00 handoffs/op	     784 B/op	      33 allocs/op
BenchmarkSubmitInternalChainHandoff-16                          	   37737	     32048 ns/op	        32.00 handoffs/op	     784 B/op	      33 allocs/op
BenchmarkSubmitInternalChainHandoff-16                          	   37394	     32498 ns/op	        32.00 handoffs/op	     784 B/op	      33 allocs/op
BenchmarkSchedulerInternalExternalBurst-16                      	  322582	      3969 ns/op	      32 B/op	       2 allocs/op
BenchmarkSchedulerInternalExternalBurst-16                      	  354813	      3862 ns/op	      32 B/op	       2 allocs/op
BenchmarkSchedulerInternalExternalBurst-16                      	  296992	      3860 ns/op	      32 B/op	       2 allocs/op
BenchmarkSchedulerInternalExternalBurst-16                      	  368808	      3840 ns/op	      32 B/op	       2 allocs/op
BenchmarkSchedulerInternalExternalBurst-16                      	  350275	      4066 ns/op	      32 B/op	       2 allocs/op
BenchmarkRetentionWarmedSteady/function-queue-16                	171997538	         6.991 ns/op	       0 B/op	       0 allocs/op
BenchmarkRetentionWarmedSteady/function-queue-16                	172866225	         7.132 ns/op	       0 B/op	       0 allocs/op
BenchmarkRetentionWarmedSteady/function-queue-16                	172519362	         7.004 ns/op	       0 B/op	       0 allocs/op
BenchmarkRetentionWarmedSteady/function-queue-16                	172970877	         6.946 ns/op	       0 B/op	       0 allocs/op
BenchmarkRetentionWarmedSteady/function-queue-16                	170594266	         6.963 ns/op	       0 B/op	       0 allocs/op
BenchmarkRetentionWarmedSteady/command-ingress-16               	75727456	        16.02 ns/op	       0 B/op	       0 allocs/op
BenchmarkRetentionWarmedSteady/command-ingress-16               	75028604	        15.94 ns/op	       0 B/op	       0 allocs/op
BenchmarkRetentionWarmedSteady/command-ingress-16               	76415598	        15.93 ns/op	       0 B/op	       0 allocs/op
BenchmarkRetentionWarmedSteady/command-ingress-16               	69758924	        16.13 ns/op	       0 B/op	       0 allocs/op
BenchmarkRetentionWarmedSteady/command-ingress-16               	75518242	        15.94 ns/op	       0 B/op	       0 allocs/op
BenchmarkRetentionWarmedSteady/owner-check-16                   	200099782	         5.958 ns/op	       0 B/op	       0 allocs/op
BenchmarkRetentionWarmedSteady/owner-check-16                   	199021443	         5.987 ns/op	       0 B/op	       0 allocs/op
BenchmarkRetentionWarmedSteady/owner-check-16                   	199567105	         6.006 ns/op	       0 B/op	       0 allocs/op
BenchmarkRetentionWarmedSteady/owner-check-16                   	203310332	         5.991 ns/op	       0 B/op	       0 allocs/op
BenchmarkRetentionWarmedSteady/owner-check-16                   	202817848	         6.027 ns/op	       0 B/op	       0 allocs/op
BenchmarkRetentionWarmedSteady/mixed-check-16                   	25155122	        48.24 ns/op	       0 B/op	       0 allocs/op
BenchmarkRetentionWarmedSteady/mixed-check-16                   	24549164	        48.29 ns/op	       0 B/op	       0 allocs/op
BenchmarkRetentionWarmedSteady/mixed-check-16                   	25036093	        48.52 ns/op	       0 B/op	       0 allocs/op
BenchmarkRetentionWarmedSteady/mixed-check-16                   	25160239	        48.16 ns/op	       0 B/op	       0 allocs/op
BenchmarkRetentionWarmedSteady/mixed-check-16                   	24998281	        48.16 ns/op	       0 B/op	       0 allocs/op
BenchmarkRetentionBoundary/function-queue-16                    	   49406	     22111 ns/op	         0 retained-B	   48248 B/op	      13 allocs/op
BenchmarkRetentionBoundary/function-queue-16                    	   59220	     20251 ns/op	         0 retained-B	   48248 B/op	      13 allocs/op
BenchmarkRetentionBoundary/function-queue-16                    	   60406	     22188 ns/op	         0 retained-B	   48248 B/op	      13 allocs/op
BenchmarkRetentionBoundary/function-queue-16                    	   75243	     22630 ns/op	         0 retained-B	   48248 B/op	      13 allocs/op
BenchmarkRetentionBoundary/function-queue-16                    	   51878	     20725 ns/op	         0 retained-B	   48248 B/op	      13 allocs/op
BenchmarkRetentionBoundary/command-ingress-16                   	  111061	     15500 ns/op	         0 retained-B	   49008 B/op	       9 allocs/op
BenchmarkRetentionBoundary/command-ingress-16                   	   86246	     14661 ns/op	         0 retained-B	   49008 B/op	       9 allocs/op
BenchmarkRetentionBoundary/command-ingress-16                   	   66410	     17491 ns/op	         0 retained-B	   49008 B/op	       9 allocs/op
BenchmarkRetentionBoundary/command-ingress-16                   	   81096	     16952 ns/op	         0 retained-B	   49008 B/op	       9 allocs/op
BenchmarkRetentionBoundary/command-ingress-16                   	   70252	     16204 ns/op	         0 retained-B	   49008 B/op	       9 allocs/op
BenchmarkRetentionBoundary/owner-check-16                       	   57391	     22947 ns/op	         0 retained-B	   59368 B/op	      11 allocs/op
BenchmarkRetentionBoundary/owner-check-16                       	   53260	     21760 ns/op	         0 retained-B	   59368 B/op	      11 allocs/op
BenchmarkRetentionBoundary/owner-check-16                       	   70750	     19629 ns/op	         0 retained-B	   59368 B/op	      11 allocs/op
BenchmarkRetentionBoundary/owner-check-16                       	   90690	     19848 ns/op	         0 retained-B	   59368 B/op	      11 allocs/op
BenchmarkRetentionBoundary/owner-check-16                       	   66286	     18940 ns/op	         0 retained-B	   59368 B/op	      11 allocs/op
BenchmarkRetentionBoundary/registry-16                          	    1148	    931948 ns/op	  850238 B/op	     113 allocs/op
BenchmarkRetentionBoundary/registry-16                          	    1348	    933612 ns/op	  850241 B/op	     113 allocs/op
BenchmarkRetentionBoundary/registry-16                          	    1264	    963893 ns/op	  850239 B/op	     113 allocs/op
BenchmarkRetentionBoundary/registry-16                          	    1303	    960924 ns/op	  850242 B/op	     113 allocs/op
BenchmarkRetentionBoundary/registry-16                          	    1333	    931950 ns/op	  850241 B/op	     113 allocs/op
BenchmarkRetentionPostBurstSteady/function-queue-16             	162937744	         7.221 ns/op	       0 B/op	       0 allocs/op
BenchmarkRetentionPostBurstSteady/function-queue-16             	163636951	         7.268 ns/op	       0 B/op	       0 allocs/op
BenchmarkRetentionPostBurstSteady/function-queue-16             	164770478	         7.210 ns/op	       0 B/op	       0 allocs/op
BenchmarkRetentionPostBurstSteady/function-queue-16             	164298126	         7.233 ns/op	       0 B/op	       0 allocs/op
BenchmarkRetentionPostBurstSteady/function-queue-16             	164596183	         7.196 ns/op	       0 B/op	       0 allocs/op
BenchmarkRetentionPostBurstSteady/command-ingress-16            	76516460	        15.67 ns/op	       0 B/op	       0 allocs/op
BenchmarkRetentionPostBurstSteady/command-ingress-16            	75260116	        15.65 ns/op	       0 B/op	       0 allocs/op
BenchmarkRetentionPostBurstSteady/command-ingress-16            	75417624	        15.82 ns/op	       0 B/op	       0 allocs/op
BenchmarkRetentionPostBurstSteady/command-ingress-16            	76824583	        15.87 ns/op	       0 B/op	       0 allocs/op
BenchmarkRetentionPostBurstSteady/command-ingress-16            	73931230	        15.56 ns/op	       0 B/op	       0 allocs/op
BenchmarkRetentionPostBurstSteady/owner-check-16                	202360296	         5.977 ns/op	       0 B/op	       0 allocs/op
BenchmarkRetentionPostBurstSteady/owner-check-16                	201532452	         5.964 ns/op	       0 B/op	       0 allocs/op
BenchmarkRetentionPostBurstSteady/owner-check-16                	198886269	         5.961 ns/op	       0 B/op	       0 allocs/op
BenchmarkRetentionPostBurstSteady/owner-check-16                	198211668	         5.952 ns/op	       0 B/op	       0 allocs/op
BenchmarkRetentionPostBurstSteady/owner-check-16                	199082031	         6.002 ns/op	       0 B/op	       0 allocs/op
BenchmarkRetentionPostBurstSteady/registry-16                   	41716348	        26.61 ns/op	       0 B/op	       0 allocs/op
BenchmarkRetentionPostBurstSteady/registry-16                   	45226527	        26.48 ns/op	       0 B/op	       0 allocs/op
BenchmarkRetentionPostBurstSteady/registry-16                   	44615802	        26.47 ns/op	       0 B/op	       0 allocs/op
BenchmarkRetentionPostBurstSteady/registry-16                   	45623906	        31.04 ns/op	       0 B/op	       0 allocs/op
BenchmarkRetentionPostBurstSteady/registry-16                   	45667312	        26.24 ns/op	       0 B/op	       0 allocs/op
BenchmarkRetentionPublicSubmissionTerminal-16                   	    7604	    132231 ns/op	       187.0 callbacks/op	         0 retained-B/op	   65115 B/op	      58 allocs/op
BenchmarkRetentionPublicSubmissionTerminal-16                   	    8780	    133404 ns/op	       187.0 callbacks/op	         0 retained-B/op	   65114 B/op	      58 allocs/op
BenchmarkRetentionPublicSubmissionTerminal-16                   	    8734	    141096 ns/op	       187.0 callbacks/op	         0 retained-B/op	   65114 B/op	      58 allocs/op
BenchmarkRetentionPublicSubmissionTerminal-16                   	    8440	    135619 ns/op	       187.0 callbacks/op	         0 retained-B/op	   65113 B/op	      58 allocs/op
BenchmarkRetentionPublicSubmissionTerminal-16                   	    8786	    135832 ns/op	       187.0 callbacks/op	         0 retained-B/op	   65113 B/op	      58 allocs/op
BenchmarkSubmitLatency-16                                       	  526410	      2912 ns/op	      16 B/op	       1 allocs/op
BenchmarkSubmitLatency-16                                       	  447104	      2854 ns/op	      16 B/op	       1 allocs/op
BenchmarkSubmitLatency-16                                       	  468828	      2815 ns/op	      16 B/op	       1 allocs/op
BenchmarkSubmitLatency-16                                       	  448609	      2484 ns/op	      16 B/op	       1 allocs/op
BenchmarkSubmitLatency-16                                       	  471100	      2718 ns/op	      16 B/op	       1 allocs/op
BenchmarkMicrotaskLatency-16                                    	  288627	      3721 ns/op	     204 B/op	       8 allocs/op
BenchmarkMicrotaskLatency-16                                    	  295248	      3782 ns/op	     193 B/op	       8 allocs/op
BenchmarkMicrotaskLatency-16                                    	  276218	      3884 ns/op	     223 B/op	       9 allocs/op
BenchmarkMicrotaskLatency-16                                    	  285349	      3832 ns/op	     219 B/op	       9 allocs/op
BenchmarkMicrotaskLatency-16                                    	  315080	      3854 ns/op	     220 B/op	       9 allocs/op
BenchmarkTimerLatency-16                                        	  277155	      3675 ns/op	     128 B/op	       2 allocs/op
BenchmarkTimerLatency-16                                        	  293491	      3695 ns/op	     128 B/op	       2 allocs/op
BenchmarkTimerLatency-16                                        	  333571	      3793 ns/op	     128 B/op	       2 allocs/op
BenchmarkTimerLatency-16                                        	  315489	      3849 ns/op	     128 B/op	       2 allocs/op
BenchmarkTimerLatency-16                                        	  305697	      3741 ns/op	     128 B/op	       2 allocs/op
BenchmarkMixedWorkload-16                                       	 1874766	       620.5 ns/op	     105 B/op	       1 allocs/op
BenchmarkMixedWorkload-16                                       	 1924254	       626.1 ns/op	     106 B/op	       1 allocs/op
BenchmarkMixedWorkload-16                                       	 1979456	       629.6 ns/op	     108 B/op	       1 allocs/op
BenchmarkMixedWorkload-16                                       	 1960849	       627.9 ns/op	     107 B/op	       1 allocs/op
BenchmarkMixedWorkload-16                                       	 1969250	       627.0 ns/op	     111 B/op	       1 allocs/op
BenchmarkLargeDeadlineList-16                                   	  299826	      3766 ns/op	     240 B/op	       3 allocs/op
BenchmarkLargeDeadlineList-16                                   	  302151	      4060 ns/op	     240 B/op	       3 allocs/op
BenchmarkLargeDeadlineList-16                                   	  284158	      4220 ns/op	     240 B/op	       3 allocs/op
BenchmarkLargeDeadlineList-16                                   	  257708	      4252 ns/op	     240 B/op	       3 allocs/op
BenchmarkLargeDeadlineList-16                                   	  285782	      4213 ns/op	     240 B/op	       3 allocs/op
BenchmarkMicrotaskScheduleExternal-16                           	 5375125	       215.5 ns/op	     209 B/op	       0 allocs/op
BenchmarkMicrotaskScheduleExternal-16                           	 5682511	       213.4 ns/op	     210 B/op	       0 allocs/op
BenchmarkMicrotaskScheduleExternal-16                           	 5641474	       220.8 ns/op	     211 B/op	       0 allocs/op
BenchmarkMicrotaskScheduleExternal-16                           	 5933655	       217.2 ns/op	     208 B/op	       0 allocs/op
BenchmarkMicrotaskScheduleExternal-16                           	 5934993	       213.8 ns/op	     209 B/op	       0 allocs/op
BenchmarkMicrotaskScheduleLoopThread-16                         	21370869	        49.58 ns/op	      84 B/op	       0 allocs/op
BenchmarkMicrotaskScheduleLoopThread-16                         	24646274	        48.49 ns/op	      84 B/op	       0 allocs/op
BenchmarkMicrotaskScheduleLoopThread-16                         	24846572	        49.09 ns/op	      84 B/op	       0 allocs/op
BenchmarkMicrotaskScheduleLoopThread-16                         	24634131	        48.34 ns/op	      84 B/op	       0 allocs/op
BenchmarkMicrotaskScheduleLoopThread-16                         	24685570	        48.18 ns/op	      84 B/op	       0 allocs/op
BenchmarkNextTickScheduleExternal-16                            	 5946274	       220.7 ns/op	     208 B/op	       0 allocs/op
BenchmarkNextTickScheduleExternal-16                            	 5583178	       207.5 ns/op	     207 B/op	       0 allocs/op
BenchmarkNextTickScheduleExternal-16                            	 6062868	       210.4 ns/op	     216 B/op	       0 allocs/op
BenchmarkNextTickScheduleExternal-16                            	 6021949	       204.9 ns/op	     209 B/op	       0 allocs/op
BenchmarkNextTickScheduleExternal-16                            	 5968702	       217.8 ns/op	     211 B/op	       0 allocs/op
BenchmarkNextTickScheduleLoopThread-16                          	37730152	        30.12 ns/op	      42 B/op	       0 allocs/op
BenchmarkNextTickScheduleLoopThread-16                          	38891589	        31.25 ns/op	      42 B/op	       0 allocs/op
BenchmarkNextTickScheduleLoopThread-16                          	37307979	        30.34 ns/op	      42 B/op	       0 allocs/op
BenchmarkNextTickScheduleLoopThread-16                          	37540238	        30.50 ns/op	      42 B/op	       0 allocs/op
BenchmarkNextTickScheduleLoopThread-16                          	39006757	        30.82 ns/op	      42 B/op	       0 allocs/op
BenchmarkNextTickRecursiveDrain-16                              	22799124	        51.56 ns/op	       0 B/op	       0 allocs/op
BenchmarkNextTickRecursiveDrain-16                              	23159450	        50.47 ns/op	       0 B/op	       0 allocs/op
BenchmarkNextTickRecursiveDrain-16                              	23734646	        50.69 ns/op	       0 B/op	       0 allocs/op
BenchmarkNextTickRecursiveDrain-16                              	23138016	        50.98 ns/op	       0 B/op	       0 allocs/op
BenchmarkNextTickRecursiveDrain-16                              	22531614	        51.33 ns/op	       0 B/op	       0 allocs/op
BenchmarkTimerScheduleSameDeadline100K-16                       	      42	  28055079 ns/op	    100000 timers/op	16198706 B/op	  102899 allocs/op
BenchmarkTimerScheduleSameDeadline100K-16                       	      38	  29750150 ns/op	    100000 timers/op	15985160 B/op	  101230 allocs/op
BenchmarkTimerScheduleSameDeadline100K-16                       	      37	  28090086 ns/op	    100000 timers/op	15967805 B/op	  101095 allocs/op
BenchmarkTimerScheduleSameDeadline100K-16                       	      38	  27841858 ns/op	    100000 timers/op	16101237 B/op	  102137 allocs/op
BenchmarkTimerScheduleSameDeadline100K-16                       	      36	  30016031 ns/op	    100000 timers/op	16022662 B/op	  101516 allocs/op
BenchmarkTimerScheduleRandomDeadlines-16                        	 1704580	       658.5 ns/op	     384 B/op	       2 allocs/op
BenchmarkTimerScheduleRandomDeadlines-16                        	 1910176	       697.6 ns/op	     414 B/op	       2 allocs/op
BenchmarkTimerScheduleRandomDeadlines-16                        	 1918059	       653.8 ns/op	     416 B/op	       2 allocs/op
BenchmarkTimerScheduleRandomDeadlines-16                        	 1906545	       682.2 ns/op	     414 B/op	       2 allocs/op
BenchmarkTimerScheduleRandomDeadlines-16                        	 1903005	       669.6 ns/op	     415 B/op	       2 allocs/op
BenchmarkTimerCancelScale-16                                    	 6898284	       296.6 ns/op	      70 B/op	       0 allocs/op
BenchmarkTimerCancelScale-16                                    	 6192174	       276.9 ns/op	      73 B/op	       0 allocs/op
BenchmarkTimerCancelScale-16                                    	 6514746	       282.6 ns/op	      70 B/op	       0 allocs/op
BenchmarkTimerCancelScale-16                                    	 5979823	       274.3 ns/op	      72 B/op	       0 allocs/op
BenchmarkTimerCancelScale-16                                    	 6740648	       291.1 ns/op	      70 B/op	       0 allocs/op
BenchmarkSetIntervalSteadyTicks-16                              	  927628	      1287 ns/op	       8 B/op	       0 allocs/op
BenchmarkSetIntervalSteadyTicks-16                              	  961638	      1290 ns/op	       8 B/op	       0 allocs/op
BenchmarkSetIntervalSteadyTicks-16                              	  946110	      1305 ns/op	       8 B/op	       0 allocs/op
BenchmarkSetIntervalSteadyTicks-16                              	  899779	      1265 ns/op	       8 B/op	       0 allocs/op
BenchmarkSetIntervalSteadyTicks-16                              	  942884	      1271 ns/op	       8 B/op	       0 allocs/op
BenchmarkSetImmediateBurst-16                                   	 1000000	      1105 ns/op	     383 B/op	       3 allocs/op
BenchmarkSetImmediateBurst-16                                   	 1000000	      1113 ns/op	     373 B/op	       3 allocs/op
BenchmarkSetImmediateBurst-16                                   	 1000000	      1105 ns/op	     382 B/op	       3 allocs/op
BenchmarkSetImmediateBurst-16                                   	 1000000	      1109 ns/op	     380 B/op	       3 allocs/op
BenchmarkSetImmediateBurst-16                                   	 1000000	      1121 ns/op	     391 B/op	       3 allocs/op
BenchmarkMetricsHotPath-16                                      	 5414790	       219.7 ns/op	       0 B/op	       0 allocs/op
BenchmarkMetricsHotPath-16                                      	 5471252	       219.2 ns/op	       0 B/op	       0 allocs/op
BenchmarkMetricsHotPath-16                                      	 5467249	       222.0 ns/op	       0 B/op	       0 allocs/op
BenchmarkMetricsHotPath-16                                      	 5461378	       217.2 ns/op	       0 B/op	       0 allocs/op
BenchmarkMetricsHotPath-16                                      	 5467094	       220.9 ns/op	       0 B/op	       0 allocs/op
BenchmarkMetricsHotPathSnapshot-16                              	 7602032	       160.2 ns/op	     144 B/op	       1 allocs/op
BenchmarkMetricsHotPathSnapshot-16                              	 7345293	       159.8 ns/op	     144 B/op	       1 allocs/op
BenchmarkMetricsHotPathSnapshot-16                              	 7609808	       157.9 ns/op	     144 B/op	       1 allocs/op
BenchmarkMetricsHotPathSnapshot-16                              	 7330024	       159.8 ns/op	     144 B/op	       1 allocs/op
BenchmarkMetricsHotPathSnapshot-16                              	 7582611	       161.4 ns/op	     144 B/op	       1 allocs/op
BenchmarkConcurrentSubmissionWakeIntegration-16                 	 5182449	       210.3 ns/op	     281 B/op	       1 allocs/op
BenchmarkConcurrentSubmissionWakeIntegration-16                 	 5368341	       218.1 ns/op	     282 B/op	       1 allocs/op
BenchmarkConcurrentSubmissionWakeIntegration-16                 	 5523477	       220.3 ns/op	     292 B/op	       1 allocs/op
BenchmarkConcurrentSubmissionWakeIntegration-16                 	 5475850	       207.9 ns/op	     295 B/op	       1 allocs/op
BenchmarkConcurrentSubmissionWakeIntegration-16                 	 5269533	       219.8 ns/op	     281 B/op	       1 allocs/op
PASS
ok  	github.com/joeycumines/go-eventloop	528.431s
tournament: lane=scheduler
go -C C:/Users/under/AppData/Local/Temp/wsl-run-fac3e2b3-d910-4fd2-b06e-36ccdc581dac/eventloop/internal/tournament test -bench='^Benchmark(GCPressure|GCPressure_Allocations|MultiProducer|MultiProducerContention|PingPong|PingPongLatency|BurstSubmit|MicroBatchBudget_Throughput|MicroBatchBudget_Latency|MicroBatchBudget_Continuous|MicroBatchBudget_Mixed|MicroCASContention|MicroCASContention_Latency|MicrotaskRoundTrip|MicroWakeupSyscall_Running|MicroWakeupSyscall_Sleeping|MicroWakeupSyscall_Burst|MicroWakeupSyscall_RapidSubmit|PromisesV2|ReadinessRoundTrip|SchedulerPriorityLatency|SubmitInternalChainHandoff|SchedulerInternalExternalBurst)$' -benchmem -count=5 -run='^$' -benchtime=1s -timeout=30m .
goos: windows
goarch: amd64
pkg: github.com/joeycumines/go-eventloop/internal/tournament
cpu: Intel(R) Core(TM) i9-9900K CPU @ 3.60GHz
BenchmarkGCPressure/Main-16                   	 1000000	      1249 ns/op	      47 B/op	       1 allocs/op
BenchmarkGCPressure/Main-16                   	 1000000	      1254 ns/op	      50 B/op	       1 allocs/op
BenchmarkGCPressure/Main-16                   	 1000000	      1252 ns/op	      55 B/op	       1 allocs/op
BenchmarkGCPressure/Main-16                   	 1000000	      1246 ns/op	      53 B/op	       1 allocs/op
BenchmarkGCPressure/Main-16                   	 1000000	      1240 ns/op	      52 B/op	       1 allocs/op
BenchmarkGCPressure/MainFastPathForced-16     	 1000000	      1235 ns/op	      43 B/op	       1 allocs/op
BenchmarkGCPressure/MainFastPathForced-16     	 1000000	      1250 ns/op	      53 B/op	       1 allocs/op
BenchmarkGCPressure/MainFastPathForced-16     	 1000000	      1234 ns/op	      54 B/op	       1 allocs/op
BenchmarkGCPressure/MainFastPathForced-16     	 1000000	      1236 ns/op	      52 B/op	       1 allocs/op
BenchmarkGCPressure/MainFastPathForced-16     	 1000000	      1222 ns/op	      48 B/op	       1 allocs/op
BenchmarkGCPressure/MainFastPathDisabled-16   	 1000000	      1238 ns/op	      47 B/op	       1 allocs/op
BenchmarkGCPressure/MainFastPathDisabled-16   	 1000000	      1241 ns/op	      48 B/op	       1 allocs/op
BenchmarkGCPressure/MainFastPathDisabled-16   	 1000000	      1238 ns/op	      52 B/op	       1 allocs/op
BenchmarkGCPressure/MainFastPathDisabled-16   	 1000000	      1227 ns/op	      50 B/op	       1 allocs/op
BenchmarkGCPressure/MainFastPathDisabled-16   	 1000000	      1222 ns/op	      49 B/op	       1 allocs/op
BenchmarkGCPressure/AlternateOne-16           	 3759492	       313.5 ns/op	      32 B/op	       1 allocs/op
BenchmarkGCPressure/AlternateOne-16           	 3865966	       309.0 ns/op	      32 B/op	       1 allocs/op
BenchmarkGCPressure/AlternateOne-16           	 3871104	       312.8 ns/op	      32 B/op	       1 allocs/op
BenchmarkGCPressure/AlternateOne-16           	 3937563	       309.6 ns/op	      32 B/op	       1 allocs/op
BenchmarkGCPressure/AlternateOne-16           	 3919893	       309.0 ns/op	      32 B/op	       1 allocs/op
BenchmarkGCPressure/AlternateTwo-16           	 2394133	       488.0 ns/op	      27 B/op	       1 allocs/op
BenchmarkGCPressure/AlternateTwo-16           	 2178826	       555.2 ns/op	      27 B/op	       1 allocs/op
BenchmarkGCPressure/AlternateTwo-16           	 2208714	       543.8 ns/op	      27 B/op	       1 allocs/op
BenchmarkGCPressure/AlternateTwo-16           	 2149341	       551.8 ns/op	      27 B/op	       1 allocs/op
BenchmarkGCPressure/AlternateTwo-16           	 2219959	       553.7 ns/op	      27 B/op	       1 allocs/op
BenchmarkGCPressure/AlternateThree-16         	 4177278	       286.6 ns/op	      27 B/op	       1 allocs/op
BenchmarkGCPressure/AlternateThree-16         	 4120352	       290.1 ns/op	      27 B/op	       1 allocs/op
BenchmarkGCPressure/AlternateThree-16         	 4135126	       293.8 ns/op	      27 B/op	       1 allocs/op
BenchmarkGCPressure/AlternateThree-16         	 4092523	       293.6 ns/op	      27 B/op	       1 allocs/op
BenchmarkGCPressure/AlternateThree-16         	 4117299	       291.9 ns/op	      27 B/op	       1 allocs/op
BenchmarkGCPressure/Baseline-16               	 3687513	       322.4 ns/op	      64 B/op	       3 allocs/op
BenchmarkGCPressure/Baseline-16               	 3461449	       348.6 ns/op	      64 B/op	       3 allocs/op
BenchmarkGCPressure/Baseline-16               	 3438585	       342.8 ns/op	      64 B/op	       3 allocs/op
BenchmarkGCPressure/Baseline-16               	 3406969	       341.9 ns/op	      64 B/op	       3 allocs/op
BenchmarkGCPressure/Baseline-16               	 3440835	       346.8 ns/op	      64 B/op	       3 allocs/op
BenchmarkGCPressure_Allocations/Main-16       	 1000000	      1245 ns/op	      49 B/op	       1 allocs/op
BenchmarkGCPressure_Allocations/Main-16       	 1000000	      1252 ns/op	      48 B/op	       1 allocs/op
BenchmarkGCPressure_Allocations/Main-16       	 1000000	      1230 ns/op	      51 B/op	       1 allocs/op
BenchmarkGCPressure_Allocations/Main-16       	 1000000	      1226 ns/op	      50 B/op	       1 allocs/op
BenchmarkGCPressure_Allocations/Main-16       	 1000000	      1232 ns/op	      48 B/op	       1 allocs/op
BenchmarkGCPressure_Allocations/MainFastPathForced-16         	 1000000	      1229 ns/op	      44 B/op	       1 allocs/op
BenchmarkGCPressure_Allocations/MainFastPathForced-16         	 1000000	      1232 ns/op	      49 B/op	       1 allocs/op
BenchmarkGCPressure_Allocations/MainFastPathForced-16         	 1000000	      1242 ns/op	      53 B/op	       1 allocs/op
BenchmarkGCPressure_Allocations/MainFastPathForced-16         	 1000000	      1239 ns/op	      49 B/op	       1 allocs/op
BenchmarkGCPressure_Allocations/MainFastPathForced-16         	 1000000	      1221 ns/op	      50 B/op	       1 allocs/op
BenchmarkGCPressure_Allocations/MainFastPathDisabled-16       	 1000000	      1238 ns/op	      51 B/op	       1 allocs/op
BenchmarkGCPressure_Allocations/MainFastPathDisabled-16       	 1000000	      1226 ns/op	      51 B/op	       1 allocs/op
BenchmarkGCPressure_Allocations/MainFastPathDisabled-16       	 1000000	      1239 ns/op	      51 B/op	       1 allocs/op
BenchmarkGCPressure_Allocations/MainFastPathDisabled-16       	 1000000	      1230 ns/op	      51 B/op	       1 allocs/op
BenchmarkGCPressure_Allocations/MainFastPathDisabled-16       	 1000000	      1223 ns/op	      53 B/op	       1 allocs/op
BenchmarkGCPressure_Allocations/AlternateOne-16               	 3728637	       314.0 ns/op	      32 B/op	       1 allocs/op
BenchmarkGCPressure_Allocations/AlternateOne-16               	 3734202	       318.1 ns/op	      32 B/op	       1 allocs/op
BenchmarkGCPressure_Allocations/AlternateOne-16               	 3863955	       320.7 ns/op	      31 B/op	       1 allocs/op
BenchmarkGCPressure_Allocations/AlternateOne-16               	 3737452	       315.8 ns/op	      32 B/op	       1 allocs/op
BenchmarkGCPressure_Allocations/AlternateOne-16               	 3872632	       320.5 ns/op	      32 B/op	       1 allocs/op
BenchmarkGCPressure_Allocations/AlternateTwo-16               	 2421264	       490.6 ns/op	      27 B/op	       1 allocs/op
BenchmarkGCPressure_Allocations/AlternateTwo-16               	 2170971	       554.5 ns/op	      27 B/op	       1 allocs/op
BenchmarkGCPressure_Allocations/AlternateTwo-16               	 2174449	       564.7 ns/op	      27 B/op	       1 allocs/op
BenchmarkGCPressure_Allocations/AlternateTwo-16               	 2162217	       553.5 ns/op	      27 B/op	       1 allocs/op
BenchmarkGCPressure_Allocations/AlternateTwo-16               	 2161820	       556.4 ns/op	      27 B/op	       1 allocs/op
BenchmarkGCPressure_Allocations/AlternateThree-16             	 4231958	       292.9 ns/op	      27 B/op	       1 allocs/op
BenchmarkGCPressure_Allocations/AlternateThree-16             	 4108560	       297.0 ns/op	      27 B/op	       1 allocs/op
BenchmarkGCPressure_Allocations/AlternateThree-16             	 4079419	       298.1 ns/op	      27 B/op	       1 allocs/op
BenchmarkGCPressure_Allocations/AlternateThree-16             	 4120131	       294.8 ns/op	      27 B/op	       1 allocs/op
BenchmarkGCPressure_Allocations/AlternateThree-16             	 4104626	       299.9 ns/op	      27 B/op	       1 allocs/op
BenchmarkGCPressure_Allocations/Baseline-16                   	 3723026	       326.6 ns/op	      64 B/op	       3 allocs/op
BenchmarkGCPressure_Allocations/Baseline-16                   	 3463729	       345.3 ns/op	      64 B/op	       3 allocs/op
BenchmarkGCPressure_Allocations/Baseline-16                   	 3473967	       348.3 ns/op	      64 B/op	       3 allocs/op
BenchmarkGCPressure_Allocations/Baseline-16                   	 3443376	       345.4 ns/op	      64 B/op	       3 allocs/op
BenchmarkGCPressure_Allocations/Baseline-16                   	 3436734	       341.5 ns/op	      64 B/op	       3 allocs/op
BenchmarkMultiProducer/Main-16                                	 1637679	       758.1 ns/op	     222 B/op	       1 allocs/op
BenchmarkMultiProducer/Main-16                                	 1676746	       730.3 ns/op	     221 B/op	       1 allocs/op
BenchmarkMultiProducer/Main-16                                	 1623675	       730.2 ns/op	     217 B/op	       1 allocs/op
BenchmarkMultiProducer/Main-16                                	 1662289	       731.2 ns/op	     215 B/op	       1 allocs/op
BenchmarkMultiProducer/Main-16                                	 1652134	       741.6 ns/op	     227 B/op	       1 allocs/op
BenchmarkMultiProducer/MainFastPathForced-16                  	 1705651	       733.0 ns/op	     211 B/op	       1 allocs/op
BenchmarkMultiProducer/MainFastPathForced-16                  	 1673732	       726.2 ns/op	     216 B/op	       1 allocs/op
BenchmarkMultiProducer/MainFastPathForced-16                  	 1666954	       720.5 ns/op	     213 B/op	       1 allocs/op
BenchmarkMultiProducer/MainFastPathForced-16                  	 1572886	       731.8 ns/op	     224 B/op	       1 allocs/op
BenchmarkMultiProducer/MainFastPathForced-16                  	 1672887	       729.2 ns/op	     219 B/op	       1 allocs/op
BenchmarkMultiProducer/MainFastPathDisabled-16                	 1635681	       734.5 ns/op	     221 B/op	       1 allocs/op
BenchmarkMultiProducer/MainFastPathDisabled-16                	 1611343	       728.0 ns/op	     217 B/op	       1 allocs/op
BenchmarkMultiProducer/MainFastPathDisabled-16                	 1642836	       711.5 ns/op	     220 B/op	       1 allocs/op
BenchmarkMultiProducer/MainFastPathDisabled-16                	 1665979	       739.4 ns/op	     225 B/op	       1 allocs/op
BenchmarkMultiProducer/MainFastPathDisabled-16                	 1662625	       720.9 ns/op	     219 B/op	       1 allocs/op
BenchmarkMultiProducer/AlternateOne-16                        	 9956720	       125.1 ns/op	      37 B/op	       1 allocs/op
BenchmarkMultiProducer/AlternateOne-16                        	10334635	       117.0 ns/op	      37 B/op	       1 allocs/op
BenchmarkMultiProducer/AlternateOne-16                        	10329342	       115.8 ns/op	      37 B/op	       1 allocs/op
BenchmarkMultiProducer/AlternateOne-16                        	10176838	       116.3 ns/op	      37 B/op	       1 allocs/op
BenchmarkMultiProducer/AlternateOne-16                        	10418601	       117.8 ns/op	      37 B/op	       1 allocs/op
BenchmarkMultiProducer/AlternateTwo-16                        	 9573369	       109.2 ns/op	      38 B/op	       1 allocs/op
BenchmarkMultiProducer/AlternateTwo-16                        	11019748	       126.3 ns/op	      38 B/op	       1 allocs/op
BenchmarkMultiProducer/AlternateTwo-16                        	10669862	       132.4 ns/op	      36 B/op	       1 allocs/op
BenchmarkMultiProducer/AlternateTwo-16                        	 9938792	       131.6 ns/op	      38 B/op	       1 allocs/op
BenchmarkMultiProducer/AlternateTwo-16                        	 9745210	       126.1 ns/op	      38 B/op	       1 allocs/op
BenchmarkMultiProducer/AlternateThree-16                      	11439508	       104.7 ns/op	      16 B/op	       1 allocs/op
BenchmarkMultiProducer/AlternateThree-16                      	11652498	       101.9 ns/op	      16 B/op	       1 allocs/op
BenchmarkMultiProducer/AlternateThree-16                      	11631648	       103.1 ns/op	      16 B/op	       1 allocs/op
BenchmarkMultiProducer/AlternateThree-16                      	11018706	       103.7 ns/op	      16 B/op	       1 allocs/op
BenchmarkMultiProducer/AlternateThree-16                      	11697536	       102.6 ns/op	      16 B/op	       1 allocs/op
BenchmarkMultiProducer/Baseline-16                            	 8091296	       139.1 ns/op	      56 B/op	       3 allocs/op
BenchmarkMultiProducer/Baseline-16                            	 8146417	       148.3 ns/op	      56 B/op	       3 allocs/op
BenchmarkMultiProducer/Baseline-16                            	 8125897	       144.3 ns/op	      56 B/op	       3 allocs/op
BenchmarkMultiProducer/Baseline-16                            	 8092774	       149.8 ns/op	      56 B/op	       3 allocs/op
BenchmarkMultiProducer/Baseline-16                            	 8115516	       147.9 ns/op	      56 B/op	       3 allocs/op
BenchmarkMultiProducerContention/Main-16                      	 1519376	       764.3 ns/op	     395 B/op	       1 allocs/op
BenchmarkMultiProducerContention/Main-16                      	 1535985	       763.4 ns/op	     385 B/op	       1 allocs/op
BenchmarkMultiProducerContention/Main-16                      	 1492324	       765.1 ns/op	     392 B/op	       1 allocs/op
BenchmarkMultiProducerContention/Main-16                      	 1545709	       787.7 ns/op	     388 B/op	       1 allocs/op
BenchmarkMultiProducerContention/Main-16                      	 1539486	       783.4 ns/op	     392 B/op	       1 allocs/op
BenchmarkMultiProducerContention/MainFastPathForced-16        	 1545484	       783.7 ns/op	     380 B/op	       1 allocs/op
BenchmarkMultiProducerContention/MainFastPathForced-16        	 1524073	       785.3 ns/op	     385 B/op	       1 allocs/op
BenchmarkMultiProducerContention/MainFastPathForced-16        	 1507857	       764.5 ns/op	     387 B/op	       1 allocs/op
BenchmarkMultiProducerContention/MainFastPathForced-16        	 1569650	       786.6 ns/op	     388 B/op	       1 allocs/op
BenchmarkMultiProducerContention/MainFastPathForced-16        	 1512313	       778.2 ns/op	     384 B/op	       1 allocs/op
BenchmarkMultiProducerContention/MainFastPathDisabled-16      	 1523244	       793.3 ns/op	     383 B/op	       1 allocs/op
BenchmarkMultiProducerContention/MainFastPathDisabled-16      	 1523305	       777.4 ns/op	     385 B/op	       1 allocs/op
BenchmarkMultiProducerContention/MainFastPathDisabled-16      	 1510290	       771.9 ns/op	     392 B/op	       1 allocs/op
BenchmarkMultiProducerContention/MainFastPathDisabled-16      	 1507335	       788.8 ns/op	     391 B/op	       1 allocs/op
BenchmarkMultiProducerContention/MainFastPathDisabled-16      	 1516506	       784.5 ns/op	     397 B/op	       1 allocs/op
BenchmarkMultiProducerContention/AlternateOne-16              	 9560815	       122.5 ns/op	      38 B/op	       1 allocs/op
BenchmarkMultiProducerContention/AlternateOne-16              	 9275648	       118.5 ns/op	      38 B/op	       1 allocs/op
BenchmarkMultiProducerContention/AlternateOne-16              	 9998824	       121.4 ns/op	      38 B/op	       1 allocs/op
BenchmarkMultiProducerContention/AlternateOne-16              	 9853550	       119.6 ns/op	      38 B/op	       1 allocs/op
BenchmarkMultiProducerContention/AlternateOne-16              	 9594036	       118.4 ns/op	      38 B/op	       1 allocs/op
BenchmarkMultiProducerContention/AlternateTwo-16              	 9413336	       137.2 ns/op	      38 B/op	       1 allocs/op
BenchmarkMultiProducerContention/AlternateTwo-16              	10314346	       124.2 ns/op	      38 B/op	       1 allocs/op
BenchmarkMultiProducerContention/AlternateTwo-16              	10963519	       129.0 ns/op	      41 B/op	       1 allocs/op
BenchmarkMultiProducerContention/AlternateTwo-16              	11366833	       119.2 ns/op	      42 B/op	       1 allocs/op
BenchmarkMultiProducerContention/AlternateTwo-16              	10393326	       137.0 ns/op	      40 B/op	       1 allocs/op
BenchmarkMultiProducerContention/AlternateThree-16            	12395912	        97.83 ns/op	      16 B/op	       1 allocs/op
BenchmarkMultiProducerContention/AlternateThree-16            	12374016	        95.85 ns/op	      16 B/op	       1 allocs/op
BenchmarkMultiProducerContention/AlternateThree-16            	12324262	        96.58 ns/op	      16 B/op	       1 allocs/op
BenchmarkMultiProducerContention/AlternateThree-16            	12486628	        95.97 ns/op	      16 B/op	       1 allocs/op
BenchmarkMultiProducerContention/AlternateThree-16            	12288471	        96.61 ns/op	      16 B/op	       1 allocs/op
BenchmarkMultiProducerContention/Baseline-16                  	 9036756	       129.3 ns/op	      56 B/op	       3 allocs/op
BenchmarkMultiProducerContention/Baseline-16                  	 8548518	       132.4 ns/op	      56 B/op	       3 allocs/op
BenchmarkMultiProducerContention/Baseline-16                  	 8497662	       132.2 ns/op	      56 B/op	       3 allocs/op
BenchmarkMultiProducerContention/Baseline-16                  	 8586441	       132.5 ns/op	      56 B/op	       3 allocs/op
BenchmarkMultiProducerContention/Baseline-16                  	 8579517	       131.8 ns/op	      56 B/op	       3 allocs/op
BenchmarkPingPong/Main-16                                     	 1743247	       697.0 ns/op	     110 B/op	       1 allocs/op
BenchmarkPingPong/Main-16                                     	 1691438	       662.6 ns/op	     104 B/op	       1 allocs/op
BenchmarkPingPong/Main-16                                     	 1774432	       685.8 ns/op	     108 B/op	       1 allocs/op
BenchmarkPingPong/Main-16                                     	 1815678	       695.9 ns/op	     130 B/op	       1 allocs/op
BenchmarkPingPong/Main-16                                     	 1711359	       683.2 ns/op	     111 B/op	       1 allocs/op
BenchmarkPingPong/MainFastPathForced-16                       	 1758284	       682.4 ns/op	     117 B/op	       1 allocs/op
BenchmarkPingPong/MainFastPathForced-16                       	 1720300	       684.0 ns/op	      95 B/op	       1 allocs/op
BenchmarkPingPong/MainFastPathForced-16                       	 1731244	       701.3 ns/op	      98 B/op	       1 allocs/op
BenchmarkPingPong/MainFastPathForced-16                       	 1752014	       650.8 ns/op	      99 B/op	       1 allocs/op
BenchmarkPingPong/MainFastPathForced-16                       	 1762951	       694.3 ns/op	     101 B/op	       1 allocs/op
BenchmarkPingPong/MainFastPathDisabled-16                     	 1822902	       695.8 ns/op	     130 B/op	       1 allocs/op
BenchmarkPingPong/MainFastPathDisabled-16                     	 1792128	       710.5 ns/op	     129 B/op	       1 allocs/op
BenchmarkPingPong/MainFastPathDisabled-16                     	 1743735	       688.4 ns/op	     122 B/op	       1 allocs/op
BenchmarkPingPong/MainFastPathDisabled-16                     	 1735006	       659.8 ns/op	     115 B/op	       1 allocs/op
BenchmarkPingPong/MainFastPathDisabled-16                     	 1759603	       685.1 ns/op	     124 B/op	       1 allocs/op
BenchmarkPingPong/AlternateOne-16                             	11845194	        95.03 ns/op	      28 B/op	       1 allocs/op
BenchmarkPingPong/AlternateOne-16                             	12689227	        95.73 ns/op	      33 B/op	       1 allocs/op
BenchmarkPingPong/AlternateOne-16                             	12408499	        92.10 ns/op	      33 B/op	       1 allocs/op
BenchmarkPingPong/AlternateOne-16                             	12841242	        93.13 ns/op	      37 B/op	       1 allocs/op
BenchmarkPingPong/AlternateOne-16                             	12139838	        93.26 ns/op	      35 B/op	       1 allocs/op
BenchmarkPingPong/AlternateTwo-16                             	 4702879	       229.5 ns/op	      24 B/op	       1 allocs/op
BenchmarkPingPong/AlternateTwo-16                             	 5115921	       259.0 ns/op	      24 B/op	       1 allocs/op
BenchmarkPingPong/AlternateTwo-16                             	 4827710	       246.0 ns/op	      24 B/op	       1 allocs/op
BenchmarkPingPong/AlternateTwo-16                             	 4740820	       251.8 ns/op	      24 B/op	       1 allocs/op
BenchmarkPingPong/AlternateTwo-16                             	 5236458	       249.1 ns/op	      25 B/op	       1 allocs/op
BenchmarkPingPong/AlternateThree-16                           	17327443	        77.89 ns/op	      24 B/op	       1 allocs/op
BenchmarkPingPong/AlternateThree-16                           	15881502	        69.32 ns/op	      24 B/op	       1 allocs/op
BenchmarkPingPong/AlternateThree-16                           	17235633	        79.42 ns/op	      24 B/op	       1 allocs/op
BenchmarkPingPong/AlternateThree-16                           	16061977	        68.78 ns/op	      24 B/op	       1 allocs/op
BenchmarkPingPong/AlternateThree-16                           	15664896	        68.14 ns/op	      24 B/op	       1 allocs/op
BenchmarkPingPong/Baseline-16                                 	10704278	       114.1 ns/op	      64 B/op	       3 allocs/op
BenchmarkPingPong/Baseline-16                                 	 9370592	       114.0 ns/op	      64 B/op	       3 allocs/op
BenchmarkPingPong/Baseline-16                                 	10076361	       113.2 ns/op	      64 B/op	       3 allocs/op
BenchmarkPingPong/Baseline-16                                 	 9795501	       113.5 ns/op	      64 B/op	       3 allocs/op
BenchmarkPingPong/Baseline-16                                 	 9444928	       113.2 ns/op	      64 B/op	       3 allocs/op
BenchmarkPingPongLatency/Main-16                              	  385418	      2986 ns/op	     128 B/op	       2 allocs/op
BenchmarkPingPongLatency/Main-16                              	  414843	      3017 ns/op	     128 B/op	       2 allocs/op
BenchmarkPingPongLatency/Main-16                              	  471181	      2999 ns/op	     128 B/op	       2 allocs/op
BenchmarkPingPongLatency/Main-16                              	  394790	      2854 ns/op	     128 B/op	       2 allocs/op
BenchmarkPingPongLatency/Main-16                              	  493270	      2970 ns/op	     128 B/op	       2 allocs/op
BenchmarkPingPongLatency/MainFastPathForced-16                	  425410	      2892 ns/op	     128 B/op	       2 allocs/op
BenchmarkPingPongLatency/MainFastPathForced-16                	  444810	      3047 ns/op	     128 B/op	       2 allocs/op
BenchmarkPingPongLatency/MainFastPathForced-16                	  466491	      3226 ns/op	     128 B/op	       2 allocs/op
BenchmarkPingPongLatency/MainFastPathForced-16                	  446935	      3082 ns/op	     128 B/op	       2 allocs/op
BenchmarkPingPongLatency/MainFastPathForced-16                	  432004	      3093 ns/op	     128 B/op	       2 allocs/op
BenchmarkPingPongLatency/MainFastPathDisabled-16              	  312585	      3236 ns/op	     128 B/op	       2 allocs/op
BenchmarkPingPongLatency/MainFastPathDisabled-16              	  363750	      3367 ns/op	     128 B/op	       2 allocs/op
BenchmarkPingPongLatency/MainFastPathDisabled-16              	  393157	      3343 ns/op	     128 B/op	       2 allocs/op
BenchmarkPingPongLatency/MainFastPathDisabled-16              	  346362	      3323 ns/op	     128 B/op	       2 allocs/op
BenchmarkPingPongLatency/MainFastPathDisabled-16              	  334372	      3427 ns/op	     128 B/op	       2 allocs/op
BenchmarkPingPongLatency/AlternateOne-16                      	   96075	     13017 ns/op	     128 B/op	       2 allocs/op
BenchmarkPingPongLatency/AlternateOne-16                      	   98562	     12729 ns/op	     128 B/op	       2 allocs/op
BenchmarkPingPongLatency/AlternateOne-16                      	   97323	     12633 ns/op	     128 B/op	       2 allocs/op
BenchmarkPingPongLatency/AlternateOne-16                      	  100202	     12304 ns/op	     128 B/op	       2 allocs/op
BenchmarkPingPongLatency/AlternateOne-16                      	   98642	     12200 ns/op	     128 B/op	       2 allocs/op
BenchmarkPingPongLatency/AlternateTwo-16                      	   90861	     12614 ns/op	     128 B/op	       2 allocs/op
BenchmarkPingPongLatency/AlternateTwo-16                      	  100992	     12461 ns/op	     128 B/op	       2 allocs/op
BenchmarkPingPongLatency/AlternateTwo-16                      	   92598	     12943 ns/op	     128 B/op	       2 allocs/op
BenchmarkPingPongLatency/AlternateTwo-16                      	   91144	     12428 ns/op	     128 B/op	       2 allocs/op
BenchmarkPingPongLatency/AlternateTwo-16                      	   97832	     12779 ns/op	     128 B/op	       2 allocs/op
BenchmarkPingPongLatency/AlternateThree-16                    	   98631	     11648 ns/op	     128 B/op	       2 allocs/op
BenchmarkPingPongLatency/AlternateThree-16                    	   98080	     12569 ns/op	     128 B/op	       2 allocs/op
BenchmarkPingPongLatency/AlternateThree-16                    	   96128	     12016 ns/op	     128 B/op	       2 allocs/op
BenchmarkPingPongLatency/AlternateThree-16                    	  101863	     11496 ns/op	     128 B/op	       2 allocs/op
BenchmarkPingPongLatency/AlternateThree-16                    	   97863	     11690 ns/op	     128 B/op	       2 allocs/op
BenchmarkPingPongLatency/Baseline-16                          	  915778	      1264 ns/op	     168 B/op	       4 allocs/op
BenchmarkPingPongLatency/Baseline-16                          	  946827	      1262 ns/op	     168 B/op	       4 allocs/op
BenchmarkPingPongLatency/Baseline-16                          	  934368	      1270 ns/op	     168 B/op	       4 allocs/op
BenchmarkPingPongLatency/Baseline-16                          	  989119	      1282 ns/op	     168 B/op	       4 allocs/op
BenchmarkPingPongLatency/Baseline-16                          	  958956	      1277 ns/op	     168 B/op	       4 allocs/op
BenchmarkBurstSubmit/Main-16                                  	 1816617	       649.4 ns/op	      93 B/op	       1 allocs/op
BenchmarkBurstSubmit/Main-16                                  	 1861120	       646.9 ns/op	      88 B/op	       1 allocs/op
BenchmarkBurstSubmit/Main-16                                  	 1847059	       647.9 ns/op	      85 B/op	       1 allocs/op
BenchmarkBurstSubmit/Main-16                                  	 1843202	       652.6 ns/op	      88 B/op	       1 allocs/op
BenchmarkBurstSubmit/Main-16                                  	 1844217	       648.8 ns/op	      84 B/op	       1 allocs/op
BenchmarkBurstSubmit/MainFastPathForced-16                    	 1855627	       650.8 ns/op	      93 B/op	       1 allocs/op
BenchmarkBurstSubmit/MainFastPathForced-16                    	 1806474	       645.1 ns/op	      88 B/op	       1 allocs/op
BenchmarkBurstSubmit/MainFastPathForced-16                    	 1863597	       645.7 ns/op	      84 B/op	       1 allocs/op
BenchmarkBurstSubmit/MainFastPathForced-16                    	 1852982	       646.7 ns/op	      85 B/op	       1 allocs/op
BenchmarkBurstSubmit/MainFastPathForced-16                    	 1860600	       646.4 ns/op	      84 B/op	       1 allocs/op
BenchmarkBurstSubmit/MainFastPathDisabled-16                  	 1843693	       645.1 ns/op	      84 B/op	       1 allocs/op
BenchmarkBurstSubmit/MainFastPathDisabled-16                  	 1862713	       649.3 ns/op	      78 B/op	       1 allocs/op
BenchmarkBurstSubmit/MainFastPathDisabled-16                  	 1842778	       650.5 ns/op	      81 B/op	       1 allocs/op
BenchmarkBurstSubmit/MainFastPathDisabled-16                  	 1847408	       641.4 ns/op	      87 B/op	       1 allocs/op
BenchmarkBurstSubmit/MainFastPathDisabled-16                  	 1841209	       649.5 ns/op	      80 B/op	       1 allocs/op
BenchmarkBurstSubmit/AlternateOne-16                          	11053754	       108.3 ns/op	      24 B/op	       1 allocs/op
BenchmarkBurstSubmit/AlternateOne-16                          	11684380	       107.3 ns/op	      24 B/op	       1 allocs/op
BenchmarkBurstSubmit/AlternateOne-16                          	10900608	       105.7 ns/op	      24 B/op	       1 allocs/op
BenchmarkBurstSubmit/AlternateOne-16                          	11365648	       105.9 ns/op	      24 B/op	       1 allocs/op
BenchmarkBurstSubmit/AlternateOne-16                          	11606246	       107.7 ns/op	      24 B/op	       1 allocs/op
BenchmarkBurstSubmit/AlternateTwo-16                          	 4548516	       267.9 ns/op	      24 B/op	       1 allocs/op
BenchmarkBurstSubmit/AlternateTwo-16                          	 4903388	       262.8 ns/op	      24 B/op	       1 allocs/op
BenchmarkBurstSubmit/AlternateTwo-16                          	 5211024	       257.5 ns/op	      24 B/op	       1 allocs/op
BenchmarkBurstSubmit/AlternateTwo-16                          	 5383072	       261.6 ns/op	      24 B/op	       1 allocs/op
BenchmarkBurstSubmit/AlternateTwo-16                          	 4529508	       257.9 ns/op	      24 B/op	       1 allocs/op
BenchmarkBurstSubmit/AlternateThree-16                        	12935480	        88.11 ns/op	      24 B/op	       1 allocs/op
BenchmarkBurstSubmit/AlternateThree-16                        	14234419	        89.35 ns/op	      24 B/op	       1 allocs/op
BenchmarkBurstSubmit/AlternateThree-16                        	13874499	        89.36 ns/op	      24 B/op	       1 allocs/op
BenchmarkBurstSubmit/AlternateThree-16                        	14299230	        83.56 ns/op	      24 B/op	       1 allocs/op
BenchmarkBurstSubmit/AlternateThree-16                        	13844853	        87.73 ns/op	      24 B/op	       1 allocs/op
BenchmarkBurstSubmit/Baseline-16                              	10409997	       115.7 ns/op	      64 B/op	       3 allocs/op
BenchmarkBurstSubmit/Baseline-16                              	 9893128	       118.0 ns/op	      64 B/op	       3 allocs/op
BenchmarkBurstSubmit/Baseline-16                              	10251625	       115.7 ns/op	      64 B/op	       3 allocs/op
BenchmarkBurstSubmit/Baseline-16                              	10121004	       116.4 ns/op	      64 B/op	       3 allocs/op
BenchmarkBurstSubmit/Baseline-16                              	 9980430	       116.5 ns/op	      64 B/op	       3 allocs/op
BenchmarkMicroBatchBudget_Throughput/Main/Burst=64-16         	  122217	      9738 ns/op	    6566 B/op	      64 allocs/op
BenchmarkMicroBatchBudget_Throughput/Main/Burst=64-16         	  121236	     10316 ns/op	    7768 B/op	      64 allocs/op
BenchmarkMicroBatchBudget_Throughput/Main/Burst=64-16         	  120933	      9956 ns/op	    7345 B/op	      64 allocs/op
BenchmarkMicroBatchBudget_Throughput/Main/Burst=64-16         	  120405	      9855 ns/op	    7210 B/op	      64 allocs/op
BenchmarkMicroBatchBudget_Throughput/Main/Burst=64-16         	  117063	     10412 ns/op	    7744 B/op	      64 allocs/op
BenchmarkMicroBatchBudget_Throughput/Main/Burst=128-16        	   61543	     20042 ns/op	   14002 B/op	     128 allocs/op
BenchmarkMicroBatchBudget_Throughput/Main/Burst=128-16        	   59368	     21029 ns/op	   15839 B/op	     129 allocs/op
BenchmarkMicroBatchBudget_Throughput/Main/Burst=128-16        	   65229	     20646 ns/op	   14939 B/op	     129 allocs/op
BenchmarkMicroBatchBudget_Throughput/Main/Burst=128-16        	   60003	     20343 ns/op	   15351 B/op	     129 allocs/op
BenchmarkMicroBatchBudget_Throughput/Main/Burst=128-16        	   63025	     20318 ns/op	   14898 B/op	     129 allocs/op
BenchmarkMicroBatchBudget_Throughput/Main/Burst=256-16        	   30162	     38587 ns/op	   26856 B/op	     257 allocs/op
BenchmarkMicroBatchBudget_Throughput/Main/Burst=256-16        	   30574	     41616 ns/op	   28101 B/op	     258 allocs/op
BenchmarkMicroBatchBudget_Throughput/Main/Burst=256-16        	   30236	     41201 ns/op	   29871 B/op	     258 allocs/op
BenchmarkMicroBatchBudget_Throughput/Main/Burst=256-16        	   29841	     40283 ns/op	   29989 B/op	     258 allocs/op
BenchmarkMicroBatchBudget_Throughput/Main/Burst=256-16        	   29356	     39809 ns/op	   28753 B/op	     258 allocs/op
BenchmarkMicroBatchBudget_Throughput/Main/Burst=512-16        	   15319	     80817 ns/op	   55221 B/op	     515 allocs/op
BenchmarkMicroBatchBudget_Throughput/Main/Burst=512-16        	   15530	     83375 ns/op	   61595 B/op	     517 allocs/op
BenchmarkMicroBatchBudget_Throughput/Main/Burst=512-16        	   14848	     87419 ns/op	   62944 B/op	     517 allocs/op
BenchmarkMicroBatchBudget_Throughput/Main/Burst=512-16        	   15496	     85204 ns/op	   61365 B/op	     517 allocs/op
BenchmarkMicroBatchBudget_Throughput/Main/Burst=512-16        	   15529	     78634 ns/op	   59304 B/op	     516 allocs/op
BenchmarkMicroBatchBudget_Throughput/Main/Burst=1024-16       	    7634	    157422 ns/op	  113309 B/op	    1032 allocs/op
BenchmarkMicroBatchBudget_Throughput/Main/Burst=1024-16       	    7240	    157811 ns/op	  109875 B/op	    1031 allocs/op
BenchmarkMicroBatchBudget_Throughput/Main/Burst=1024-16       	    6742	    157227 ns/op	  111221 B/op	    1030 allocs/op
BenchmarkMicroBatchBudget_Throughput/Main/Burst=1024-16       	    6710	    153718 ns/op	  115407 B/op	    1031 allocs/op
BenchmarkMicroBatchBudget_Throughput/Main/Burst=1024-16       	    6723	    155143 ns/op	  111012 B/op	    1030 allocs/op
BenchmarkMicroBatchBudget_Throughput/Main/Burst=2048-16       	    3370	    327267 ns/op	  219685 B/op	    2061 allocs/op
BenchmarkMicroBatchBudget_Throughput/Main/Burst=2048-16       	    4003	    324745 ns/op	  238612 B/op	    2067 allocs/op
BenchmarkMicroBatchBudget_Throughput/Main/Burst=2048-16       	    4064	    333167 ns/op	  246919 B/op	    2068 allocs/op
BenchmarkMicroBatchBudget_Throughput/Main/Burst=2048-16       	    3626	    283849 ns/op	  198563 B/op	    2059 allocs/op
BenchmarkMicroBatchBudget_Throughput/Main/Burst=2048-16       	    3574	    307271 ns/op	  203350 B/op	    2058 allocs/op
BenchmarkMicroBatchBudget_Throughput/Main/Burst=4096-16       	    1720	    645808 ns/op	  492638 B/op	    4133 allocs/op
BenchmarkMicroBatchBudget_Throughput/Main/Burst=4096-16       	    2049	    586610 ns/op	  418834 B/op	    4126 allocs/op
BenchmarkMicroBatchBudget_Throughput/Main/Burst=4096-16       	    1742	    637603 ns/op	  459098 B/op	    4125 allocs/op
BenchmarkMicroBatchBudget_Throughput/Main/Burst=4096-16       	    1869	    647205 ns/op	  433916 B/op	    4125 allocs/op
BenchmarkMicroBatchBudget_Throughput/Main/Burst=4096-16       	    1808	    623168 ns/op	  457804 B/op	    4128 allocs/op
BenchmarkMicroBatchBudget_Throughput/MainFastPathForced/Burst=64-16         	  114238	      9296 ns/op	    6073 B/op	      64 allocs/op
BenchmarkMicroBatchBudget_Throughput/MainFastPathForced/Burst=64-16         	  115066	     10286 ns/op	    7682 B/op	      64 allocs/op
BenchmarkMicroBatchBudget_Throughput/MainFastPathForced/Burst=64-16         	  123364	      9736 ns/op	    7248 B/op	      64 allocs/op
BenchmarkMicroBatchBudget_Throughput/MainFastPathForced/Burst=64-16         	  120363	     10077 ns/op	    7240 B/op	      64 allocs/op
BenchmarkMicroBatchBudget_Throughput/MainFastPathForced/Burst=64-16         	  123567	      9651 ns/op	    7206 B/op	      64 allocs/op
BenchmarkMicroBatchBudget_Throughput/MainFastPathForced/Burst=128-16        	   57742	     20728 ns/op	   14000 B/op	     128 allocs/op
BenchmarkMicroBatchBudget_Throughput/MainFastPathForced/Burst=128-16        	   56787	     21161 ns/op	   14793 B/op	     129 allocs/op
BenchmarkMicroBatchBudget_Throughput/MainFastPathForced/Burst=128-16        	   55077	     20657 ns/op	   15212 B/op	     129 allocs/op
BenchmarkMicroBatchBudget_Throughput/MainFastPathForced/Burst=128-16        	   57061	     20488 ns/op	   14908 B/op	     129 allocs/op
BenchmarkMicroBatchBudget_Throughput/MainFastPathForced/Burst=128-16        	   60793	     21321 ns/op	   14521 B/op	     129 allocs/op
BenchmarkMicroBatchBudget_Throughput/MainFastPathForced/Burst=256-16        	   32437	     41915 ns/op	   29386 B/op	     258 allocs/op
BenchmarkMicroBatchBudget_Throughput/MainFastPathForced/Burst=256-16        	   31820	     40148 ns/op	   28197 B/op	     258 allocs/op
BenchmarkMicroBatchBudget_Throughput/MainFastPathForced/Burst=256-16        	   31834	     41235 ns/op	   29241 B/op	     258 allocs/op
BenchmarkMicroBatchBudget_Throughput/MainFastPathForced/Burst=256-16        	   33692	     41489 ns/op	   29695 B/op	     258 allocs/op
BenchmarkMicroBatchBudget_Throughput/MainFastPathForced/Burst=256-16        	   31110	     37227 ns/op	   27384 B/op	     257 allocs/op
BenchmarkMicroBatchBudget_Throughput/MainFastPathForced/Burst=512-16        	   15642	     81321 ns/op	   54645 B/op	     515 allocs/op
BenchmarkMicroBatchBudget_Throughput/MainFastPathForced/Burst=512-16        	   14745	     82099 ns/op	   57158 B/op	     516 allocs/op
BenchmarkMicroBatchBudget_Throughput/MainFastPathForced/Burst=512-16        	   15600	     82137 ns/op	   59443 B/op	     516 allocs/op
BenchmarkMicroBatchBudget_Throughput/MainFastPathForced/Burst=512-16        	   14632	     81834 ns/op	   58525 B/op	     516 allocs/op
BenchmarkMicroBatchBudget_Throughput/MainFastPathForced/Burst=512-16        	   15490	     79907 ns/op	   60269 B/op	     516 allocs/op
BenchmarkMicroBatchBudget_Throughput/MainFastPathForced/Burst=1024-16       	    8142	    155104 ns/op	  111895 B/op	    1032 allocs/op
BenchmarkMicroBatchBudget_Throughput/MainFastPathForced/Burst=1024-16       	    7599	    143886 ns/op	  107819 B/op	    1031 allocs/op
BenchmarkMicroBatchBudget_Throughput/MainFastPathForced/Burst=1024-16       	    7195	    157124 ns/op	  111971 B/op	    1031 allocs/op
BenchmarkMicroBatchBudget_Throughput/MainFastPathForced/Burst=1024-16       	    7879	    152423 ns/op	  112216 B/op	    1032 allocs/op
BenchmarkMicroBatchBudget_Throughput/MainFastPathForced/Burst=1024-16       	    6140	    164859 ns/op	  109861 B/op	    1031 allocs/op
BenchmarkMicroBatchBudget_Throughput/MainFastPathForced/Burst=2048-16       	    3238	    330229 ns/op	  232365 B/op	    2066 allocs/op
BenchmarkMicroBatchBudget_Throughput/MainFastPathForced/Burst=2048-16       	    3411	    322227 ns/op	  219919 B/op	    2060 allocs/op
BenchmarkMicroBatchBudget_Throughput/MainFastPathForced/Burst=2048-16       	    3974	    312617 ns/op	  231532 B/op	    2065 allocs/op
BenchmarkMicroBatchBudget_Throughput/MainFastPathForced/Burst=2048-16       	    3559	    308100 ns/op	  219915 B/op	    2062 allocs/op
BenchmarkMicroBatchBudget_Throughput/MainFastPathForced/Burst=2048-16       	    4101	    311663 ns/op	  229612 B/op	    2065 allocs/op
BenchmarkMicroBatchBudget_Throughput/MainFastPathForced/Burst=4096-16       	    1886	    678269 ns/op	  512285 B/op	    4139 allocs/op
BenchmarkMicroBatchBudget_Throughput/MainFastPathForced/Burst=4096-16       	    1664	    630861 ns/op	  454337 B/op	    4125 allocs/op
BenchmarkMicroBatchBudget_Throughput/MainFastPathForced/Burst=4096-16       	    1762	    653565 ns/op	  428845 B/op	    4123 allocs/op
BenchmarkMicroBatchBudget_Throughput/MainFastPathForced/Burst=4096-16       	    1773	    611925 ns/op	  439007 B/op	    4124 allocs/op
BenchmarkMicroBatchBudget_Throughput/MainFastPathForced/Burst=4096-16       	    1759	    661890 ns/op	  448395 B/op	    4125 allocs/op
BenchmarkMicroBatchBudget_Throughput/MainFastPathDisabled/Burst=64-16       	  105574	     10109 ns/op	    7600 B/op	      64 allocs/op
BenchmarkMicroBatchBudget_Throughput/MainFastPathDisabled/Burst=64-16       	  115622	     10615 ns/op	    7800 B/op	      64 allocs/op
BenchmarkMicroBatchBudget_Throughput/MainFastPathDisabled/Burst=64-16       	  111289	     10491 ns/op	    7593 B/op	      64 allocs/op
BenchmarkMicroBatchBudget_Throughput/MainFastPathDisabled/Burst=64-16       	  110422	     10518 ns/op	    7860 B/op	      64 allocs/op
BenchmarkMicroBatchBudget_Throughput/MainFastPathDisabled/Burst=64-16       	  120266	     10819 ns/op	    7872 B/op	      64 allocs/op
BenchmarkMicroBatchBudget_Throughput/MainFastPathDisabled/Burst=128-16      	   58322	     20865 ns/op	   15317 B/op	     129 allocs/op
BenchmarkMicroBatchBudget_Throughput/MainFastPathDisabled/Burst=128-16      	   58440	     22290 ns/op	   16268 B/op	     129 allocs/op
BenchmarkMicroBatchBudget_Throughput/MainFastPathDisabled/Burst=128-16      	   60122	     21103 ns/op	   16036 B/op	     129 allocs/op
BenchmarkMicroBatchBudget_Throughput/MainFastPathDisabled/Burst=128-16      	   59137	     21973 ns/op	   16207 B/op	     129 allocs/op
BenchmarkMicroBatchBudget_Throughput/MainFastPathDisabled/Burst=128-16      	   56548	     21810 ns/op	   15879 B/op	     129 allocs/op
BenchmarkMicroBatchBudget_Throughput/MainFastPathDisabled/Burst=256-16      	   28851	     43074 ns/op	   31432 B/op	     258 allocs/op
BenchmarkMicroBatchBudget_Throughput/MainFastPathDisabled/Burst=256-16      	   29971	     39625 ns/op	   27627 B/op	     257 allocs/op
BenchmarkMicroBatchBudget_Throughput/MainFastPathDisabled/Burst=256-16      	   30000	     40704 ns/op	   28468 B/op	     258 allocs/op
BenchmarkMicroBatchBudget_Throughput/MainFastPathDisabled/Burst=256-16      	   29821	     39348 ns/op	   27506 B/op	     257 allocs/op
BenchmarkMicroBatchBudget_Throughput/MainFastPathDisabled/Burst=256-16      	   30528	     40825 ns/op	   29867 B/op	     258 allocs/op
BenchmarkMicroBatchBudget_Throughput/MainFastPathDisabled/Burst=512-16      	   15536	     82296 ns/op	   58485 B/op	     516 allocs/op
BenchmarkMicroBatchBudget_Throughput/MainFastPathDisabled/Burst=512-16      	   15970	     79203 ns/op	   55828 B/op	     516 allocs/op
BenchmarkMicroBatchBudget_Throughput/MainFastPathDisabled/Burst=512-16      	   16624	     87759 ns/op	   65578 B/op	     516 allocs/op
BenchmarkMicroBatchBudget_Throughput/MainFastPathDisabled/Burst=512-16      	   15927	     81444 ns/op	   60311 B/op	     516 allocs/op
BenchmarkMicroBatchBudget_Throughput/MainFastPathDisabled/Burst=512-16      	   15523	     84873 ns/op	   63600 B/op	     517 allocs/op
BenchmarkMicroBatchBudget_Throughput/MainFastPathDisabled/Burst=1024-16     	    6946	    169840 ns/op	  128062 B/op	    1034 allocs/op
BenchmarkMicroBatchBudget_Throughput/MainFastPathDisabled/Burst=1024-16     	    6205	    169669 ns/op	  122187 B/op	    1033 allocs/op
BenchmarkMicroBatchBudget_Throughput/MainFastPathDisabled/Burst=1024-16     	    6961	    166832 ns/op	  128514 B/op	    1034 allocs/op
BenchmarkMicroBatchBudget_Throughput/MainFastPathDisabled/Burst=1024-16     	    6483	    167403 ns/op	  125851 B/op	    1035 allocs/op
BenchmarkMicroBatchBudget_Throughput/MainFastPathDisabled/Burst=1024-16     	    7050	    165943 ns/op	  125469 B/op	    1033 allocs/op
BenchmarkMicroBatchBudget_Throughput/MainFastPathDisabled/Burst=2048-16     	    3272	    311486 ns/op	  225541 B/op	    2065 allocs/op
BenchmarkMicroBatchBudget_Throughput/MainFastPathDisabled/Burst=2048-16     	    3056	    344473 ns/op	  258677 B/op	    2070 allocs/op
BenchmarkMicroBatchBudget_Throughput/MainFastPathDisabled/Burst=2048-16     	    3602	    343987 ns/op	  256125 B/op	    2068 allocs/op
BenchmarkMicroBatchBudget_Throughput/MainFastPathDisabled/Burst=2048-16     	    3409	    345360 ns/op	  263894 B/op	    2069 allocs/op
BenchmarkMicroBatchBudget_Throughput/MainFastPathDisabled/Burst=2048-16     	    3475	    354654 ns/op	  263152 B/op	    2069 allocs/op
BenchmarkMicroBatchBudget_Throughput/MainFastPathDisabled/Burst=4096-16     	    1838	    628671 ns/op	  472319 B/op	    4132 allocs/op
BenchmarkMicroBatchBudget_Throughput/MainFastPathDisabled/Burst=4096-16     	    1828	    634049 ns/op	  469801 B/op	    4131 allocs/op
BenchmarkMicroBatchBudget_Throughput/MainFastPathDisabled/Burst=4096-16     	    1838	    674710 ns/op	  487719 B/op	    4134 allocs/op
BenchmarkMicroBatchBudget_Throughput/MainFastPathDisabled/Burst=4096-16     	    1819	    623057 ns/op	  459312 B/op	    4130 allocs/op
BenchmarkMicroBatchBudget_Throughput/MainFastPathDisabled/Burst=4096-16     	    1706	    679680 ns/op	  495261 B/op	    4133 allocs/op
BenchmarkMicroBatchBudget_Throughput/AlternateOne/Burst=64-16               	  246534	      5333 ns/op	    1452 B/op	      64 allocs/op
BenchmarkMicroBatchBudget_Throughput/AlternateOne/Burst=64-16               	  233558	      4915 ns/op	    1640 B/op	      64 allocs/op
BenchmarkMicroBatchBudget_Throughput/AlternateOne/Burst=64-16               	  219362	      5009 ns/op	    1657 B/op	      64 allocs/op
BenchmarkMicroBatchBudget_Throughput/AlternateOne/Burst=64-16               	  208756	      4933 ns/op	    1796 B/op	      64 allocs/op
BenchmarkMicroBatchBudget_Throughput/AlternateOne/Burst=64-16               	  226918	      5516 ns/op	    1189 B/op	      64 allocs/op
BenchmarkMicroBatchBudget_Throughput/AlternateOne/Burst=128-16              	  113563	     10606 ns/op	    2795 B/op	     128 allocs/op
BenchmarkMicroBatchBudget_Throughput/AlternateOne/Burst=128-16              	  119911	     10320 ns/op	    3111 B/op	     128 allocs/op
BenchmarkMicroBatchBudget_Throughput/AlternateOne/Burst=128-16              	  101356	     10325 ns/op	    3128 B/op	     128 allocs/op
BenchmarkMicroBatchBudget_Throughput/AlternateOne/Burst=128-16              	  105919	     10044 ns/op	    3428 B/op	     128 allocs/op
BenchmarkMicroBatchBudget_Throughput/AlternateOne/Burst=128-16              	  116180	     10060 ns/op	    3118 B/op	     128 allocs/op
BenchmarkMicroBatchBudget_Throughput/AlternateOne/Burst=256-16              	   54154	     21378 ns/op	    5654 B/op	     256 allocs/op
BenchmarkMicroBatchBudget_Throughput/AlternateOne/Burst=256-16              	   53766	     21026 ns/op	    5434 B/op	     256 allocs/op
BenchmarkMicroBatchBudget_Throughput/AlternateOne/Burst=256-16              	   60118	     20488 ns/op	    5729 B/op	     256 allocs/op
BenchmarkMicroBatchBudget_Throughput/AlternateOne/Burst=256-16              	   59054	     19784 ns/op	    6392 B/op	     256 allocs/op
BenchmarkMicroBatchBudget_Throughput/AlternateOne/Burst=256-16              	   62912	     20117 ns/op	    5695 B/op	     256 allocs/op
BenchmarkMicroBatchBudget_Throughput/AlternateOne/Burst=512-16              	   31399	     41063 ns/op	    9599 B/op	     512 allocs/op
BenchmarkMicroBatchBudget_Throughput/AlternateOne/Burst=512-16              	   29222	     42684 ns/op	   10790 B/op	     512 allocs/op
BenchmarkMicroBatchBudget_Throughput/AlternateOne/Burst=512-16              	   29296	     40494 ns/op	   11120 B/op	     512 allocs/op
BenchmarkMicroBatchBudget_Throughput/AlternateOne/Burst=512-16              	   30542	     39279 ns/op	   11690 B/op	     513 allocs/op
BenchmarkMicroBatchBudget_Throughput/AlternateOne/Burst=512-16              	   29119	     37979 ns/op	   13500 B/op	     513 allocs/op
BenchmarkMicroBatchBudget_Throughput/AlternateOne/Burst=1024-16             	   14460	     78211 ns/op	   24085 B/op	    1026 allocs/op
BenchmarkMicroBatchBudget_Throughput/AlternateOne/Burst=1024-16             	   14887	     76557 ns/op	   23132 B/op	    1026 allocs/op
BenchmarkMicroBatchBudget_Throughput/AlternateOne/Burst=1024-16             	   15294	     74104 ns/op	   22853 B/op	    1026 allocs/op
BenchmarkMicroBatchBudget_Throughput/AlternateOne/Burst=1024-16             	   14731	     76794 ns/op	   25017 B/op	    1026 allocs/op
BenchmarkMicroBatchBudget_Throughput/AlternateOne/Burst=1024-16             	   14534	     76291 ns/op	   24237 B/op	    1026 allocs/op
BenchmarkMicroBatchBudget_Throughput/AlternateOne/Burst=2048-16             	    7243	    160280 ns/op	   49883 B/op	    2053 allocs/op
BenchmarkMicroBatchBudget_Throughput/AlternateOne/Burst=2048-16             	    8106	    173184 ns/op	   43043 B/op	    2051 allocs/op
BenchmarkMicroBatchBudget_Throughput/AlternateOne/Burst=2048-16             	    7705	    155715 ns/op	   57744 B/op	    2055 allocs/op
BenchmarkMicroBatchBudget_Throughput/AlternateOne/Burst=2048-16             	    7963	    172431 ns/op	   44490 B/op	    2051 allocs/op
BenchmarkMicroBatchBudget_Throughput/AlternateOne/Burst=2048-16             	    7513	    160135 ns/op	   53135 B/op	    2054 allocs/op
BenchmarkMicroBatchBudget_Throughput/AlternateOne/Burst=4096-16             	    3745	    345250 ns/op	   88703 B/op	    4103 allocs/op
BenchmarkMicroBatchBudget_Throughput/AlternateOne/Burst=4096-16             	    3416	    322169 ns/op	  104812 B/op	    4108 allocs/op
BenchmarkMicroBatchBudget_Throughput/AlternateOne/Burst=4096-16             	    3926	    344168 ns/op	   89820 B/op	    4103 allocs/op
BenchmarkMicroBatchBudget_Throughput/AlternateOne/Burst=4096-16             	    3375	    317804 ns/op	  115728 B/op	    4111 allocs/op
BenchmarkMicroBatchBudget_Throughput/AlternateOne/Burst=4096-16             	    3343	    317766 ns/op	  106032 B/op	    4108 allocs/op
BenchmarkMicroBatchBudget_Throughput/AlternateTwo/Burst=64-16               	   82297	     14933 ns/op	    1073 B/op	      64 allocs/op
BenchmarkMicroBatchBudget_Throughput/AlternateTwo/Burst=64-16               	   76371	     15327 ns/op	    1060 B/op	      64 allocs/op
BenchmarkMicroBatchBudget_Throughput/AlternateTwo/Burst=64-16               	   78702	     14174 ns/op	    1084 B/op	      64 allocs/op
BenchmarkMicroBatchBudget_Throughput/AlternateTwo/Burst=64-16               	   84532	     14930 ns/op	    1055 B/op	      64 allocs/op
BenchmarkMicroBatchBudget_Throughput/AlternateTwo/Burst=64-16               	   82064	     14503 ns/op	    1050 B/op	      64 allocs/op
BenchmarkMicroBatchBudget_Throughput/AlternateTwo/Burst=128-16              	   41618	     33297 ns/op	    2103 B/op	     128 allocs/op
BenchmarkMicroBatchBudget_Throughput/AlternateTwo/Burst=128-16              	   45753	     29903 ns/op	    2275 B/op	     131 allocs/op
BenchmarkMicroBatchBudget_Throughput/AlternateTwo/Burst=128-16              	   34815	     31325 ns/op	    2103 B/op	     128 allocs/op
BenchmarkMicroBatchBudget_Throughput/AlternateTwo/Burst=128-16              	   39169	     31199 ns/op	    2139 B/op	     128 allocs/op
BenchmarkMicroBatchBudget_Throughput/AlternateTwo/Burst=128-16              	   42516	     31152 ns/op	    2093 B/op	     128 allocs/op
BenchmarkMicroBatchBudget_Throughput/AlternateTwo/Burst=256-16              	   19236	     66197 ns/op	    4214 B/op	     256 allocs/op
BenchmarkMicroBatchBudget_Throughput/AlternateTwo/Burst=256-16              	   19215	     59576 ns/op	    4306 B/op	     257 allocs/op
BenchmarkMicroBatchBudget_Throughput/AlternateTwo/Burst=256-16              	   21094	     58101 ns/op	    4197 B/op	     256 allocs/op
BenchmarkMicroBatchBudget_Throughput/AlternateTwo/Burst=256-16              	   21124	     60114 ns/op	    4229 B/op	     256 allocs/op
BenchmarkMicroBatchBudget_Throughput/AlternateTwo/Burst=256-16              	   18702	     57019 ns/op	    4605 B/op	     259 allocs/op
BenchmarkMicroBatchBudget_Throughput/AlternateTwo/Burst=512-16              	    9189	    131004 ns/op	    8597 B/op	     514 allocs/op
BenchmarkMicroBatchBudget_Throughput/AlternateTwo/Burst=512-16              	    9526	    127557 ns/op	    8811 B/op	     516 allocs/op
BenchmarkMicroBatchBudget_Throughput/AlternateTwo/Burst=512-16              	    8515	    124495 ns/op	    8511 B/op	     514 allocs/op
BenchmarkMicroBatchBudget_Throughput/AlternateTwo/Burst=512-16              	    9826	    124725 ns/op	    8365 B/op	     512 allocs/op
BenchmarkMicroBatchBudget_Throughput/AlternateTwo/Burst=512-16              	   10132	    121683 ns/op	    8382 B/op	     512 allocs/op
BenchmarkMicroBatchBudget_Throughput/AlternateTwo/Burst=1024-16             	    5095	    246650 ns/op	   16971 B/op	    1026 allocs/op
BenchmarkMicroBatchBudget_Throughput/AlternateTwo/Burst=1024-16             	    7088	    245946 ns/op	   17423 B/op	    1031 allocs/op
BenchmarkMicroBatchBudget_Throughput/AlternateTwo/Burst=1024-16             	    5775	    235396 ns/op	   16780 B/op	    1024 allocs/op
BenchmarkMicroBatchBudget_Throughput/AlternateTwo/Burst=1024-16             	    4000	    257532 ns/op	   16730 B/op	    1024 allocs/op
BenchmarkMicroBatchBudget_Throughput/AlternateTwo/Burst=1024-16             	    4299	    234188 ns/op	   17051 B/op	    1030 allocs/op
BenchmarkMicroBatchBudget_Throughput/AlternateTwo/Burst=2048-16             	    2283	    504009 ns/op	   33725 B/op	    2050 allocs/op
BenchmarkMicroBatchBudget_Throughput/AlternateTwo/Burst=2048-16             	    2119	    522296 ns/op	   34326 B/op	    2058 allocs/op
BenchmarkMicroBatchBudget_Throughput/AlternateTwo/Burst=2048-16             	    2438	    506671 ns/op	   33591 B/op	    2049 allocs/op
BenchmarkMicroBatchBudget_Throughput/AlternateTwo/Burst=2048-16             	    2284	    475282 ns/op	   33612 B/op	    2049 allocs/op
BenchmarkMicroBatchBudget_Throughput/AlternateTwo/Burst=2048-16             	    2814	    529272 ns/op	   33499 B/op	    2049 allocs/op
BenchmarkMicroBatchBudget_Throughput/AlternateTwo/Burst=4096-16             	    1274	   1047757 ns/op	   68043 B/op	    4111 allocs/op
BenchmarkMicroBatchBudget_Throughput/AlternateTwo/Burst=4096-16             	    1263	   1025847 ns/op	   66951 B/op	    4098 allocs/op
BenchmarkMicroBatchBudget_Throughput/AlternateTwo/Burst=4096-16             	    1286	   1008270 ns/op	   66994 B/op	    4099 allocs/op
BenchmarkMicroBatchBudget_Throughput/AlternateTwo/Burst=4096-16             	    1165	    957281 ns/op	   67988 B/op	    4104 allocs/op
BenchmarkMicroBatchBudget_Throughput/AlternateTwo/Burst=4096-16             	    1276	   1025480 ns/op	   73574 B/op	    4185 allocs/op
BenchmarkMicroBatchBudget_Throughput/AlternateThree/Burst=64-16             	  270874	      4564 ns/op	    1028 B/op	      64 allocs/op
BenchmarkMicroBatchBudget_Throughput/AlternateThree/Burst=64-16             	  252327	      4688 ns/op	    1034 B/op	      64 allocs/op
BenchmarkMicroBatchBudget_Throughput/AlternateThree/Burst=64-16             	  270859	      4524 ns/op	    1026 B/op	      64 allocs/op
BenchmarkMicroBatchBudget_Throughput/AlternateThree/Burst=64-16             	  256778	      4631 ns/op	    1026 B/op	      64 allocs/op
BenchmarkMicroBatchBudget_Throughput/AlternateThree/Burst=64-16             	  272796	      4482 ns/op	    1026 B/op	      64 allocs/op
BenchmarkMicroBatchBudget_Throughput/AlternateThree/Burst=128-16            	  130714	      9264 ns/op	    2054 B/op	     128 allocs/op
BenchmarkMicroBatchBudget_Throughput/AlternateThree/Burst=128-16            	  131990	      9036 ns/op	    2053 B/op	     128 allocs/op
BenchmarkMicroBatchBudget_Throughput/AlternateThree/Burst=128-16            	  130166	      9466 ns/op	    2056 B/op	     128 allocs/op
BenchmarkMicroBatchBudget_Throughput/AlternateThree/Burst=128-16            	  134245	      9560 ns/op	    2055 B/op	     128 allocs/op
BenchmarkMicroBatchBudget_Throughput/AlternateThree/Burst=128-16            	  136108	      8928 ns/op	    2056 B/op	     128 allocs/op
BenchmarkMicroBatchBudget_Throughput/AlternateThree/Burst=256-16            	   64959	     18220 ns/op	    4110 B/op	     256 allocs/op
BenchmarkMicroBatchBudget_Throughput/AlternateThree/Burst=256-16            	   66331	     17933 ns/op	    4143 B/op	     256 allocs/op
BenchmarkMicroBatchBudget_Throughput/AlternateThree/Burst=256-16            	   63784	     18781 ns/op	    4108 B/op	     256 allocs/op
BenchmarkMicroBatchBudget_Throughput/AlternateThree/Burst=256-16            	   68534	     18044 ns/op	    4110 B/op	     256 allocs/op
BenchmarkMicroBatchBudget_Throughput/AlternateThree/Burst=256-16            	   67014	     17844 ns/op	    4115 B/op	     256 allocs/op
BenchmarkMicroBatchBudget_Throughput/AlternateThree/Burst=512-16            	   32944	     37345 ns/op	    8223 B/op	     512 allocs/op
BenchmarkMicroBatchBudget_Throughput/AlternateThree/Burst=512-16            	   33111	     35742 ns/op	    8215 B/op	     512 allocs/op
BenchmarkMicroBatchBudget_Throughput/AlternateThree/Burst=512-16            	   31993	     37758 ns/op	    8221 B/op	     512 allocs/op
BenchmarkMicroBatchBudget_Throughput/AlternateThree/Burst=512-16            	   32973	     36065 ns/op	    8226 B/op	     512 allocs/op
BenchmarkMicroBatchBudget_Throughput/AlternateThree/Burst=512-16            	   33033	     37896 ns/op	    8232 B/op	     512 allocs/op
BenchmarkMicroBatchBudget_Throughput/AlternateThree/Burst=1024-16           	   16522	     74492 ns/op	   16503 B/op	    1024 allocs/op
BenchmarkMicroBatchBudget_Throughput/AlternateThree/Burst=1024-16           	   16780	     74606 ns/op	   16429 B/op	    1024 allocs/op
BenchmarkMicroBatchBudget_Throughput/AlternateThree/Burst=1024-16           	   16172	     75289 ns/op	   16429 B/op	    1024 allocs/op
BenchmarkMicroBatchBudget_Throughput/AlternateThree/Burst=1024-16           	   16519	     75384 ns/op	   16425 B/op	    1024 allocs/op
BenchmarkMicroBatchBudget_Throughput/AlternateThree/Burst=1024-16           	   16446	     73327 ns/op	   16431 B/op	    1024 allocs/op
BenchmarkMicroBatchBudget_Throughput/AlternateThree/Burst=2048-16           	    8365	    146582 ns/op	   32860 B/op	    2048 allocs/op
BenchmarkMicroBatchBudget_Throughput/AlternateThree/Burst=2048-16           	    8263	    145376 ns/op	   33029 B/op	    2048 allocs/op
BenchmarkMicroBatchBudget_Throughput/AlternateThree/Burst=2048-16           	    8023	    144343 ns/op	   32910 B/op	    2048 allocs/op
BenchmarkMicroBatchBudget_Throughput/AlternateThree/Burst=2048-16           	    8496	    141812 ns/op	   32855 B/op	    2048 allocs/op
BenchmarkMicroBatchBudget_Throughput/AlternateThree/Burst=2048-16           	    8134	    143871 ns/op	   33098 B/op	    2048 allocs/op
BenchmarkMicroBatchBudget_Throughput/AlternateThree/Burst=4096-16           	    4156	    293326 ns/op	   65875 B/op	    4096 allocs/op
BenchmarkMicroBatchBudget_Throughput/AlternateThree/Burst=4096-16           	    4177	    301028 ns/op	   65716 B/op	    4096 allocs/op
BenchmarkMicroBatchBudget_Throughput/AlternateThree/Burst=4096-16           	    4065	    300881 ns/op	   65717 B/op	    4096 allocs/op
BenchmarkMicroBatchBudget_Throughput/AlternateThree/Burst=4096-16           	    4170	    299750 ns/op	   65752 B/op	    4096 allocs/op
BenchmarkMicroBatchBudget_Throughput/AlternateThree/Burst=4096-16           	    4389	    294640 ns/op	   65697 B/op	    4096 allocs/op
BenchmarkMicroBatchBudget_Throughput/Baseline/Burst=64-16                   	  172314	      7257 ns/op	    3589 B/op	     192 allocs/op
BenchmarkMicroBatchBudget_Throughput/Baseline/Burst=64-16                   	  163591	      7572 ns/op	    3584 B/op	     192 allocs/op
BenchmarkMicroBatchBudget_Throughput/Baseline/Burst=64-16                   	  161986	      7615 ns/op	    3584 B/op	     192 allocs/op
BenchmarkMicroBatchBudget_Throughput/Baseline/Burst=64-16                   	  162706	      7614 ns/op	    3584 B/op	     192 allocs/op
BenchmarkMicroBatchBudget_Throughput/Baseline/Burst=64-16                   	  168007	      7697 ns/op	    3584 B/op	     192 allocs/op
BenchmarkMicroBatchBudget_Throughput/Baseline/Burst=128-16                  	   81180	     14838 ns/op	    7169 B/op	     384 allocs/op
BenchmarkMicroBatchBudget_Throughput/Baseline/Burst=128-16                  	   81324	     15353 ns/op	    7169 B/op	     384 allocs/op
BenchmarkMicroBatchBudget_Throughput/Baseline/Burst=128-16                  	   84261	     15418 ns/op	    7181 B/op	     384 allocs/op
BenchmarkMicroBatchBudget_Throughput/Baseline/Burst=128-16                  	   80672	     15316 ns/op	    7168 B/op	     384 allocs/op
BenchmarkMicroBatchBudget_Throughput/Baseline/Burst=128-16                  	   81686	     15302 ns/op	    7169 B/op	     384 allocs/op
BenchmarkMicroBatchBudget_Throughput/Baseline/Burst=256-16                  	   41619	     29014 ns/op	   14410 B/op	     768 allocs/op
BenchmarkMicroBatchBudget_Throughput/Baseline/Burst=256-16                  	   38997	     31032 ns/op	   14351 B/op	     768 allocs/op
BenchmarkMicroBatchBudget_Throughput/Baseline/Burst=256-16                  	   40221	     30694 ns/op	   14397 B/op	     768 allocs/op
BenchmarkMicroBatchBudget_Throughput/Baseline/Burst=256-16                  	   40297	     31439 ns/op	   14339 B/op	     768 allocs/op
BenchmarkMicroBatchBudget_Throughput/Baseline/Burst=256-16                  	   38401	     30848 ns/op	   14337 B/op	     768 allocs/op
BenchmarkMicroBatchBudget_Throughput/Baseline/Burst=512-16                  	   20280	     58490 ns/op	   28675 B/op	    1536 allocs/op
BenchmarkMicroBatchBudget_Throughput/Baseline/Burst=512-16                  	   21211	     59292 ns/op	   28676 B/op	    1536 allocs/op
BenchmarkMicroBatchBudget_Throughput/Baseline/Burst=512-16                  	   21337	     61495 ns/op	   28674 B/op	    1536 allocs/op
BenchmarkMicroBatchBudget_Throughput/Baseline/Burst=512-16                  	   20644	     59489 ns/op	   28675 B/op	    1536 allocs/op
BenchmarkMicroBatchBudget_Throughput/Baseline/Burst=512-16                  	   20356	     58859 ns/op	   28675 B/op	    1536 allocs/op
BenchmarkMicroBatchBudget_Throughput/Baseline/Burst=1024-16                 	   10000	    117187 ns/op	   57454 B/op	    3072 allocs/op
BenchmarkMicroBatchBudget_Throughput/Baseline/Burst=1024-16                 	    9721	    119362 ns/op	   57493 B/op	    3072 allocs/op
BenchmarkMicroBatchBudget_Throughput/Baseline/Burst=1024-16                 	   10000	    116223 ns/op	   57430 B/op	    3072 allocs/op
BenchmarkMicroBatchBudget_Throughput/Baseline/Burst=1024-16                 	   10000	    118364 ns/op	   57352 B/op	    3072 allocs/op
BenchmarkMicroBatchBudget_Throughput/Baseline/Burst=1024-16                 	    9928	    117258 ns/op	   57369 B/op	    3072 allocs/op
BenchmarkMicroBatchBudget_Throughput/Baseline/Burst=2048-16                 	    5199	    228822 ns/op	  114723 B/op	    6144 allocs/op
BenchmarkMicroBatchBudget_Throughput/Baseline/Burst=2048-16                 	    4983	    240120 ns/op	  114699 B/op	    6144 allocs/op
BenchmarkMicroBatchBudget_Throughput/Baseline/Burst=2048-16                 	    4998	    232032 ns/op	  114701 B/op	    6144 allocs/op
BenchmarkMicroBatchBudget_Throughput/Baseline/Burst=2048-16                 	    5102	    239586 ns/op	  114703 B/op	    6144 allocs/op
BenchmarkMicroBatchBudget_Throughput/Baseline/Burst=2048-16                 	    4912	    233057 ns/op	  114747 B/op	    6144 allocs/op
BenchmarkMicroBatchBudget_Throughput/Baseline/Burst=4096-16                 	    2587	    466381 ns/op	  229406 B/op	   12288 allocs/op
BenchmarkMicroBatchBudget_Throughput/Baseline/Burst=4096-16                 	    2430	    467055 ns/op	  229400 B/op	   12288 allocs/op
BenchmarkMicroBatchBudget_Throughput/Baseline/Burst=4096-16                 	    2442	    468837 ns/op	  229400 B/op	   12288 allocs/op
BenchmarkMicroBatchBudget_Throughput/Baseline/Burst=4096-16                 	    2475	    462909 ns/op	  229415 B/op	   12288 allocs/op
BenchmarkMicroBatchBudget_Throughput/Baseline/Burst=4096-16                 	    2560	    471018 ns/op	  229399 B/op	   12288 allocs/op
BenchmarkMicroBatchBudget_Latency/Main/Burst=64-16                          	   27068	     44586 ns/op	    1152 B/op	      66 allocs/op
BenchmarkMicroBatchBudget_Latency/Main/Burst=64-16                          	   26796	     44712 ns/op	    1152 B/op	      66 allocs/op
BenchmarkMicroBatchBudget_Latency/Main/Burst=64-16                          	   26532	     44337 ns/op	    1152 B/op	      66 allocs/op
BenchmarkMicroBatchBudget_Latency/Main/Burst=64-16                          	   27063	     44565 ns/op	    1152 B/op	      66 allocs/op
BenchmarkMicroBatchBudget_Latency/Main/Burst=64-16                          	   26907	     44551 ns/op	    1152 B/op	      66 allocs/op
BenchmarkMicroBatchBudget_Latency/Main/Burst=128-16                         	   13999	     85354 ns/op	    2178 B/op	     130 allocs/op
BenchmarkMicroBatchBudget_Latency/Main/Burst=128-16                         	   14078	     85454 ns/op	    2177 B/op	     130 allocs/op
BenchmarkMicroBatchBudget_Latency/Main/Burst=128-16                         	   14170	     85429 ns/op	    2178 B/op	     130 allocs/op
BenchmarkMicroBatchBudget_Latency/Main/Burst=128-16                         	   14066	     85373 ns/op	    2178 B/op	     130 allocs/op
BenchmarkMicroBatchBudget_Latency/Main/Burst=128-16                         	   14020	     84849 ns/op	    2178 B/op	     130 allocs/op
BenchmarkMicroBatchBudget_Latency/Main/Burst=256-16                         	    6789	    169590 ns/op	   26289 B/op	     262 allocs/op
BenchmarkMicroBatchBudget_Latency/Main/Burst=256-16                         	    7010	    169554 ns/op	   24719 B/op	     261 allocs/op
BenchmarkMicroBatchBudget_Latency/Main/Burst=256-16                         	    6926	    170144 ns/op	   25985 B/op	     262 allocs/op
BenchmarkMicroBatchBudget_Latency/Main/Burst=256-16                         	    7076	    168211 ns/op	   26467 B/op	     262 allocs/op
BenchmarkMicroBatchBudget_Latency/Main/Burst=256-16                         	    7082	    169617 ns/op	   25393 B/op	     261 allocs/op
BenchmarkMicroBatchBudget_Latency/Main/Burst=512-16                         	    3738	    328553 ns/op	   48772 B/op	     520 allocs/op
BenchmarkMicroBatchBudget_Latency/Main/Burst=512-16                         	    3632	    330229 ns/op	   48394 B/op	     520 allocs/op
BenchmarkMicroBatchBudget_Latency/Main/Burst=512-16                         	    3630	    331813 ns/op	   47700 B/op	     519 allocs/op
BenchmarkMicroBatchBudget_Latency/Main/Burst=512-16                         	    3549	    330332 ns/op	   49216 B/op	     520 allocs/op
BenchmarkMicroBatchBudget_Latency/Main/Burst=512-16                         	    3594	    332632 ns/op	   46900 B/op	     519 allocs/op
BenchmarkMicroBatchBudget_Latency/Main/Burst=1024-16                        	    1821	    654606 ns/op	   85826 B/op	    1036 allocs/op
BenchmarkMicroBatchBudget_Latency/Main/Burst=1024-16                        	    1843	    651996 ns/op	   86771 B/op	    1036 allocs/op
BenchmarkMicroBatchBudget_Latency/Main/Burst=1024-16                        	    1843	    650567 ns/op	   86284 B/op	    1036 allocs/op
BenchmarkMicroBatchBudget_Latency/Main/Burst=1024-16                        	    1861	    649772 ns/op	   86411 B/op	    1036 allocs/op
BenchmarkMicroBatchBudget_Latency/Main/Burst=1024-16                        	    1840	    646881 ns/op	   90258 B/op	    1036 allocs/op
BenchmarkMicroBatchBudget_Latency/Main/Burst=2048-16                        	     922	   1307725 ns/op	  209617 B/op	    2083 allocs/op
BenchmarkMicroBatchBudget_Latency/Main/Burst=2048-16                        	     916	   1303797 ns/op	  197545 B/op	    2080 allocs/op
BenchmarkMicroBatchBudget_Latency/Main/Burst=2048-16                        	     933	   1297605 ns/op	  196529 B/op	    2080 allocs/op
BenchmarkMicroBatchBudget_Latency/Main/Burst=2048-16                        	     836	   1309102 ns/op	  202686 B/op	    2080 allocs/op
BenchmarkMicroBatchBudget_Latency/Main/Burst=2048-16                        	     922	   1318434 ns/op	  201187 B/op	    2081 allocs/op
BenchmarkMicroBatchBudget_Latency/Main/Burst=4096-16                        	     459	   2630375 ns/op	  478448 B/op	    4155 allocs/op
BenchmarkMicroBatchBudget_Latency/Main/Burst=4096-16                        	     452	   2624427 ns/op	  435274 B/op	    4148 allocs/op
BenchmarkMicroBatchBudget_Latency/Main/Burst=4096-16                        	     456	   2615828 ns/op	  419892 B/op	    4146 allocs/op
BenchmarkMicroBatchBudget_Latency/Main/Burst=4096-16                        	     459	   2661085 ns/op	  416916 B/op	    4145 allocs/op
BenchmarkMicroBatchBudget_Latency/Main/Burst=4096-16                        	     459	   2639468 ns/op	  421512 B/op	    4145 allocs/op
BenchmarkMicroBatchBudget_Latency/MainFastPathForced/Burst=64-16            	   27240	     43827 ns/op	    1152 B/op	      66 allocs/op
BenchmarkMicroBatchBudget_Latency/MainFastPathForced/Burst=64-16            	   27084	     44566 ns/op	    1152 B/op	      66 allocs/op
BenchmarkMicroBatchBudget_Latency/MainFastPathForced/Burst=64-16            	   26832	     44586 ns/op	    1152 B/op	      66 allocs/op
BenchmarkMicroBatchBudget_Latency/MainFastPathForced/Burst=64-16            	   26828	     44481 ns/op	    1152 B/op	      66 allocs/op
BenchmarkMicroBatchBudget_Latency/MainFastPathForced/Burst=64-16            	   27196	     44179 ns/op	    1152 B/op	      66 allocs/op
BenchmarkMicroBatchBudget_Latency/MainFastPathForced/Burst=128-16           	   14228	     85614 ns/op	    2177 B/op	     130 allocs/op
BenchmarkMicroBatchBudget_Latency/MainFastPathForced/Burst=128-16           	   14074	     84939 ns/op	    2177 B/op	     130 allocs/op
BenchmarkMicroBatchBudget_Latency/MainFastPathForced/Burst=128-16           	   14092	     85276 ns/op	    2178 B/op	     130 allocs/op
BenchmarkMicroBatchBudget_Latency/MainFastPathForced/Burst=128-16           	   13970	     85883 ns/op	    2178 B/op	     130 allocs/op
BenchmarkMicroBatchBudget_Latency/MainFastPathForced/Burst=128-16           	   14121	     85253 ns/op	    2178 B/op	     130 allocs/op
BenchmarkMicroBatchBudget_Latency/MainFastPathForced/Burst=256-16           	    6973	    168400 ns/op	   26374 B/op	     262 allocs/op
BenchmarkMicroBatchBudget_Latency/MainFastPathForced/Burst=256-16           	    7094	    168284 ns/op	   27689 B/op	     262 allocs/op
BenchmarkMicroBatchBudget_Latency/MainFastPathForced/Burst=256-16           	    7311	    168539 ns/op	   27083 B/op	     262 allocs/op
BenchmarkMicroBatchBudget_Latency/MainFastPathForced/Burst=256-16           	    6981	    170253 ns/op	   27037 B/op	     262 allocs/op
BenchmarkMicroBatchBudget_Latency/MainFastPathForced/Burst=256-16           	    7232	    169159 ns/op	   26621 B/op	     262 allocs/op
BenchmarkMicroBatchBudget_Latency/MainFastPathForced/Burst=512-16           	    3619	    331276 ns/op	   49018 B/op	     520 allocs/op
BenchmarkMicroBatchBudget_Latency/MainFastPathForced/Burst=512-16           	    3590	    327919 ns/op	   48448 B/op	     520 allocs/op
BenchmarkMicroBatchBudget_Latency/MainFastPathForced/Burst=512-16           	    3548	    331664 ns/op	   47329 B/op	     519 allocs/op
BenchmarkMicroBatchBudget_Latency/MainFastPathForced/Burst=512-16           	    3649	    330446 ns/op	   48195 B/op	     520 allocs/op
BenchmarkMicroBatchBudget_Latency/MainFastPathForced/Burst=512-16           	    3594	    328002 ns/op	   49013 B/op	     520 allocs/op
BenchmarkMicroBatchBudget_Latency/MainFastPathForced/Burst=1024-16          	    1843	    653627 ns/op	   85508 B/op	    1036 allocs/op
BenchmarkMicroBatchBudget_Latency/MainFastPathForced/Burst=1024-16          	    1842	    647928 ns/op	   83579 B/op	    1035 allocs/op
BenchmarkMicroBatchBudget_Latency/MainFastPathForced/Burst=1024-16          	    1809	    652637 ns/op	   84288 B/op	    1035 allocs/op
BenchmarkMicroBatchBudget_Latency/MainFastPathForced/Burst=1024-16          	    1808	    654010 ns/op	   81740 B/op	    1035 allocs/op
BenchmarkMicroBatchBudget_Latency/MainFastPathForced/Burst=1024-16          	    1842	    649232 ns/op	   80348 B/op	    1035 allocs/op
BenchmarkMicroBatchBudget_Latency/MainFastPathForced/Burst=2048-16          	     924	   1303057 ns/op	  224334 B/op	    2085 allocs/op
BenchmarkMicroBatchBudget_Latency/MainFastPathForced/Burst=2048-16          	     920	   1321257 ns/op	  204936 B/op	    2082 allocs/op
BenchmarkMicroBatchBudget_Latency/MainFastPathForced/Burst=2048-16          	     904	   1318858 ns/op	  189899 B/op	    2079 allocs/op
BenchmarkMicroBatchBudget_Latency/MainFastPathForced/Burst=2048-16          	     922	   1298079 ns/op	  192647 B/op	    2080 allocs/op
BenchmarkMicroBatchBudget_Latency/MainFastPathForced/Burst=2048-16          	     927	   1330365 ns/op	  199108 B/op	    2081 allocs/op
BenchmarkMicroBatchBudget_Latency/MainFastPathForced/Burst=4096-16          	     460	   2612828 ns/op	  453347 B/op	    4151 allocs/op
BenchmarkMicroBatchBudget_Latency/MainFastPathForced/Burst=4096-16          	     460	   2643899 ns/op	  430084 B/op	    4148 allocs/op
BenchmarkMicroBatchBudget_Latency/MainFastPathForced/Burst=4096-16          	     457	   2632291 ns/op	  450570 B/op	    4151 allocs/op
BenchmarkMicroBatchBudget_Latency/MainFastPathForced/Burst=4096-16          	     451	   2660421 ns/op	  455699 B/op	    4151 allocs/op
BenchmarkMicroBatchBudget_Latency/MainFastPathForced/Burst=4096-16          	     440	   2674318 ns/op	  453206 B/op	    4151 allocs/op
BenchmarkMicroBatchBudget_Latency/MainFastPathDisabled/Burst=64-16          	   26559	     44915 ns/op	    1152 B/op	      66 allocs/op
BenchmarkMicroBatchBudget_Latency/MainFastPathDisabled/Burst=64-16          	   26550	     44895 ns/op	    1152 B/op	      66 allocs/op
BenchmarkMicroBatchBudget_Latency/MainFastPathDisabled/Burst=64-16          	   27109	     45257 ns/op	    1152 B/op	      66 allocs/op
BenchmarkMicroBatchBudget_Latency/MainFastPathDisabled/Burst=64-16          	   26508	     45483 ns/op	    1152 B/op	      66 allocs/op
BenchmarkMicroBatchBudget_Latency/MainFastPathDisabled/Burst=64-16          	   26280	     44784 ns/op	    1152 B/op	      66 allocs/op
BenchmarkMicroBatchBudget_Latency/MainFastPathDisabled/Burst=128-16         	   14000	     85091 ns/op	    2178 B/op	     130 allocs/op
BenchmarkMicroBatchBudget_Latency/MainFastPathDisabled/Burst=128-16         	   13803	     85858 ns/op	    2178 B/op	     130 allocs/op
BenchmarkMicroBatchBudget_Latency/MainFastPathDisabled/Burst=128-16         	   14116	     86836 ns/op	    2178 B/op	     130 allocs/op
BenchmarkMicroBatchBudget_Latency/MainFastPathDisabled/Burst=128-16         	   13980	     86158 ns/op	    2178 B/op	     130 allocs/op
BenchmarkMicroBatchBudget_Latency/MainFastPathDisabled/Burst=128-16         	   14078	     85408 ns/op	    2177 B/op	     130 allocs/op
BenchmarkMicroBatchBudget_Latency/MainFastPathDisabled/Burst=256-16         	    6850	    170145 ns/op	   22254 B/op	     261 allocs/op
BenchmarkMicroBatchBudget_Latency/MainFastPathDisabled/Burst=256-16         	    6996	    168342 ns/op	   21935 B/op	     261 allocs/op
BenchmarkMicroBatchBudget_Latency/MainFastPathDisabled/Burst=256-16         	    7173	    167473 ns/op	   22863 B/op	     261 allocs/op
BenchmarkMicroBatchBudget_Latency/MainFastPathDisabled/Burst=256-16         	    7194	    169462 ns/op	   22585 B/op	     261 allocs/op
BenchmarkMicroBatchBudget_Latency/MainFastPathDisabled/Burst=256-16         	    6927	    168267 ns/op	   22669 B/op	     261 allocs/op
BenchmarkMicroBatchBudget_Latency/MainFastPathDisabled/Burst=512-16         	    3628	    329585 ns/op	   44701 B/op	     519 allocs/op
BenchmarkMicroBatchBudget_Latency/MainFastPathDisabled/Burst=512-16         	    3735	    330709 ns/op	   44631 B/op	     519 allocs/op
BenchmarkMicroBatchBudget_Latency/MainFastPathDisabled/Burst=512-16         	    3637	    331482 ns/op	   46601 B/op	     519 allocs/op
BenchmarkMicroBatchBudget_Latency/MainFastPathDisabled/Burst=512-16         	    3571	    330681 ns/op	   47632 B/op	     519 allocs/op
BenchmarkMicroBatchBudget_Latency/MainFastPathDisabled/Burst=512-16         	    3663	    332160 ns/op	   46121 B/op	     519 allocs/op
BenchmarkMicroBatchBudget_Latency/MainFastPathDisabled/Burst=1024-16        	    1818	    643353 ns/op	   90107 B/op	    1036 allocs/op
BenchmarkMicroBatchBudget_Latency/MainFastPathDisabled/Burst=1024-16        	    1869	    650071 ns/op	   86265 B/op	    1035 allocs/op
BenchmarkMicroBatchBudget_Latency/MainFastPathDisabled/Burst=1024-16        	    1857	    652252 ns/op	   86650 B/op	    1036 allocs/op
BenchmarkMicroBatchBudget_Latency/MainFastPathDisabled/Burst=1024-16        	    1806	    649779 ns/op	   83519 B/op	    1035 allocs/op
BenchmarkMicroBatchBudget_Latency/MainFastPathDisabled/Burst=1024-16        	    1848	    657851 ns/op	   84795 B/op	    1036 allocs/op
BenchmarkMicroBatchBudget_Latency/MainFastPathDisabled/Burst=2048-16        	     908	   1318683 ns/op	  197394 B/op	    2080 allocs/op
BenchmarkMicroBatchBudget_Latency/MainFastPathDisabled/Burst=2048-16        	     914	   1307391 ns/op	  198528 B/op	    2081 allocs/op
BenchmarkMicroBatchBudget_Latency/MainFastPathDisabled/Burst=2048-16        	     908	   1318622 ns/op	  186695 B/op	    2079 allocs/op
BenchmarkMicroBatchBudget_Latency/MainFastPathDisabled/Burst=2048-16        	     915	   1308458 ns/op	  196559 B/op	    2080 allocs/op
BenchmarkMicroBatchBudget_Latency/MainFastPathDisabled/Burst=2048-16        	     908	   1312004 ns/op	  204689 B/op	    2082 allocs/op
BenchmarkMicroBatchBudget_Latency/MainFastPathDisabled/Burst=4096-16        	     453	   2626941 ns/op	  463262 B/op	    4154 allocs/op
BenchmarkMicroBatchBudget_Latency/MainFastPathDisabled/Burst=4096-16        	     456	   2647825 ns/op	  455635 B/op	    4152 allocs/op
BenchmarkMicroBatchBudget_Latency/MainFastPathDisabled/Burst=4096-16        	     458	   2617740 ns/op	  450092 B/op	    4150 allocs/op
BenchmarkMicroBatchBudget_Latency/MainFastPathDisabled/Burst=4096-16        	     456	   2651266 ns/op	  462070 B/op	    4153 allocs/op
BenchmarkMicroBatchBudget_Latency/MainFastPathDisabled/Burst=4096-16        	     457	   2668646 ns/op	  440435 B/op	    4149 allocs/op
BenchmarkMicroBatchBudget_Latency/AlternateOne/Burst=64-16                  	   76842	     15264 ns/op	    1152 B/op	      66 allocs/op
BenchmarkMicroBatchBudget_Latency/AlternateOne/Burst=64-16                  	   76099	     15642 ns/op	    1152 B/op	      66 allocs/op
BenchmarkMicroBatchBudget_Latency/AlternateOne/Burst=64-16                  	   76676	     15581 ns/op	    1152 B/op	      66 allocs/op
BenchmarkMicroBatchBudget_Latency/AlternateOne/Burst=64-16                  	   75775	     15379 ns/op	    1152 B/op	      66 allocs/op
BenchmarkMicroBatchBudget_Latency/AlternateOne/Burst=64-16                  	   76443	     15690 ns/op	    1152 B/op	      66 allocs/op
BenchmarkMicroBatchBudget_Latency/AlternateOne/Burst=128-16                 	   52513	     22983 ns/op	    2176 B/op	     130 allocs/op
BenchmarkMicroBatchBudget_Latency/AlternateOne/Burst=128-16                 	   52372	     23039 ns/op	    2176 B/op	     130 allocs/op
BenchmarkMicroBatchBudget_Latency/AlternateOne/Burst=128-16                 	   53070	     22593 ns/op	    2176 B/op	     130 allocs/op
BenchmarkMicroBatchBudget_Latency/AlternateOne/Burst=128-16                 	   52808	     22902 ns/op	    2176 B/op	     130 allocs/op
BenchmarkMicroBatchBudget_Latency/AlternateOne/Burst=128-16                 	   52933	     23228 ns/op	    2176 B/op	     130 allocs/op
BenchmarkMicroBatchBudget_Latency/AlternateOne/Burst=256-16                 	   34185	     34192 ns/op	    4235 B/op	     258 allocs/op
BenchmarkMicroBatchBudget_Latency/AlternateOne/Burst=256-16                 	   33892	     33969 ns/op	    4237 B/op	     258 allocs/op
BenchmarkMicroBatchBudget_Latency/AlternateOne/Burst=256-16                 	   34096	     33577 ns/op	    4236 B/op	     258 allocs/op
BenchmarkMicroBatchBudget_Latency/AlternateOne/Burst=256-16                 	   34450	     33689 ns/op	    4235 B/op	     258 allocs/op
BenchmarkMicroBatchBudget_Latency/AlternateOne/Burst=256-16                 	   34582	     34082 ns/op	    4236 B/op	     258 allocs/op
BenchmarkMicroBatchBudget_Latency/AlternateOne/Burst=512-16                 	   20640	     56989 ns/op	    8345 B/op	     514 allocs/op
BenchmarkMicroBatchBudget_Latency/AlternateOne/Burst=512-16                 	   20266	     56472 ns/op	    8346 B/op	     514 allocs/op
BenchmarkMicroBatchBudget_Latency/AlternateOne/Burst=512-16                 	   20799	     56529 ns/op	    8346 B/op	     514 allocs/op
BenchmarkMicroBatchBudget_Latency/AlternateOne/Burst=512-16                 	   20566	     56633 ns/op	    8345 B/op	     514 allocs/op
BenchmarkMicroBatchBudget_Latency/AlternateOne/Burst=512-16                 	   20235	     56429 ns/op	    8346 B/op	     514 allocs/op
BenchmarkMicroBatchBudget_Latency/AlternateOne/Burst=1024-16                	   10000	    104074 ns/op	   16565 B/op	    1026 allocs/op
BenchmarkMicroBatchBudget_Latency/AlternateOne/Burst=1024-16                	   10000	    106966 ns/op	   16567 B/op	    1026 allocs/op
BenchmarkMicroBatchBudget_Latency/AlternateOne/Burst=1024-16                	   10000	    103349 ns/op	   16564 B/op	    1026 allocs/op
BenchmarkMicroBatchBudget_Latency/AlternateOne/Burst=1024-16                	   10000	    102459 ns/op	   16559 B/op	    1026 allocs/op
BenchmarkMicroBatchBudget_Latency/AlternateOne/Burst=1024-16                	   10000	    104673 ns/op	   16563 B/op	    1026 allocs/op
BenchmarkMicroBatchBudget_Latency/AlternateOne/Burst=2048-16                	    5634	    190674 ns/op	   33028 B/op	    2050 allocs/op
BenchmarkMicroBatchBudget_Latency/AlternateOne/Burst=2048-16                	    6452	    195383 ns/op	   33027 B/op	    2050 allocs/op
BenchmarkMicroBatchBudget_Latency/AlternateOne/Burst=2048-16                	    6026	    190935 ns/op	   33033 B/op	    2050 allocs/op
BenchmarkMicroBatchBudget_Latency/AlternateOne/Burst=2048-16                	    6229	    201671 ns/op	   33022 B/op	    2050 allocs/op
BenchmarkMicroBatchBudget_Latency/AlternateOne/Burst=2048-16                	    6072	    189532 ns/op	   33021 B/op	    2050 allocs/op
BenchmarkMicroBatchBudget_Latency/AlternateOne/Burst=4096-16                	    3301	    382013 ns/op	   66045 B/op	    4098 allocs/op
BenchmarkMicroBatchBudget_Latency/AlternateOne/Burst=4096-16                	    3242	    374085 ns/op	   66025 B/op	    4098 allocs/op
BenchmarkMicroBatchBudget_Latency/AlternateOne/Burst=4096-16                	    3220	    380618 ns/op	   66053 B/op	    4098 allocs/op
BenchmarkMicroBatchBudget_Latency/AlternateOne/Burst=4096-16                	    3186	    371195 ns/op	   66029 B/op	    4098 allocs/op
BenchmarkMicroBatchBudget_Latency/AlternateOne/Burst=4096-16                	    3258	    377632 ns/op	   66042 B/op	    4098 allocs/op
BenchmarkMicroBatchBudget_Latency/AlternateTwo/Burst=64-16                  	   53953	     23216 ns/op	    1157 B/op	      66 allocs/op
BenchmarkMicroBatchBudget_Latency/AlternateTwo/Burst=64-16                  	   57678	     21312 ns/op	    1156 B/op	      66 allocs/op
BenchmarkMicroBatchBudget_Latency/AlternateTwo/Burst=64-16                  	   56713	     22537 ns/op	    1156 B/op	      66 allocs/op
BenchmarkMicroBatchBudget_Latency/AlternateTwo/Burst=64-16                  	   49946	     21685 ns/op	    1156 B/op	      66 allocs/op
BenchmarkMicroBatchBudget_Latency/AlternateTwo/Burst=64-16                  	   56229	     21439 ns/op	    1156 B/op	      66 allocs/op
BenchmarkMicroBatchBudget_Latency/AlternateTwo/Burst=128-16                 	   32527	     42290 ns/op	    2195 B/op	     130 allocs/op
BenchmarkMicroBatchBudget_Latency/AlternateTwo/Burst=128-16                 	   32191	     38610 ns/op	    2190 B/op	     130 allocs/op
BenchmarkMicroBatchBudget_Latency/AlternateTwo/Burst=128-16                 	   30279	     42599 ns/op	    2193 B/op	     130 allocs/op
BenchmarkMicroBatchBudget_Latency/AlternateTwo/Burst=128-16                 	   33146	     37787 ns/op	    2192 B/op	     130 allocs/op
BenchmarkMicroBatchBudget_Latency/AlternateTwo/Burst=128-16                 	   31105	     38175 ns/op	    2190 B/op	     130 allocs/op
BenchmarkMicroBatchBudget_Latency/AlternateTwo/Burst=256-16                 	   17104	     72874 ns/op	    4288 B/op	     258 allocs/op
BenchmarkMicroBatchBudget_Latency/AlternateTwo/Burst=256-16                 	   17494	     70609 ns/op	    4271 B/op	     258 allocs/op
BenchmarkMicroBatchBudget_Latency/AlternateTwo/Burst=256-16                 	   16608	     70625 ns/op	    4279 B/op	     258 allocs/op
BenchmarkMicroBatchBudget_Latency/AlternateTwo/Burst=256-16                 	   16916	     72183 ns/op	    4272 B/op	     258 allocs/op
BenchmarkMicroBatchBudget_Latency/AlternateTwo/Burst=256-16                 	   17103	     69755 ns/op	    4282 B/op	     258 allocs/op
BenchmarkMicroBatchBudget_Latency/AlternateTwo/Burst=512-16                 	   10000	    129207 ns/op	    8509 B/op	     514 allocs/op
BenchmarkMicroBatchBudget_Latency/AlternateTwo/Burst=512-16                 	   10000	    142522 ns/op	    8472 B/op	     514 allocs/op
BenchmarkMicroBatchBudget_Latency/AlternateTwo/Burst=512-16                 	    7581	    137340 ns/op	    8470 B/op	     514 allocs/op
BenchmarkMicroBatchBudget_Latency/AlternateTwo/Burst=512-16                 	    9030	    134940 ns/op	    8463 B/op	     514 allocs/op
BenchmarkMicroBatchBudget_Latency/AlternateTwo/Burst=512-16                 	   10000	    130939 ns/op	    8485 B/op	     514 allocs/op
BenchmarkMicroBatchBudget_Latency/AlternateTwo/Burst=1024-16                	    5581	    269544 ns/op	   16985 B/op	    1027 allocs/op
BenchmarkMicroBatchBudget_Latency/AlternateTwo/Burst=1024-16                	    5730	    261018 ns/op	   16932 B/op	    1026 allocs/op
BenchmarkMicroBatchBudget_Latency/AlternateTwo/Burst=1024-16                	    7735	    257214 ns/op	   16924 B/op	    1026 allocs/op
BenchmarkMicroBatchBudget_Latency/AlternateTwo/Burst=1024-16                	    4068	    261488 ns/op	   16897 B/op	    1026 allocs/op
BenchmarkMicroBatchBudget_Latency/AlternateTwo/Burst=1024-16                	    6722	    258221 ns/op	   16903 B/op	    1026 allocs/op
BenchmarkMicroBatchBudget_Latency/AlternateTwo/Burst=2048-16                	    2481	    520383 ns/op	   33853 B/op	    2052 allocs/op
BenchmarkMicroBatchBudget_Latency/AlternateTwo/Burst=2048-16                	    2359	    542111 ns/op	   33789 B/op	    2051 allocs/op
BenchmarkMicroBatchBudget_Latency/AlternateTwo/Burst=2048-16                	    1893	    536035 ns/op	   33707 B/op	    2051 allocs/op
BenchmarkMicroBatchBudget_Latency/AlternateTwo/Burst=2048-16                	    1845	    569261 ns/op	   33694 B/op	    2051 allocs/op
BenchmarkMicroBatchBudget_Latency/AlternateTwo/Burst=2048-16                	    2455	    528695 ns/op	   33703 B/op	    2051 allocs/op
BenchmarkMicroBatchBudget_Latency/AlternateTwo/Burst=4096-16                	    1414	    988738 ns/op	   68045 B/op	    4104 allocs/op
BenchmarkMicroBatchBudget_Latency/AlternateTwo/Burst=4096-16                	    1168	   1071856 ns/op	   67232 B/op	    4100 allocs/op
BenchmarkMicroBatchBudget_Latency/AlternateTwo/Burst=4096-16                	    1278	   1043522 ns/op	   67173 B/op	    4100 allocs/op
BenchmarkMicroBatchBudget_Latency/AlternateTwo/Burst=4096-16                	    1088	   1043882 ns/op	   67396 B/op	    4100 allocs/op
BenchmarkMicroBatchBudget_Latency/AlternateTwo/Burst=4096-16                	     980	   1069097 ns/op	   67457 B/op	    4102 allocs/op
BenchmarkMicroBatchBudget_Latency/AlternateThree/Burst=64-16                	   99043	     13022 ns/op	    1152 B/op	      66 allocs/op
BenchmarkMicroBatchBudget_Latency/AlternateThree/Burst=64-16                	   90176	     13249 ns/op	    1152 B/op	      66 allocs/op
BenchmarkMicroBatchBudget_Latency/AlternateThree/Burst=64-16                	   96822	     13466 ns/op	    1152 B/op	      66 allocs/op
BenchmarkMicroBatchBudget_Latency/AlternateThree/Burst=64-16                	   97580	     13678 ns/op	    1152 B/op	      66 allocs/op
BenchmarkMicroBatchBudget_Latency/AlternateThree/Burst=64-16                	  102933	     11562 ns/op	    1152 B/op	      66 allocs/op
BenchmarkMicroBatchBudget_Latency/AlternateThree/Burst=128-16               	   62066	     18795 ns/op	    2176 B/op	     130 allocs/op
BenchmarkMicroBatchBudget_Latency/AlternateThree/Burst=128-16               	   65574	     19246 ns/op	    2176 B/op	     130 allocs/op
BenchmarkMicroBatchBudget_Latency/AlternateThree/Burst=128-16               	   62870	     19304 ns/op	    2176 B/op	     130 allocs/op
BenchmarkMicroBatchBudget_Latency/AlternateThree/Burst=128-16               	   64083	     19197 ns/op	    2176 B/op	     130 allocs/op
BenchmarkMicroBatchBudget_Latency/AlternateThree/Burst=128-16               	   64160	     18888 ns/op	    2176 B/op	     130 allocs/op
BenchmarkMicroBatchBudget_Latency/AlternateThree/Burst=256-16               	   43123	     28438 ns/op	    4231 B/op	     258 allocs/op
BenchmarkMicroBatchBudget_Latency/AlternateThree/Burst=256-16               	   42376	     29126 ns/op	    4231 B/op	     258 allocs/op
BenchmarkMicroBatchBudget_Latency/AlternateThree/Burst=256-16               	   42303	     28712 ns/op	    4231 B/op	     258 allocs/op
BenchmarkMicroBatchBudget_Latency/AlternateThree/Burst=256-16               	   41244	     29259 ns/op	    4231 B/op	     258 allocs/op
BenchmarkMicroBatchBudget_Latency/AlternateThree/Burst=256-16               	   41431	     29305 ns/op	    4231 B/op	     258 allocs/op
BenchmarkMicroBatchBudget_Latency/AlternateThree/Burst=512-16               	   25090	     46416 ns/op	    8333 B/op	     514 allocs/op
BenchmarkMicroBatchBudget_Latency/AlternateThree/Burst=512-16               	   25546	     47592 ns/op	    8334 B/op	     514 allocs/op
BenchmarkMicroBatchBudget_Latency/AlternateThree/Burst=512-16               	   24849	     48766 ns/op	    8334 B/op	     514 allocs/op
BenchmarkMicroBatchBudget_Latency/AlternateThree/Burst=512-16               	   24777	     48875 ns/op	    8334 B/op	     514 allocs/op
BenchmarkMicroBatchBudget_Latency/AlternateThree/Burst=512-16               	   24676	     47760 ns/op	    8334 B/op	     514 allocs/op
BenchmarkMicroBatchBudget_Latency/AlternateThree/Burst=1024-16              	   13945	     85719 ns/op	   16543 B/op	    1026 allocs/op
BenchmarkMicroBatchBudget_Latency/AlternateThree/Burst=1024-16              	   14415	     82026 ns/op	   16546 B/op	    1026 allocs/op
BenchmarkMicroBatchBudget_Latency/AlternateThree/Burst=1024-16              	   14145	     86313 ns/op	   16543 B/op	    1026 allocs/op
BenchmarkMicroBatchBudget_Latency/AlternateThree/Burst=1024-16              	   14410	     86025 ns/op	   16543 B/op	    1026 allocs/op
BenchmarkMicroBatchBudget_Latency/AlternateThree/Burst=1024-16              	   14346	     81913 ns/op	   16543 B/op	    1026 allocs/op
BenchmarkMicroBatchBudget_Latency/AlternateThree/Burst=2048-16              	    8100	    158479 ns/op	   32972 B/op	    2050 allocs/op
BenchmarkMicroBatchBudget_Latency/AlternateThree/Burst=2048-16              	    8089	    162327 ns/op	   32970 B/op	    2050 allocs/op
BenchmarkMicroBatchBudget_Latency/AlternateThree/Burst=2048-16              	    7316	    162018 ns/op	   32975 B/op	    2050 allocs/op
BenchmarkMicroBatchBudget_Latency/AlternateThree/Burst=2048-16              	    7513	    161979 ns/op	   32975 B/op	    2050 allocs/op
BenchmarkMicroBatchBudget_Latency/AlternateThree/Burst=2048-16              	    7245	    154334 ns/op	   32977 B/op	    2050 allocs/op
BenchmarkMicroBatchBudget_Latency/AlternateThree/Burst=4096-16              	    3900	    298374 ns/op	   65828 B/op	    4098 allocs/op
BenchmarkMicroBatchBudget_Latency/AlternateThree/Burst=4096-16              	    4022	    310923 ns/op	   65829 B/op	    4098 allocs/op
BenchmarkMicroBatchBudget_Latency/AlternateThree/Burst=4096-16              	    4381	    301090 ns/op	   65830 B/op	    4098 allocs/op
BenchmarkMicroBatchBudget_Latency/AlternateThree/Burst=4096-16              	    4274	    313739 ns/op	   65832 B/op	    4098 allocs/op
BenchmarkMicroBatchBudget_Latency/AlternateThree/Burst=4096-16              	    3950	    303012 ns/op	   65832 B/op	    4098 allocs/op
BenchmarkMicroBatchBudget_Latency/Baseline/Burst=64-16                      	  133759	      8931 ns/op	    3712 B/op	     194 allocs/op
BenchmarkMicroBatchBudget_Latency/Baseline/Burst=64-16                      	  133189	      9175 ns/op	    3712 B/op	     194 allocs/op
BenchmarkMicroBatchBudget_Latency/Baseline/Burst=64-16                      	  134100	      9361 ns/op	    3712 B/op	     194 allocs/op
BenchmarkMicroBatchBudget_Latency/Baseline/Burst=64-16                      	  135350	      9005 ns/op	    3712 B/op	     194 allocs/op
BenchmarkMicroBatchBudget_Latency/Baseline/Burst=64-16                      	  134787	      9028 ns/op	    3712 B/op	     194 allocs/op
BenchmarkMicroBatchBudget_Latency/Baseline/Burst=128-16                     	   73282	     16402 ns/op	    7296 B/op	     386 allocs/op
BenchmarkMicroBatchBudget_Latency/Baseline/Burst=128-16                     	   74474	     16720 ns/op	    7296 B/op	     386 allocs/op
BenchmarkMicroBatchBudget_Latency/Baseline/Burst=128-16                     	   70207	     16776 ns/op	    7296 B/op	     386 allocs/op
BenchmarkMicroBatchBudget_Latency/Baseline/Burst=128-16                     	   72723	     16500 ns/op	    7296 B/op	     386 allocs/op
BenchmarkMicroBatchBudget_Latency/Baseline/Burst=128-16                     	   67536	     16795 ns/op	    7296 B/op	     386 allocs/op
BenchmarkMicroBatchBudget_Latency/Baseline/Burst=256-16                     	   37114	     31241 ns/op	   14464 B/op	     770 allocs/op
BenchmarkMicroBatchBudget_Latency/Baseline/Burst=256-16                     	   39057	     31122 ns/op	   14464 B/op	     770 allocs/op
BenchmarkMicroBatchBudget_Latency/Baseline/Burst=256-16                     	   37803	     31758 ns/op	   14464 B/op	     770 allocs/op
BenchmarkMicroBatchBudget_Latency/Baseline/Burst=256-16                     	   39361	     32143 ns/op	   14464 B/op	     770 allocs/op
BenchmarkMicroBatchBudget_Latency/Baseline/Burst=256-16                     	   38481	     31403 ns/op	   14464 B/op	     770 allocs/op
BenchmarkMicroBatchBudget_Latency/Baseline/Burst=512-16                     	   20374	     59979 ns/op	   28801 B/op	    1538 allocs/op
BenchmarkMicroBatchBudget_Latency/Baseline/Burst=512-16                     	   19890	     63286 ns/op	   28801 B/op	    1538 allocs/op
BenchmarkMicroBatchBudget_Latency/Baseline/Burst=512-16                     	   20331	     61056 ns/op	   28801 B/op	    1538 allocs/op
BenchmarkMicroBatchBudget_Latency/Baseline/Burst=512-16                     	   19759	     61239 ns/op	   28801 B/op	    1538 allocs/op
BenchmarkMicroBatchBudget_Latency/Baseline/Burst=512-16                     	   20236	     60696 ns/op	   28801 B/op	    1538 allocs/op
BenchmarkMicroBatchBudget_Latency/Baseline/Burst=1024-16                    	   10000	    117045 ns/op	   57476 B/op	    3074 allocs/op
BenchmarkMicroBatchBudget_Latency/Baseline/Burst=1024-16                    	    9946	    117196 ns/op	   57476 B/op	    3074 allocs/op
BenchmarkMicroBatchBudget_Latency/Baseline/Burst=1024-16                    	   10000	    119659 ns/op	   57476 B/op	    3074 allocs/op
BenchmarkMicroBatchBudget_Latency/Baseline/Burst=1024-16                    	   10000	    121154 ns/op	   57477 B/op	    3074 allocs/op
BenchmarkMicroBatchBudget_Latency/Baseline/Burst=1024-16                    	    9690	    119969 ns/op	   57478 B/op	    3074 allocs/op
BenchmarkMicroBatchBudget_Latency/Baseline/Burst=2048-16                    	    5274	    227708 ns/op	  114827 B/op	    6146 allocs/op
BenchmarkMicroBatchBudget_Latency/Baseline/Burst=2048-16                    	    4821	    241680 ns/op	  114827 B/op	    6146 allocs/op
BenchmarkMicroBatchBudget_Latency/Baseline/Burst=2048-16                    	    4929	    232625 ns/op	  114825 B/op	    6146 allocs/op
BenchmarkMicroBatchBudget_Latency/Baseline/Burst=2048-16                    	    4918	    238173 ns/op	  114827 B/op	    6146 allocs/op
BenchmarkMicroBatchBudget_Latency/Baseline/Burst=2048-16                    	    5019	    237343 ns/op	  114829 B/op	    6146 allocs/op
BenchmarkMicroBatchBudget_Latency/Baseline/Burst=4096-16                    	    2676	    451754 ns/op	  229529 B/op	   12290 allocs/op
BenchmarkMicroBatchBudget_Latency/Baseline/Burst=4096-16                    	    2503	    469143 ns/op	  229520 B/op	   12290 allocs/op
BenchmarkMicroBatchBudget_Latency/Baseline/Burst=4096-16                    	    2581	    463991 ns/op	  229529 B/op	   12290 allocs/op
BenchmarkMicroBatchBudget_Latency/Baseline/Burst=4096-16                    	    2502	    464552 ns/op	  229537 B/op	   12290 allocs/op
BenchmarkMicroBatchBudget_Latency/Baseline/Burst=4096-16                    	    2488	    466689 ns/op	  229529 B/op	   12290 allocs/op
BenchmarkMicroBatchBudget_Continuous/Main-16                                	 1672912	       722.7 ns/op	     138 B/op	       1 allocs/op
BenchmarkMicroBatchBudget_Continuous/Main-16                                	 1658049	       695.0 ns/op	     150 B/op	       1 allocs/op
BenchmarkMicroBatchBudget_Continuous/Main-16                                	 1690945	       706.5 ns/op	     149 B/op	       1 allocs/op
BenchmarkMicroBatchBudget_Continuous/Main-16                                	 1695664	       712.1 ns/op	     142 B/op	       1 allocs/op
BenchmarkMicroBatchBudget_Continuous/Main-16                                	 1687474	       712.3 ns/op	     140 B/op	       1 allocs/op
BenchmarkMicroBatchBudget_Continuous/MainFastPathForced-16                  	 1672234	       712.5 ns/op	     140 B/op	       1 allocs/op
BenchmarkMicroBatchBudget_Continuous/MainFastPathForced-16                  	 1637424	       696.6 ns/op	     134 B/op	       1 allocs/op
BenchmarkMicroBatchBudget_Continuous/MainFastPathForced-16                  	 1693518	       711.9 ns/op	     133 B/op	       1 allocs/op
BenchmarkMicroBatchBudget_Continuous/MainFastPathForced-16                  	 1676937	       700.4 ns/op	     138 B/op	       1 allocs/op
BenchmarkMicroBatchBudget_Continuous/MainFastPathForced-16                  	 1648731	       714.2 ns/op	     132 B/op	       1 allocs/op
BenchmarkMicroBatchBudget_Continuous/MainFastPathDisabled-16                	 1699647	       707.4 ns/op	     142 B/op	       1 allocs/op
BenchmarkMicroBatchBudget_Continuous/MainFastPathDisabled-16                	 1722506	       698.1 ns/op	     156 B/op	       1 allocs/op
BenchmarkMicroBatchBudget_Continuous/MainFastPathDisabled-16                	 1716109	       714.4 ns/op	     145 B/op	       1 allocs/op
BenchmarkMicroBatchBudget_Continuous/MainFastPathDisabled-16                	 1662979	       711.5 ns/op	     155 B/op	       1 allocs/op
BenchmarkMicroBatchBudget_Continuous/MainFastPathDisabled-16                	 1721617	       716.0 ns/op	     158 B/op	       1 allocs/op
BenchmarkMicroBatchBudget_Continuous/AlternateOne-16                        	10597832	       120.3 ns/op	      35 B/op	       1 allocs/op
BenchmarkMicroBatchBudget_Continuous/AlternateOne-16                        	10545955	       113.1 ns/op	      35 B/op	       1 allocs/op
BenchmarkMicroBatchBudget_Continuous/AlternateOne-16                        	10751020	       111.2 ns/op	      34 B/op	       1 allocs/op
BenchmarkMicroBatchBudget_Continuous/AlternateOne-16                        	10651687	       114.9 ns/op	      34 B/op	       1 allocs/op
BenchmarkMicroBatchBudget_Continuous/AlternateOne-16                        	10713022	       113.1 ns/op	      35 B/op	       1 allocs/op
BenchmarkMicroBatchBudget_Continuous/AlternateTwo-16                        	 9012195	       125.1 ns/op	      28 B/op	       1 allocs/op
BenchmarkMicroBatchBudget_Continuous/AlternateTwo-16                        	 9543889	       129.2 ns/op	      25 B/op	       1 allocs/op
BenchmarkMicroBatchBudget_Continuous/AlternateTwo-16                        	 9377886	       126.2 ns/op	      25 B/op	       1 allocs/op
BenchmarkMicroBatchBudget_Continuous/AlternateTwo-16                        	 9185329	       128.3 ns/op	      27 B/op	       1 allocs/op
BenchmarkMicroBatchBudget_Continuous/AlternateTwo-16                        	 9410605	       128.3 ns/op	      26 B/op	       1 allocs/op
BenchmarkMicroBatchBudget_Continuous/AlternateThree-16                      	12562747	        93.65 ns/op	      16 B/op	       1 allocs/op
BenchmarkMicroBatchBudget_Continuous/AlternateThree-16                      	12472261	        95.84 ns/op	      16 B/op	       1 allocs/op
BenchmarkMicroBatchBudget_Continuous/AlternateThree-16                      	12516700	        96.79 ns/op	      16 B/op	       1 allocs/op
BenchmarkMicroBatchBudget_Continuous/AlternateThree-16                      	12722214	        95.63 ns/op	      16 B/op	       1 allocs/op
BenchmarkMicroBatchBudget_Continuous/AlternateThree-16                      	12553101	        95.76 ns/op	      16 B/op	       1 allocs/op
BenchmarkMicroBatchBudget_Continuous/Baseline-16                            	 9062464	       124.1 ns/op	      56 B/op	       3 allocs/op
BenchmarkMicroBatchBudget_Continuous/Baseline-16                            	 8963304	       134.8 ns/op	      56 B/op	       3 allocs/op
BenchmarkMicroBatchBudget_Continuous/Baseline-16                            	 9035858	       133.0 ns/op	      56 B/op	       3 allocs/op
BenchmarkMicroBatchBudget_Continuous/Baseline-16                            	 8797053	       134.2 ns/op	      56 B/op	       3 allocs/op
BenchmarkMicroBatchBudget_Continuous/Baseline-16                            	 9068450	       134.6 ns/op	      56 B/op	       3 allocs/op
BenchmarkMicroBatchBudget_Mixed/Main/Burst=100-16                           	    5628	    192422 ns/op	    7330 B/op	     152 allocs/op
BenchmarkMicroBatchBudget_Mixed/Main/Burst=100-16                           	    5896	    185478 ns/op	    7330 B/op	     152 allocs/op
BenchmarkMicroBatchBudget_Mixed/Main/Burst=100-16                           	    6440	    190432 ns/op	    7330 B/op	     152 allocs/op
BenchmarkMicroBatchBudget_Mixed/Main/Burst=100-16                           	    6565	    194554 ns/op	    7330 B/op	     152 allocs/op
BenchmarkMicroBatchBudget_Mixed/Main/Burst=100-16                           	    6537	    193636 ns/op	    7330 B/op	     152 allocs/op
BenchmarkMicroBatchBudget_Mixed/Main/Burst=500-16                           	    1244	    922149 ns/op	   65600 B/op	     757 allocs/op
BenchmarkMicroBatchBudget_Mixed/Main/Burst=500-16                           	    1250	    916742 ns/op	   64165 B/op	     757 allocs/op
BenchmarkMicroBatchBudget_Mixed/Main/Burst=500-16                           	    1243	    895917 ns/op	   66117 B/op	     757 allocs/op
BenchmarkMicroBatchBudget_Mixed/Main/Burst=500-16                           	    1328	    920475 ns/op	   66255 B/op	     757 allocs/op
BenchmarkMicroBatchBudget_Mixed/Main/Burst=500-16                           	    1342	    917431 ns/op	   66410 B/op	     757 allocs/op
BenchmarkMicroBatchBudget_Mixed/Main/Burst=1000-16                          	     650	   1876836 ns/op	  123446 B/op	    1509 allocs/op
BenchmarkMicroBatchBudget_Mixed/Main/Burst=1000-16                          	     627	   1884615 ns/op	  121591 B/op	    1509 allocs/op
BenchmarkMicroBatchBudget_Mixed/Main/Burst=1000-16                          	     640	   1873311 ns/op	  123215 B/op	    1509 allocs/op
BenchmarkMicroBatchBudget_Mixed/Main/Burst=1000-16                          	     651	   1816113 ns/op	  121977 B/op	    1509 allocs/op
BenchmarkMicroBatchBudget_Mixed/Main/Burst=1000-16                          	     663	   1859579 ns/op	  123588 B/op	    1509 allocs/op
BenchmarkMicroBatchBudget_Mixed/Main/Burst=2000-16                          	     328	   3713082 ns/op	  222563 B/op	    3013 allocs/op
BenchmarkMicroBatchBudget_Mixed/Main/Burst=2000-16                          	     324	   3838790 ns/op	  216526 B/op	    3011 allocs/op
BenchmarkMicroBatchBudget_Mixed/Main/Burst=2000-16                          	     324	   3719422 ns/op	  225368 B/op	    3013 allocs/op
BenchmarkMicroBatchBudget_Mixed/Main/Burst=2000-16                          	     332	   3713235 ns/op	  226672 B/op	    3013 allocs/op
BenchmarkMicroBatchBudget_Mixed/Main/Burst=2000-16                          	     328	   3769873 ns/op	  223786 B/op	    3013 allocs/op
BenchmarkMicroBatchBudget_Mixed/Main/Burst=5000-16                          	     129	   9185060 ns/op	  630425 B/op	    7543 allocs/op
BenchmarkMicroBatchBudget_Mixed/Main/Burst=5000-16                          	     132	   9241024 ns/op	  604491 B/op	    7541 allocs/op
BenchmarkMicroBatchBudget_Mixed/Main/Burst=5000-16                          	     126	   9492891 ns/op	  584116 B/op	    7537 allocs/op
BenchmarkMicroBatchBudget_Mixed/Main/Burst=5000-16                          	     129	   9453927 ns/op	  582434 B/op	    7537 allocs/op
BenchmarkMicroBatchBudget_Mixed/Main/Burst=5000-16                          	     129	   9611888 ns/op	  600551 B/op	    7540 allocs/op
BenchmarkMicroBatchBudget_Mixed/MainFastPathForced/Burst=100-16             	    7048	    195866 ns/op	    7330 B/op	     152 allocs/op
BenchmarkMicroBatchBudget_Mixed/MainFastPathForced/Burst=100-16             	    7528	    195562 ns/op	    7329 B/op	     152 allocs/op
BenchmarkMicroBatchBudget_Mixed/MainFastPathForced/Burst=100-16             	    6291	    193124 ns/op	    7330 B/op	     152 allocs/op
BenchmarkMicroBatchBudget_Mixed/MainFastPathForced/Burst=100-16             	    5758	    194566 ns/op	    7330 B/op	     152 allocs/op
BenchmarkMicroBatchBudget_Mixed/MainFastPathForced/Burst=100-16             	    6312	    190127 ns/op	    7330 B/op	     152 allocs/op
BenchmarkMicroBatchBudget_Mixed/MainFastPathForced/Burst=500-16             	    1286	    939007 ns/op	   64390 B/op	     757 allocs/op
BenchmarkMicroBatchBudget_Mixed/MainFastPathForced/Burst=500-16             	    1340	    938693 ns/op	   66597 B/op	     757 allocs/op
BenchmarkMicroBatchBudget_Mixed/MainFastPathForced/Burst=500-16             	    1449	    948978 ns/op	   66572 B/op	     757 allocs/op
BenchmarkMicroBatchBudget_Mixed/MainFastPathForced/Burst=500-16             	    1243	    940143 ns/op	   66146 B/op	     757 allocs/op
BenchmarkMicroBatchBudget_Mixed/MainFastPathForced/Burst=500-16             	    1257	    924929 ns/op	   66311 B/op	     757 allocs/op
BenchmarkMicroBatchBudget_Mixed/MainFastPathForced/Burst=1000-16            	     670	   1906562 ns/op	  123235 B/op	    1509 allocs/op
BenchmarkMicroBatchBudget_Mixed/MainFastPathForced/Burst=1000-16            	     637	   1866831 ns/op	  123513 B/op	    1509 allocs/op
BenchmarkMicroBatchBudget_Mixed/MainFastPathForced/Burst=1000-16            	     656	   1896785 ns/op	  120546 B/op	    1509 allocs/op
BenchmarkMicroBatchBudget_Mixed/MainFastPathForced/Burst=1000-16            	     650	   1900579 ns/op	  122957 B/op	    1509 allocs/op
BenchmarkMicroBatchBudget_Mixed/MainFastPathForced/Burst=1000-16            	     607	   1841093 ns/op	  123569 B/op	    1509 allocs/op
BenchmarkMicroBatchBudget_Mixed/MainFastPathForced/Burst=2000-16            	     334	   3805522 ns/op	  236137 B/op	    3015 allocs/op
BenchmarkMicroBatchBudget_Mixed/MainFastPathForced/Burst=2000-16            	     333	   3625183 ns/op	  231883 B/op	    3013 allocs/op
BenchmarkMicroBatchBudget_Mixed/MainFastPathForced/Burst=2000-16            	     309	   3686488 ns/op	  230529 B/op	    3013 allocs/op
BenchmarkMicroBatchBudget_Mixed/MainFastPathForced/Burst=2000-16            	     315	   3684618 ns/op	  236306 B/op	    3013 allocs/op
BenchmarkMicroBatchBudget_Mixed/MainFastPathForced/Burst=2000-16            	     319	   3772209 ns/op	  221826 B/op	    3013 allocs/op
BenchmarkMicroBatchBudget_Mixed/MainFastPathForced/Burst=5000-16            	     127	   9448554 ns/op	  604543 B/op	    7541 allocs/op
BenchmarkMicroBatchBudget_Mixed/MainFastPathForced/Burst=5000-16            	     128	   9152530 ns/op	  612113 B/op	    7540 allocs/op
BenchmarkMicroBatchBudget_Mixed/MainFastPathForced/Burst=5000-16            	     130	   9111018 ns/op	  597403 B/op	    7539 allocs/op
BenchmarkMicroBatchBudget_Mixed/MainFastPathForced/Burst=5000-16            	     130	   9043352 ns/op	  607997 B/op	    7541 allocs/op
BenchmarkMicroBatchBudget_Mixed/MainFastPathForced/Burst=5000-16            	     129	   9289350 ns/op	  594139 B/op	    7538 allocs/op
BenchmarkMicroBatchBudget_Mixed/MainFastPathDisabled/Burst=100-16           	    6258	    205381 ns/op	    7330 B/op	     152 allocs/op
BenchmarkMicroBatchBudget_Mixed/MainFastPathDisabled/Burst=100-16           	    7405	    194145 ns/op	    7330 B/op	     152 allocs/op
BenchmarkMicroBatchBudget_Mixed/MainFastPathDisabled/Burst=100-16           	    7140	    197796 ns/op	    7330 B/op	     152 allocs/op
BenchmarkMicroBatchBudget_Mixed/MainFastPathDisabled/Burst=100-16           	    5686	    201189 ns/op	    7330 B/op	     152 allocs/op
BenchmarkMicroBatchBudget_Mixed/MainFastPathDisabled/Burst=100-16           	    6388	    190610 ns/op	    7330 B/op	     152 allocs/op
BenchmarkMicroBatchBudget_Mixed/MainFastPathDisabled/Burst=500-16           	    1262	    882394 ns/op	   62326 B/op	     756 allocs/op
BenchmarkMicroBatchBudget_Mixed/MainFastPathDisabled/Burst=500-16           	    1328	    946970 ns/op	   60276 B/op	     756 allocs/op
BenchmarkMicroBatchBudget_Mixed/MainFastPathDisabled/Burst=500-16           	    1105	    956962 ns/op	   62045 B/op	     756 allocs/op
BenchmarkMicroBatchBudget_Mixed/MainFastPathDisabled/Burst=500-16           	    1220	    909060 ns/op	   61289 B/op	     756 allocs/op
BenchmarkMicroBatchBudget_Mixed/MainFastPathDisabled/Burst=500-16           	    1029	    974359 ns/op	   59423 B/op	     756 allocs/op
BenchmarkMicroBatchBudget_Mixed/MainFastPathDisabled/Burst=1000-16          	     638	   1893645 ns/op	  112437 B/op	    1508 allocs/op
BenchmarkMicroBatchBudget_Mixed/MainFastPathDisabled/Burst=1000-16          	     646	   1915020 ns/op	  115449 B/op	    1508 allocs/op
BenchmarkMicroBatchBudget_Mixed/MainFastPathDisabled/Burst=1000-16          	     620	   1920804 ns/op	  117582 B/op	    1509 allocs/op
BenchmarkMicroBatchBudget_Mixed/MainFastPathDisabled/Burst=1000-16          	     660	   1903085 ns/op	  117064 B/op	    1508 allocs/op
BenchmarkMicroBatchBudget_Mixed/MainFastPathDisabled/Burst=1000-16          	     628	   1872148 ns/op	  118684 B/op	    1509 allocs/op
BenchmarkMicroBatchBudget_Mixed/MainFastPathDisabled/Burst=2000-16          	     300	   3772686 ns/op	  221404 B/op	    3013 allocs/op
BenchmarkMicroBatchBudget_Mixed/MainFastPathDisabled/Burst=2000-16          	     328	   3897992 ns/op	  218423 B/op	    3012 allocs/op
BenchmarkMicroBatchBudget_Mixed/MainFastPathDisabled/Burst=2000-16          	     325	   3981543 ns/op	  213727 B/op	    3012 allocs/op
BenchmarkMicroBatchBudget_Mixed/MainFastPathDisabled/Burst=2000-16          	     319	   3848512 ns/op	  223997 B/op	    3013 allocs/op
BenchmarkMicroBatchBudget_Mixed/MainFastPathDisabled/Burst=2000-16          	     327	   3745096 ns/op	  230517 B/op	    3013 allocs/op
BenchmarkMicroBatchBudget_Mixed/MainFastPathDisabled/Burst=5000-16          	     121	   9670768 ns/op	  633265 B/op	    7544 allocs/op
BenchmarkMicroBatchBudget_Mixed/MainFastPathDisabled/Burst=5000-16          	     124	   9482465 ns/op	  642708 B/op	    7544 allocs/op
BenchmarkMicroBatchBudget_Mixed/MainFastPathDisabled/Burst=5000-16          	     123	   9812827 ns/op	  607532 B/op	    7541 allocs/op
BenchmarkMicroBatchBudget_Mixed/MainFastPathDisabled/Burst=5000-16          	     100	  10242049 ns/op	  601903 B/op	    7541 allocs/op
BenchmarkMicroBatchBudget_Mixed/MainFastPathDisabled/Burst=5000-16          	     120	   9643972 ns/op	  617093 B/op	    7541 allocs/op
BenchmarkMicroBatchBudget_Mixed/AlternateOne/Burst=100-16                   	    1861	    618710 ns/op	    7328 B/op	     152 allocs/op
BenchmarkMicroBatchBudget_Mixed/AlternateOne/Burst=100-16                   	    1604	    698666 ns/op	    7328 B/op	     152 allocs/op
BenchmarkMicroBatchBudget_Mixed/AlternateOne/Burst=100-16                   	    1886	    663062 ns/op	    7328 B/op	     152 allocs/op
BenchmarkMicroBatchBudget_Mixed/AlternateOne/Burst=100-16                   	    1789	    645620 ns/op	    7328 B/op	     152 allocs/op
BenchmarkMicroBatchBudget_Mixed/AlternateOne/Burst=100-16                   	    1758	    649209 ns/op	    7328 B/op	     152 allocs/op
BenchmarkMicroBatchBudget_Mixed/AlternateOne/Burst=500-16                   	     394	   3119915 ns/op	   36217 B/op	     752 allocs/op
BenchmarkMicroBatchBudget_Mixed/AlternateOne/Burst=500-16                   	     376	   3216919 ns/op	   36247 B/op	     752 allocs/op
BenchmarkMicroBatchBudget_Mixed/AlternateOne/Burst=500-16                   	     399	   3201862 ns/op	   36225 B/op	     752 allocs/op
BenchmarkMicroBatchBudget_Mixed/AlternateOne/Burst=500-16                   	     384	   3060339 ns/op	   36228 B/op	     752 allocs/op
BenchmarkMicroBatchBudget_Mixed/AlternateOne/Burst=500-16                   	     360	   3190434 ns/op	   36201 B/op	     752 allocs/op
BenchmarkMicroBatchBudget_Mixed/AlternateOne/Burst=1000-16                  	     189	   6064170 ns/op	   72317 B/op	    1502 allocs/op
BenchmarkMicroBatchBudget_Mixed/AlternateOne/Burst=1000-16                  	     187	   6165093 ns/op	   72284 B/op	    1502 allocs/op
BenchmarkMicroBatchBudget_Mixed/AlternateOne/Burst=1000-16                  	     182	   6340505 ns/op	   72324 B/op	    1502 allocs/op
BenchmarkMicroBatchBudget_Mixed/AlternateOne/Burst=1000-16                  	     181	   6450045 ns/op	   72325 B/op	    1502 allocs/op
BenchmarkMicroBatchBudget_Mixed/AlternateOne/Burst=1000-16                  	     192	   6289143 ns/op	   72294 B/op	    1502 allocs/op
BenchmarkMicroBatchBudget_Mixed/AlternateOne/Burst=2000-16                  	      92	  11517210 ns/op	  144662 B/op	    3002 allocs/op
BenchmarkMicroBatchBudget_Mixed/AlternateOne/Burst=2000-16                  	      81	  12899341 ns/op	  144572 B/op	    3002 allocs/op
BenchmarkMicroBatchBudget_Mixed/AlternateOne/Burst=2000-16                  	      91	  12457157 ns/op	  144664 B/op	    3002 allocs/op
BenchmarkMicroBatchBudget_Mixed/AlternateOne/Burst=2000-16                  	      94	  12311318 ns/op	  144815 B/op	    3002 allocs/op
BenchmarkMicroBatchBudget_Mixed/AlternateOne/Burst=2000-16                  	      87	  13336001 ns/op	  144911 B/op	    3002 allocs/op
BenchmarkMicroBatchBudget_Mixed/AlternateOne/Burst=5000-16                  	      36	  30086581 ns/op	  362074 B/op	    7505 allocs/op
BenchmarkMicroBatchBudget_Mixed/AlternateOne/Burst=5000-16                  	      37	  30908668 ns/op	  362131 B/op	    7505 allocs/op
BenchmarkMicroBatchBudget_Mixed/AlternateOne/Burst=5000-16                  	      37	  31780038 ns/op	  361977 B/op	    7504 allocs/op
BenchmarkMicroBatchBudget_Mixed/AlternateOne/Burst=5000-16                  	      34	  32138541 ns/op	  361411 B/op	    7504 allocs/op
BenchmarkMicroBatchBudget_Mixed/AlternateOne/Burst=5000-16                  	      34	  32372044 ns/op	  361552 B/op	    7504 allocs/op
BenchmarkMicroBatchBudget_Mixed/AlternateTwo/Burst=100-16                   	    1761	    646440 ns/op	    7362 B/op	     152 allocs/op
BenchmarkMicroBatchBudget_Mixed/AlternateTwo/Burst=100-16                   	    1735	    665070 ns/op	    7352 B/op	     152 allocs/op
BenchmarkMicroBatchBudget_Mixed/AlternateTwo/Burst=100-16                   	    1778	    693459 ns/op	    7352 B/op	     152 allocs/op
BenchmarkMicroBatchBudget_Mixed/AlternateTwo/Burst=100-16                   	    1826	    658614 ns/op	    7354 B/op	     152 allocs/op
BenchmarkMicroBatchBudget_Mixed/AlternateTwo/Burst=100-16                   	    1784	    654218 ns/op	    7351 B/op	     152 allocs/op
BenchmarkMicroBatchBudget_Mixed/AlternateTwo/Burst=500-16                   	     349	   3281225 ns/op	   36658 B/op	     753 allocs/op
BenchmarkMicroBatchBudget_Mixed/AlternateTwo/Burst=500-16                   	     398	   3273184 ns/op	   36608 B/op	     752 allocs/op
BenchmarkMicroBatchBudget_Mixed/AlternateTwo/Burst=500-16                   	     349	   3234919 ns/op	   36648 B/op	     753 allocs/op
BenchmarkMicroBatchBudget_Mixed/AlternateTwo/Burst=500-16                   	     357	   3309001 ns/op	   36613 B/op	     752 allocs/op
BenchmarkMicroBatchBudget_Mixed/AlternateTwo/Burst=500-16                   	     350	   3126992 ns/op	   36530 B/op	     753 allocs/op
BenchmarkMicroBatchBudget_Mixed/AlternateTwo/Burst=1000-16                  	     181	   6533799 ns/op	   73595 B/op	    1504 allocs/op
BenchmarkMicroBatchBudget_Mixed/AlternateTwo/Burst=1000-16                  	     180	   6720460 ns/op	   73509 B/op	    1504 allocs/op
BenchmarkMicroBatchBudget_Mixed/AlternateTwo/Burst=1000-16                  	     178	   6382576 ns/op	   73141 B/op	    1504 allocs/op
BenchmarkMicroBatchBudget_Mixed/AlternateTwo/Burst=1000-16                  	     174	   6204722 ns/op	   73417 B/op	    1505 allocs/op
BenchmarkMicroBatchBudget_Mixed/AlternateTwo/Burst=1000-16                  	     181	   6712590 ns/op	   73020 B/op	    1503 allocs/op
BenchmarkMicroBatchBudget_Mixed/AlternateTwo/Burst=2000-16                  	      90	  12975962 ns/op	  146389 B/op	    3010 allocs/op
BenchmarkMicroBatchBudget_Mixed/AlternateTwo/Burst=2000-16                  	      90	  12722272 ns/op	  146181 B/op	    3007 allocs/op
BenchmarkMicroBatchBudget_Mixed/AlternateTwo/Burst=2000-16                  	      87	  13425631 ns/op	  146298 B/op	    3008 allocs/op
BenchmarkMicroBatchBudget_Mixed/AlternateTwo/Burst=2000-16                  	      93	  13400937 ns/op	  145950 B/op	    3007 allocs/op
BenchmarkMicroBatchBudget_Mixed/AlternateTwo/Burst=2000-16                  	      85	  13382433 ns/op	  146498 B/op	    3008 allocs/op
BenchmarkMicroBatchBudget_Mixed/AlternateTwo/Burst=5000-16                  	      33	  31523658 ns/op	  371112 B/op	    7513 allocs/op
BenchmarkMicroBatchBudget_Mixed/AlternateTwo/Burst=5000-16                  	      38	  33205282 ns/op	  365930 B/op	    7513 allocs/op
BenchmarkMicroBatchBudget_Mixed/AlternateTwo/Burst=5000-16                  	      33	  32100536 ns/op	  367274 B/op	    7519 allocs/op
BenchmarkMicroBatchBudget_Mixed/AlternateTwo/Burst=5000-16                  	      33	  34858394 ns/op	  367705 B/op	    7516 allocs/op
BenchmarkMicroBatchBudget_Mixed/AlternateTwo/Burst=5000-16                  	      34	  32108429 ns/op	  368693 B/op	    7516 allocs/op
BenchmarkMicroBatchBudget_Mixed/AlternateThree/Burst=100-16                 	    1832	    651685 ns/op	    7328 B/op	     152 allocs/op
BenchmarkMicroBatchBudget_Mixed/AlternateThree/Burst=100-16                 	    1774	    633730 ns/op	    7328 B/op	     152 allocs/op
BenchmarkMicroBatchBudget_Mixed/AlternateThree/Burst=100-16                 	    1904	    622735 ns/op	    7328 B/op	     152 allocs/op
BenchmarkMicroBatchBudget_Mixed/AlternateThree/Burst=100-16                 	    1802	    615543 ns/op	    7328 B/op	     152 allocs/op
BenchmarkMicroBatchBudget_Mixed/AlternateThree/Burst=100-16                 	    1929	    648824 ns/op	    7328 B/op	     152 allocs/op
BenchmarkMicroBatchBudget_Mixed/AlternateThree/Burst=500-16                 	     385	   3076017 ns/op	   36198 B/op	     752 allocs/op
BenchmarkMicroBatchBudget_Mixed/AlternateThree/Burst=500-16                 	     387	   2945157 ns/op	   36196 B/op	     752 allocs/op
BenchmarkMicroBatchBudget_Mixed/AlternateThree/Burst=500-16                 	     378	   3027274 ns/op	   36201 B/op	     752 allocs/op
BenchmarkMicroBatchBudget_Mixed/AlternateThree/Burst=500-16                 	     380	   3001454 ns/op	   36189 B/op	     752 allocs/op
BenchmarkMicroBatchBudget_Mixed/AlternateThree/Burst=500-16                 	     384	   3102361 ns/op	   36199 B/op	     752 allocs/op
BenchmarkMicroBatchBudget_Mixed/AlternateThree/Burst=1000-16                	     189	   6180642 ns/op	   72316 B/op	    1502 allocs/op
BenchmarkMicroBatchBudget_Mixed/AlternateThree/Burst=1000-16                	     206	   6245487 ns/op	   72308 B/op	    1502 allocs/op
BenchmarkMicroBatchBudget_Mixed/AlternateThree/Burst=1000-16                	     199	   6209472 ns/op	   72310 B/op	    1502 allocs/op
BenchmarkMicroBatchBudget_Mixed/AlternateThree/Burst=1000-16                	     190	   6100011 ns/op	   72305 B/op	    1502 allocs/op
BenchmarkMicroBatchBudget_Mixed/AlternateThree/Burst=1000-16                	     196	   5881016 ns/op	   72303 B/op	    1502 allocs/op
BenchmarkMicroBatchBudget_Mixed/AlternateThree/Burst=2000-16                	      96	  11797850 ns/op	  144624 B/op	    3002 allocs/op
BenchmarkMicroBatchBudget_Mixed/AlternateThree/Burst=2000-16                	      97	  12433602 ns/op	  144593 B/op	    3002 allocs/op
BenchmarkMicroBatchBudget_Mixed/AlternateThree/Burst=2000-16                	      86	  12554359 ns/op	  144633 B/op	    3002 allocs/op
BenchmarkMicroBatchBudget_Mixed/AlternateThree/Burst=2000-16                	      93	  12488891 ns/op	  144615 B/op	    3002 allocs/op
BenchmarkMicroBatchBudget_Mixed/AlternateThree/Burst=2000-16                	      98	  12634963 ns/op	  144475 B/op	    3002 allocs/op
BenchmarkMicroBatchBudget_Mixed/AlternateThree/Burst=5000-16                	      34	  29862421 ns/op	  361304 B/op	    7504 allocs/op
BenchmarkMicroBatchBudget_Mixed/AlternateThree/Burst=5000-16                	      37	  30495686 ns/op	  361302 B/op	    7503 allocs/op
BenchmarkMicroBatchBudget_Mixed/AlternateThree/Burst=5000-16                	      38	  32336729 ns/op	  361715 B/op	    7504 allocs/op
BenchmarkMicroBatchBudget_Mixed/AlternateThree/Burst=5000-16                	      34	  31181409 ns/op	  361265 B/op	    7503 allocs/op
BenchmarkMicroBatchBudget_Mixed/AlternateThree/Burst=5000-16                	      34	  30679382 ns/op	  361747 B/op	    7504 allocs/op
BenchmarkMicroBatchBudget_Mixed/Baseline/Burst=100-16                       	   16881	     71177 ns/op	   11328 B/op	     352 allocs/op
BenchmarkMicroBatchBudget_Mixed/Baseline/Burst=100-16                       	   16651	     71601 ns/op	   11328 B/op	     352 allocs/op
BenchmarkMicroBatchBudget_Mixed/Baseline/Burst=100-16                       	   17083	     71363 ns/op	   11328 B/op	     352 allocs/op
BenchmarkMicroBatchBudget_Mixed/Baseline/Burst=100-16                       	   16870	     71734 ns/op	   11328 B/op	     352 allocs/op
BenchmarkMicroBatchBudget_Mixed/Baseline/Burst=100-16                       	   16726	     71622 ns/op	   11328 B/op	     352 allocs/op
BenchmarkMicroBatchBudget_Mixed/Baseline/Burst=500-16                       	    3403	    349267 ns/op	   56130 B/op	    1752 allocs/op
BenchmarkMicroBatchBudget_Mixed/Baseline/Burst=500-16                       	    3384	    350892 ns/op	   56131 B/op	    1752 allocs/op
BenchmarkMicroBatchBudget_Mixed/Baseline/Burst=500-16                       	    3507	    351366 ns/op	   56131 B/op	    1752 allocs/op
BenchmarkMicroBatchBudget_Mixed/Baseline/Burst=500-16                       	    3448	    347194 ns/op	   56131 B/op	    1752 allocs/op
BenchmarkMicroBatchBudget_Mixed/Baseline/Burst=500-16                       	    3361	    348215 ns/op	   56131 B/op	    1752 allocs/op
BenchmarkMicroBatchBudget_Mixed/Baseline/Burst=1000-16                      	    1738	    692844 ns/op	  112139 B/op	    3502 allocs/op
BenchmarkMicroBatchBudget_Mixed/Baseline/Burst=1000-16                      	    1741	    684198 ns/op	  112141 B/op	    3502 allocs/op
BenchmarkMicroBatchBudget_Mixed/Baseline/Burst=1000-16                      	    1725	    694810 ns/op	  112140 B/op	    3502 allocs/op
BenchmarkMicroBatchBudget_Mixed/Baseline/Burst=1000-16                      	    1695	    689337 ns/op	  112140 B/op	    3502 allocs/op
BenchmarkMicroBatchBudget_Mixed/Baseline/Burst=1000-16                      	    1720	    684369 ns/op	  112139 B/op	    3502 allocs/op
BenchmarkMicroBatchBudget_Mixed/Baseline/Burst=2000-16                      	     872	   1368053 ns/op	  224172 B/op	    7002 allocs/op
BenchmarkMicroBatchBudget_Mixed/Baseline/Burst=2000-16                      	     840	   1369131 ns/op	  224173 B/op	    7002 allocs/op
BenchmarkMicroBatchBudget_Mixed/Baseline/Burst=2000-16                      	     872	   1375514 ns/op	  224170 B/op	    7002 allocs/op
BenchmarkMicroBatchBudget_Mixed/Baseline/Burst=2000-16                      	     861	   1376272 ns/op	  224170 B/op	    7002 allocs/op
BenchmarkMicroBatchBudget_Mixed/Baseline/Burst=2000-16                      	     861	   1367827 ns/op	  224172 B/op	    7002 allocs/op
BenchmarkMicroBatchBudget_Mixed/Baseline/Burst=5000-16                      	     351	   3422854 ns/op	  560266 B/op	   17502 allocs/op
BenchmarkMicroBatchBudget_Mixed/Baseline/Burst=5000-16                      	     350	   3425917 ns/op	  560232 B/op	   17502 allocs/op
BenchmarkMicroBatchBudget_Mixed/Baseline/Burst=5000-16                      	     349	   3419967 ns/op	  560235 B/op	   17502 allocs/op
BenchmarkMicroBatchBudget_Mixed/Baseline/Burst=5000-16                      	     354	   3415280 ns/op	  560233 B/op	   17502 allocs/op
BenchmarkMicroBatchBudget_Mixed/Baseline/Burst=5000-16                      	     348	   3435457 ns/op	  560239 B/op	   17502 allocs/op
BenchmarkMicroCASContention/Main/N=01-16                                    	 8016855	       138.0 ns/op	      80 B/op	       1 allocs/op
BenchmarkMicroCASContention/Main/N=01-16                                    	 8159451	       142.6 ns/op	      71 B/op	       1 allocs/op
BenchmarkMicroCASContention/Main/N=01-16                                    	 7701608	       142.7 ns/op	      73 B/op	       1 allocs/op
BenchmarkMicroCASContention/Main/N=01-16                                    	 8017922	       137.5 ns/op	      72 B/op	       1 allocs/op
BenchmarkMicroCASContention/Main/N=01-16                                    	 8074554	       137.9 ns/op	      72 B/op	       1 allocs/op
BenchmarkMicroCASContention/Main/N=02-16                                    	 6107090	       180.7 ns/op	     103 B/op	       1 allocs/op
BenchmarkMicroCASContention/Main/N=02-16                                    	 6343621	       182.3 ns/op	      97 B/op	       1 allocs/op
BenchmarkMicroCASContention/Main/N=02-16                                    	 6590292	       175.1 ns/op	      95 B/op	       1 allocs/op
BenchmarkMicroCASContention/Main/N=02-16                                    	 6947889	       182.2 ns/op	     104 B/op	       1 allocs/op
BenchmarkMicroCASContention/Main/N=02-16                                    	 6838120	       183.4 ns/op	     107 B/op	       1 allocs/op
BenchmarkMicroCASContention/Main/N=04-16                                    	 5712204	       210.7 ns/op	     156 B/op	       1 allocs/op
BenchmarkMicroCASContention/Main/N=04-16                                    	 5390698	       203.3 ns/op	     134 B/op	       1 allocs/op
BenchmarkMicroCASContention/Main/N=04-16                                    	 5369396	       202.4 ns/op	     152 B/op	       1 allocs/op
BenchmarkMicroCASContention/Main/N=04-16                                    	 5358283	       208.3 ns/op	     138 B/op	       1 allocs/op
BenchmarkMicroCASContention/Main/N=04-16                                    	 5129254	       209.8 ns/op	     138 B/op	       1 allocs/op
BenchmarkMicroCASContention/Main/N=08-16                                    	 5325022	       213.1 ns/op	     212 B/op	       1 allocs/op
BenchmarkMicroCASContention/Main/N=08-16                                    	 5565500	       222.7 ns/op	     217 B/op	       1 allocs/op
BenchmarkMicroCASContention/Main/N=08-16                                    	 5404465	       215.4 ns/op	     202 B/op	       1 allocs/op
BenchmarkMicroCASContention/Main/N=08-16                                    	 5553498	       223.7 ns/op	     215 B/op	       1 allocs/op
BenchmarkMicroCASContention/Main/N=08-16                                    	 4999824	       212.4 ns/op	     207 B/op	       1 allocs/op
BenchmarkMicroCASContention/Main/N=16-16                                    	 5236300	       221.8 ns/op	     257 B/op	       1 allocs/op
BenchmarkMicroCASContention/Main/N=16-16                                    	 5019806	       214.1 ns/op	     258 B/op	       1 allocs/op
BenchmarkMicroCASContention/Main/N=16-16                                    	 4920153	       217.6 ns/op	     256 B/op	       1 allocs/op
BenchmarkMicroCASContention/Main/N=16-16                                    	 5426308	       209.0 ns/op	     261 B/op	       1 allocs/op
BenchmarkMicroCASContention/Main/N=16-16                                    	 4887508	       207.0 ns/op	     253 B/op	       1 allocs/op
BenchmarkMicroCASContention/Main/N=32-16                                    	 4959302	       226.3 ns/op	     316 B/op	       1 allocs/op
BenchmarkMicroCASContention/Main/N=32-16                                    	 4547256	       224.9 ns/op	     319 B/op	       1 allocs/op
BenchmarkMicroCASContention/Main/N=32-16                                    	 5159134	       215.8 ns/op	     328 B/op	       1 allocs/op
BenchmarkMicroCASContention/Main/N=32-16                                    	 4874721	       228.9 ns/op	     315 B/op	       1 allocs/op
BenchmarkMicroCASContention/Main/N=32-16                                    	 4789753	       221.6 ns/op	     314 B/op	       1 allocs/op
BenchmarkMicroCASContention/MainFastPathForced/N=01-16                      	 8109279	       142.1 ns/op	      83 B/op	       1 allocs/op
BenchmarkMicroCASContention/MainFastPathForced/N=01-16                      	 8187320	       142.6 ns/op	      73 B/op	       1 allocs/op
BenchmarkMicroCASContention/MainFastPathForced/N=01-16                      	 8446527	       140.8 ns/op	      84 B/op	       1 allocs/op
BenchmarkMicroCASContention/MainFastPathForced/N=01-16                      	 8116420	       140.9 ns/op	      76 B/op	       1 allocs/op
BenchmarkMicroCASContention/MainFastPathForced/N=01-16                      	 8323668	       140.4 ns/op	      79 B/op	       1 allocs/op
BenchmarkMicroCASContention/MainFastPathForced/N=02-16                      	 6273501	       176.8 ns/op	      99 B/op	       1 allocs/op
BenchmarkMicroCASContention/MainFastPathForced/N=02-16                      	 6397430	       174.5 ns/op	      98 B/op	       1 allocs/op
BenchmarkMicroCASContention/MainFastPathForced/N=02-16                      	 6336924	       178.5 ns/op	      97 B/op	       1 allocs/op
BenchmarkMicroCASContention/MainFastPathForced/N=02-16                      	 6875391	       185.8 ns/op	     107 B/op	       1 allocs/op
BenchmarkMicroCASContention/MainFastPathForced/N=02-16                      	 6733957	       179.5 ns/op	      97 B/op	       1 allocs/op
BenchmarkMicroCASContention/MainFastPathForced/N=04-16                      	 5491651	       221.5 ns/op	     145 B/op	       1 allocs/op
BenchmarkMicroCASContention/MainFastPathForced/N=04-16                      	 5261743	       204.2 ns/op	     128 B/op	       1 allocs/op
BenchmarkMicroCASContention/MainFastPathForced/N=04-16                      	 5282110	       208.2 ns/op	     124 B/op	       1 allocs/op
BenchmarkMicroCASContention/MainFastPathForced/N=04-16                      	 4774207	       216.7 ns/op	     129 B/op	       1 allocs/op
BenchmarkMicroCASContention/MainFastPathForced/N=04-16                      	 5603760	       214.6 ns/op	     137 B/op	       1 allocs/op
BenchmarkMicroCASContention/MainFastPathForced/N=08-16                      	 5119125	       211.5 ns/op	     210 B/op	       1 allocs/op
BenchmarkMicroCASContention/MainFastPathForced/N=08-16                      	 5455660	       215.1 ns/op	     211 B/op	       1 allocs/op
BenchmarkMicroCASContention/MainFastPathForced/N=08-16                      	 5369391	       210.6 ns/op	     198 B/op	       1 allocs/op
BenchmarkMicroCASContention/MainFastPathForced/N=08-16                      	 5696971	       227.5 ns/op	     207 B/op	       1 allocs/op
BenchmarkMicroCASContention/MainFastPathForced/N=08-16                      	 5157008	       212.3 ns/op	     201 B/op	       1 allocs/op
BenchmarkMicroCASContention/MainFastPathForced/N=16-16                      	 4984731	       220.6 ns/op	     265 B/op	       1 allocs/op
BenchmarkMicroCASContention/MainFastPathForced/N=16-16                      	 5299950	       218.2 ns/op	     247 B/op	       1 allocs/op
BenchmarkMicroCASContention/MainFastPathForced/N=16-16                      	 5252491	       213.0 ns/op	     250 B/op	       1 allocs/op
BenchmarkMicroCASContention/MainFastPathForced/N=16-16                      	 5148514	       223.2 ns/op	     256 B/op	       1 allocs/op
BenchmarkMicroCASContention/MainFastPathForced/N=16-16                      	 5246386	       211.5 ns/op	     255 B/op	       1 allocs/op
BenchmarkMicroCASContention/MainFastPathForced/N=32-16                      	 5484264	       228.0 ns/op	     329 B/op	       1 allocs/op
BenchmarkMicroCASContention/MainFastPathForced/N=32-16                      	 5351181	       212.7 ns/op	     315 B/op	       1 allocs/op
BenchmarkMicroCASContention/MainFastPathForced/N=32-16                      	 4950380	       230.8 ns/op	     319 B/op	       1 allocs/op
BenchmarkMicroCASContention/MainFastPathForced/N=32-16                      	 5253204	       220.1 ns/op	     322 B/op	       1 allocs/op
BenchmarkMicroCASContention/MainFastPathForced/N=32-16                      	 4816170	       231.6 ns/op	     319 B/op	       1 allocs/op
BenchmarkMicroCASContention/MainFastPathDisabled/N=01-16                    	 8339517	       142.3 ns/op	      78 B/op	       1 allocs/op
BenchmarkMicroCASContention/MainFastPathDisabled/N=01-16                    	 8201846	       139.4 ns/op	      82 B/op	       1 allocs/op
BenchmarkMicroCASContention/MainFastPathDisabled/N=01-16                    	 7614102	       139.4 ns/op	      87 B/op	       1 allocs/op
BenchmarkMicroCASContention/MainFastPathDisabled/N=01-16                    	 7755169	       144.6 ns/op	      90 B/op	       1 allocs/op
BenchmarkMicroCASContention/MainFastPathDisabled/N=01-16                    	 7943552	       139.3 ns/op	      89 B/op	       1 allocs/op
BenchmarkMicroCASContention/MainFastPathDisabled/N=02-16                    	 6833814	       176.3 ns/op	     104 B/op	       1 allocs/op
BenchmarkMicroCASContention/MainFastPathDisabled/N=02-16                    	 6903025	       178.1 ns/op	     106 B/op	       1 allocs/op
BenchmarkMicroCASContention/MainFastPathDisabled/N=02-16                    	 6385018	       182.2 ns/op	     105 B/op	       1 allocs/op
BenchmarkMicroCASContention/MainFastPathDisabled/N=02-16                    	 6159502	       184.2 ns/op	     103 B/op	       1 allocs/op
BenchmarkMicroCASContention/MainFastPathDisabled/N=02-16                    	 6567644	       171.0 ns/op	      96 B/op	       1 allocs/op
BenchmarkMicroCASContention/MainFastPathDisabled/N=04-16                    	 5500764	       218.7 ns/op	     152 B/op	       1 allocs/op
BenchmarkMicroCASContention/MainFastPathDisabled/N=04-16                    	 5448788	       211.4 ns/op	     152 B/op	       1 allocs/op
BenchmarkMicroCASContention/MainFastPathDisabled/N=04-16                    	 5338140	       210.0 ns/op	     146 B/op	       1 allocs/op
BenchmarkMicroCASContention/MainFastPathDisabled/N=04-16                    	 5559421	       209.1 ns/op	     152 B/op	       1 allocs/op
BenchmarkMicroCASContention/MainFastPathDisabled/N=04-16                    	 4962990	       203.0 ns/op	     158 B/op	       1 allocs/op
BenchmarkMicroCASContention/MainFastPathDisabled/N=08-16                    	 5783530	       219.8 ns/op	     208 B/op	       1 allocs/op
BenchmarkMicroCASContention/MainFastPathDisabled/N=08-16                    	 5624958	       218.9 ns/op	     196 B/op	       1 allocs/op
BenchmarkMicroCASContention/MainFastPathDisabled/N=08-16                    	 5538556	       218.1 ns/op	     192 B/op	       1 allocs/op
BenchmarkMicroCASContention/MainFastPathDisabled/N=08-16                    	 5590368	       225.1 ns/op	     196 B/op	       1 allocs/op
BenchmarkMicroCASContention/MainFastPathDisabled/N=08-16                    	 5303805	       213.2 ns/op	     188 B/op	       1 allocs/op
BenchmarkMicroCASContention/MainFastPathDisabled/N=16-16                    	 5319058	       208.4 ns/op	     268 B/op	       1 allocs/op
BenchmarkMicroCASContention/MainFastPathDisabled/N=16-16                    	 5072611	       217.2 ns/op	     265 B/op	       1 allocs/op
BenchmarkMicroCASContention/MainFastPathDisabled/N=16-16                    	 5254285	       216.8 ns/op	     257 B/op	       1 allocs/op
BenchmarkMicroCASContention/MainFastPathDisabled/N=16-16                    	 5354623	       211.8 ns/op	     262 B/op	       1 allocs/op
BenchmarkMicroCASContention/MainFastPathDisabled/N=16-16                    	 5354992	       209.7 ns/op	     263 B/op	       1 allocs/op
BenchmarkMicroCASContention/MainFastPathDisabled/N=32-16                    	 5263305	       225.5 ns/op	     317 B/op	       1 allocs/op
BenchmarkMicroCASContention/MainFastPathDisabled/N=32-16                    	 4847822	       225.2 ns/op	     321 B/op	       1 allocs/op
BenchmarkMicroCASContention/MainFastPathDisabled/N=32-16                    	 5235247	       229.3 ns/op	     324 B/op	       1 allocs/op
BenchmarkMicroCASContention/MainFastPathDisabled/N=32-16                    	 5086521	       225.6 ns/op	     317 B/op	       1 allocs/op
BenchmarkMicroCASContention/MainFastPathDisabled/N=32-16                    	 4957970	       223.6 ns/op	     318 B/op	       1 allocs/op
BenchmarkMicroCASContention/AlternateOne/N=01-16                            	14039750	        79.96 ns/op	      26 B/op	       1 allocs/op
BenchmarkMicroCASContention/AlternateOne/N=01-16                            	12602539	        80.39 ns/op	      24 B/op	       1 allocs/op
BenchmarkMicroCASContention/AlternateOne/N=01-16                            	12953130	        82.26 ns/op	      26 B/op	       1 allocs/op
BenchmarkMicroCASContention/AlternateOne/N=01-16                            	12318823	        81.40 ns/op	      24 B/op	       1 allocs/op
BenchmarkMicroCASContention/AlternateOne/N=01-16                            	14107438	        88.46 ns/op	      19 B/op	       1 allocs/op
BenchmarkMicroCASContention/AlternateOne/N=02-16                            	12521206	        92.98 ns/op	      26 B/op	       1 allocs/op
BenchmarkMicroCASContention/AlternateOne/N=02-16                            	14201552	        91.72 ns/op	      28 B/op	       1 allocs/op
BenchmarkMicroCASContention/AlternateOne/N=02-16                            	14040982	        80.97 ns/op	      32 B/op	       1 allocs/op
BenchmarkMicroCASContention/AlternateOne/N=02-16                            	13967325	        83.79 ns/op	      30 B/op	       1 allocs/op
BenchmarkMicroCASContention/AlternateOne/N=02-16                            	13282255	        83.87 ns/op	      32 B/op	       1 allocs/op
BenchmarkMicroCASContention/AlternateOne/N=04-16                            	13561635	        86.51 ns/op	      36 B/op	       1 allocs/op
BenchmarkMicroCASContention/AlternateOne/N=04-16                            	13826270	        85.68 ns/op	      35 B/op	       1 allocs/op
BenchmarkMicroCASContention/AlternateOne/N=04-16                            	13608558	        85.43 ns/op	      36 B/op	       1 allocs/op
BenchmarkMicroCASContention/AlternateOne/N=04-16                            	13519116	        85.86 ns/op	      35 B/op	       1 allocs/op
BenchmarkMicroCASContention/AlternateOne/N=04-16                            	13704715	        85.77 ns/op	      35 B/op	       1 allocs/op
BenchmarkMicroCASContention/AlternateOne/N=08-16                            	13681964	        87.34 ns/op	      37 B/op	       1 allocs/op
BenchmarkMicroCASContention/AlternateOne/N=08-16                            	13938268	        86.71 ns/op	      37 B/op	       1 allocs/op
BenchmarkMicroCASContention/AlternateOne/N=08-16                            	13778722	        82.46 ns/op	      38 B/op	       1 allocs/op
BenchmarkMicroCASContention/AlternateOne/N=08-16                            	14189344	        86.86 ns/op	      37 B/op	       1 allocs/op
BenchmarkMicroCASContention/AlternateOne/N=08-16                            	13921177	        86.77 ns/op	      37 B/op	       1 allocs/op
BenchmarkMicroCASContention/AlternateOne/N=16-16                            	13370622	        86.71 ns/op	      38 B/op	       1 allocs/op
BenchmarkMicroCASContention/AlternateOne/N=16-16                            	13430089	        85.50 ns/op	      38 B/op	       1 allocs/op
BenchmarkMicroCASContention/AlternateOne/N=16-16                            	13538929	        86.82 ns/op	      38 B/op	       1 allocs/op
BenchmarkMicroCASContention/AlternateOne/N=16-16                            	13845445	        86.86 ns/op	      38 B/op	       1 allocs/op
BenchmarkMicroCASContention/AlternateOne/N=16-16                            	13563183	        87.07 ns/op	      38 B/op	       1 allocs/op
BenchmarkMicroCASContention/AlternateOne/N=32-16                            	13481630	        87.08 ns/op	      38 B/op	       1 allocs/op
BenchmarkMicroCASContention/AlternateOne/N=32-16                            	13465308	        87.17 ns/op	      38 B/op	       1 allocs/op
BenchmarkMicroCASContention/AlternateOne/N=32-16                            	13467861	        87.55 ns/op	      38 B/op	       1 allocs/op
BenchmarkMicroCASContention/AlternateOne/N=32-16                            	13544644	        86.51 ns/op	      38 B/op	       1 allocs/op
BenchmarkMicroCASContention/AlternateOne/N=32-16                            	13619524	        86.89 ns/op	      38 B/op	       1 allocs/op
BenchmarkMicroCASContention/AlternateTwo/N=01-16                            	 4648720	       247.1 ns/op	      16 B/op	       1 allocs/op
BenchmarkMicroCASContention/AlternateTwo/N=01-16                            	 5022925	       267.2 ns/op	      16 B/op	       1 allocs/op
BenchmarkMicroCASContention/AlternateTwo/N=01-16                            	 5009757	       254.8 ns/op	      16 B/op	       1 allocs/op
BenchmarkMicroCASContention/AlternateTwo/N=01-16                            	 4763026	       258.9 ns/op	      16 B/op	       1 allocs/op
BenchmarkMicroCASContention/AlternateTwo/N=01-16                            	 5084494	       245.0 ns/op	      16 B/op	       1 allocs/op
BenchmarkMicroCASContention/AlternateTwo/N=02-16                            	 6320469	       180.0 ns/op	      16 B/op	       1 allocs/op
BenchmarkMicroCASContention/AlternateTwo/N=02-16                            	 6562411	       175.8 ns/op	      16 B/op	       1 allocs/op
BenchmarkMicroCASContention/AlternateTwo/N=02-16                            	 6370867	       175.7 ns/op	      16 B/op	       1 allocs/op
BenchmarkMicroCASContention/AlternateTwo/N=02-16                            	 6951480	       173.9 ns/op	      16 B/op	       1 allocs/op
BenchmarkMicroCASContention/AlternateTwo/N=02-16                            	 6311194	       176.7 ns/op	      16 B/op	       1 allocs/op
BenchmarkMicroCASContention/AlternateTwo/N=04-16                            	 9367878	       125.0 ns/op	      28 B/op	       1 allocs/op
BenchmarkMicroCASContention/AlternateTwo/N=04-16                            	 9672138	       122.1 ns/op	      25 B/op	       1 allocs/op
BenchmarkMicroCASContention/AlternateTwo/N=04-16                            	 9846160	       127.0 ns/op	      26 B/op	       1 allocs/op
BenchmarkMicroCASContention/AlternateTwo/N=04-16                            	 9836137	       128.2 ns/op	      26 B/op	       1 allocs/op
BenchmarkMicroCASContention/AlternateTwo/N=04-16                            	 9718486	       119.1 ns/op	      22 B/op	       1 allocs/op
BenchmarkMicroCASContention/AlternateTwo/N=08-16                            	11717868	       100.5 ns/op	      29 B/op	       1 allocs/op
BenchmarkMicroCASContention/AlternateTwo/N=08-16                            	12028904	       112.5 ns/op	      30 B/op	       1 allocs/op
BenchmarkMicroCASContention/AlternateTwo/N=08-16                            	13899457	        97.14 ns/op	      27 B/op	       1 allocs/op
BenchmarkMicroCASContention/AlternateTwo/N=08-16                            	12387607	       104.8 ns/op	      29 B/op	       1 allocs/op
BenchmarkMicroCASContention/AlternateTwo/N=08-16                            	12757108	       118.1 ns/op	      30 B/op	       1 allocs/op
BenchmarkMicroCASContention/AlternateTwo/N=16-16                            	12332445	       122.1 ns/op	      35 B/op	       1 allocs/op
BenchmarkMicroCASContention/AlternateTwo/N=16-16                            	12494506	       103.9 ns/op	      31 B/op	       1 allocs/op
BenchmarkMicroCASContention/AlternateTwo/N=16-16                            	13085450	       107.7 ns/op	      32 B/op	       1 allocs/op
BenchmarkMicroCASContention/AlternateTwo/N=16-16                            	15205443	        91.70 ns/op	      30 B/op	       1 allocs/op
BenchmarkMicroCASContention/AlternateTwo/N=16-16                            	13282431	       108.1 ns/op	      33 B/op	       1 allocs/op
BenchmarkMicroCASContention/AlternateTwo/N=32-16                            	13288830	        93.33 ns/op	      31 B/op	       1 allocs/op
BenchmarkMicroCASContention/AlternateTwo/N=32-16                            	14220771	       113.9 ns/op	      35 B/op	       1 allocs/op
BenchmarkMicroCASContention/AlternateTwo/N=32-16                            	13615537	       106.7 ns/op	      34 B/op	       1 allocs/op
BenchmarkMicroCASContention/AlternateTwo/N=32-16                            	14513875	        91.59 ns/op	      31 B/op	       1 allocs/op
BenchmarkMicroCASContention/AlternateTwo/N=32-16                            	13126502	       105.4 ns/op	      31 B/op	       1 allocs/op
BenchmarkMicroCASContention/AlternateThree/N=01-16                          	13634148	        78.31 ns/op	      16 B/op	       1 allocs/op
BenchmarkMicroCASContention/AlternateThree/N=01-16                          	15176098	        78.31 ns/op	      16 B/op	       1 allocs/op
BenchmarkMicroCASContention/AlternateThree/N=01-16                          	14896376	        85.26 ns/op	      16 B/op	       1 allocs/op
BenchmarkMicroCASContention/AlternateThree/N=01-16                          	14440762	        86.77 ns/op	      16 B/op	       1 allocs/op
BenchmarkMicroCASContention/AlternateThree/N=01-16                          	15126132	        85.33 ns/op	      16 B/op	       1 allocs/op
BenchmarkMicroCASContention/AlternateThree/N=02-16                          	14623480	        79.43 ns/op	      16 B/op	       1 allocs/op
BenchmarkMicroCASContention/AlternateThree/N=02-16                          	14496394	        84.70 ns/op	      16 B/op	       1 allocs/op
BenchmarkMicroCASContention/AlternateThree/N=02-16                          	14258350	        83.63 ns/op	      16 B/op	       1 allocs/op
BenchmarkMicroCASContention/AlternateThree/N=02-16                          	14388764	        83.71 ns/op	      16 B/op	       1 allocs/op
BenchmarkMicroCASContention/AlternateThree/N=02-16                          	14289711	        83.58 ns/op	      16 B/op	       1 allocs/op
BenchmarkMicroCASContention/AlternateThree/N=04-16                          	12737324	        93.20 ns/op	      16 B/op	       1 allocs/op
BenchmarkMicroCASContention/AlternateThree/N=04-16                          	12461122	        96.94 ns/op	      16 B/op	       1 allocs/op
BenchmarkMicroCASContention/AlternateThree/N=04-16                          	12336121	        95.25 ns/op	      16 B/op	       1 allocs/op
BenchmarkMicroCASContention/AlternateThree/N=04-16                          	12482770	        96.35 ns/op	      16 B/op	       1 allocs/op
BenchmarkMicroCASContention/AlternateThree/N=04-16                          	12457333	        95.42 ns/op	      16 B/op	       1 allocs/op
BenchmarkMicroCASContention/AlternateThree/N=08-16                          	11968952	       102.3 ns/op	      16 B/op	       1 allocs/op
BenchmarkMicroCASContention/AlternateThree/N=08-16                          	11465172	       101.0 ns/op	      16 B/op	       1 allocs/op
BenchmarkMicroCASContention/AlternateThree/N=08-16                          	11317220	       100.5 ns/op	      16 B/op	       1 allocs/op
BenchmarkMicroCASContention/AlternateThree/N=08-16                          	11471167	        99.98 ns/op	      16 B/op	       1 allocs/op
BenchmarkMicroCASContention/AlternateThree/N=08-16                          	11632663	       101.6 ns/op	      16 B/op	       1 allocs/op
BenchmarkMicroCASContention/AlternateThree/N=16-16                          	11872806	       101.4 ns/op	      16 B/op	       1 allocs/op
BenchmarkMicroCASContention/AlternateThree/N=16-16                          	11605437	       100.3 ns/op	      16 B/op	       1 allocs/op
BenchmarkMicroCASContention/AlternateThree/N=16-16                          	11563622	        99.86 ns/op	      16 B/op	       1 allocs/op
BenchmarkMicroCASContention/AlternateThree/N=16-16                          	11796207	       100.9 ns/op	      16 B/op	       1 allocs/op
BenchmarkMicroCASContention/AlternateThree/N=16-16                          	11696247	        99.36 ns/op	      16 B/op	       1 allocs/op
BenchmarkMicroCASContention/AlternateThree/N=32-16                          	12080941	        98.63 ns/op	      16 B/op	       1 allocs/op
BenchmarkMicroCASContention/AlternateThree/N=32-16                          	12085675	        97.66 ns/op	      16 B/op	       1 allocs/op
BenchmarkMicroCASContention/AlternateThree/N=32-16                          	11949512	        96.63 ns/op	      16 B/op	       1 allocs/op
BenchmarkMicroCASContention/AlternateThree/N=32-16                          	11939668	        97.11 ns/op	      16 B/op	       1 allocs/op
BenchmarkMicroCASContention/AlternateThree/N=32-16                          	11899366	        96.63 ns/op	      16 B/op	       1 allocs/op
BenchmarkMicroCASContention/Baseline/N=01-16                                	 9623102	       117.9 ns/op	      56 B/op	       3 allocs/op
BenchmarkMicroCASContention/Baseline/N=01-16                                	 9963764	       120.9 ns/op	      56 B/op	       3 allocs/op
BenchmarkMicroCASContention/Baseline/N=01-16                                	 9572529	       117.2 ns/op	      56 B/op	       3 allocs/op
BenchmarkMicroCASContention/Baseline/N=01-16                                	 9905329	       121.7 ns/op	      56 B/op	       3 allocs/op
BenchmarkMicroCASContention/Baseline/N=01-16                                	 9689844	       119.1 ns/op	      56 B/op	       3 allocs/op
BenchmarkMicroCASContention/Baseline/N=02-16                                	 9668748	       118.0 ns/op	      56 B/op	       3 allocs/op
BenchmarkMicroCASContention/Baseline/N=02-16                                	 9539890	       126.4 ns/op	      56 B/op	       3 allocs/op
BenchmarkMicroCASContention/Baseline/N=02-16                                	 9575890	       124.7 ns/op	      56 B/op	       3 allocs/op
BenchmarkMicroCASContention/Baseline/N=02-16                                	 9002648	       125.5 ns/op	      56 B/op	       3 allocs/op
BenchmarkMicroCASContention/Baseline/N=02-16                                	 9611972	       125.7 ns/op	      56 B/op	       3 allocs/op
BenchmarkMicroCASContention/Baseline/N=04-16                                	 9003067	       121.8 ns/op	      56 B/op	       3 allocs/op
BenchmarkMicroCASContention/Baseline/N=04-16                                	 8780131	       138.6 ns/op	      56 B/op	       3 allocs/op
BenchmarkMicroCASContention/Baseline/N=04-16                                	 8899534	       132.8 ns/op	      56 B/op	       3 allocs/op
BenchmarkMicroCASContention/Baseline/N=04-16                                	 9297762	       131.6 ns/op	      56 B/op	       3 allocs/op
BenchmarkMicroCASContention/Baseline/N=04-16                                	 9142689	       135.8 ns/op	      56 B/op	       3 allocs/op
BenchmarkMicroCASContention/Baseline/N=08-16                                	 8208517	       143.0 ns/op	      56 B/op	       3 allocs/op
BenchmarkMicroCASContention/Baseline/N=08-16                                	 7930454	       149.5 ns/op	      56 B/op	       3 allocs/op
BenchmarkMicroCASContention/Baseline/N=08-16                                	 8185342	       149.2 ns/op	      56 B/op	       3 allocs/op
BenchmarkMicroCASContention/Baseline/N=08-16                                	 8243173	       150.7 ns/op	      56 B/op	       3 allocs/op
BenchmarkMicroCASContention/Baseline/N=08-16                                	 8222810	       149.6 ns/op	      56 B/op	       3 allocs/op
BenchmarkMicroCASContention/Baseline/N=16-16                                	 8603488	       140.0 ns/op	      56 B/op	       3 allocs/op
BenchmarkMicroCASContention/Baseline/N=16-16                                	 8173478	       142.0 ns/op	      56 B/op	       3 allocs/op
BenchmarkMicroCASContention/Baseline/N=16-16                                	 8191998	       143.5 ns/op	      56 B/op	       3 allocs/op
BenchmarkMicroCASContention/Baseline/N=16-16                                	 8020371	       143.7 ns/op	      56 B/op	       3 allocs/op
BenchmarkMicroCASContention/Baseline/N=16-16                                	 8154937	       144.7 ns/op	      56 B/op	       3 allocs/op
BenchmarkMicroCASContention/Baseline/N=32-16                                	 8846712	       131.8 ns/op	      56 B/op	       3 allocs/op
BenchmarkMicroCASContention/Baseline/N=32-16                                	 8398555	       137.4 ns/op	      56 B/op	       3 allocs/op
BenchmarkMicroCASContention/Baseline/N=32-16                                	 8343565	       135.8 ns/op	      56 B/op	       3 allocs/op
BenchmarkMicroCASContention/Baseline/N=32-16                                	 8425244	       137.4 ns/op	      56 B/op	       3 allocs/op
BenchmarkMicroCASContention/Baseline/N=32-16                                	 8455164	       139.0 ns/op	      56 B/op	       3 allocs/op
BenchmarkMicroCASContention_Latency/Main-16                                 	  417932	      3064 ns/op	         0 p50_ns	         0 p95_ns	         0 p99_ns	     128 B/op	       2 allocs/op
BenchmarkMicroCASContention_Latency/Main-16                                 	  383095	      3181 ns/op	         0 p50_ns	         0 p95_ns	         0 p99_ns	     128 B/op	       2 allocs/op
BenchmarkMicroCASContention_Latency/Main-16                                 	  408730	      3248 ns/op	         0 p50_ns	         0 p95_ns	         0 p99_ns	     128 B/op	       2 allocs/op
BenchmarkMicroCASContention_Latency/Main-16                                 	  395142	      3233 ns/op	         0 p50_ns	         0 p95_ns	         0 p99_ns	     128 B/op	       2 allocs/op
BenchmarkMicroCASContention_Latency/Main-16                                 	  382666	      3185 ns/op	         0 p50_ns	         0 p95_ns	         0 p99_ns	     128 B/op	       2 allocs/op
BenchmarkMicroCASContention_Latency/MainFastPathForced-16                   	  396198	      3034 ns/op	         0 p50_ns	         0 p95_ns	         0 p99_ns	     128 B/op	       2 allocs/op
BenchmarkMicroCASContention_Latency/MainFastPathForced-16                   	  384265	      3110 ns/op	         0 p50_ns	         0 p95_ns	         0 p99_ns	     128 B/op	       2 allocs/op
BenchmarkMicroCASContention_Latency/MainFastPathForced-16                   	  430552	      3094 ns/op	         0 p50_ns	         0 p95_ns	         0 p99_ns	     128 B/op	       2 allocs/op
BenchmarkMicroCASContention_Latency/MainFastPathForced-16                   	  473208	      3140 ns/op	         0 p50_ns	         0 p95_ns	         0 p99_ns	     128 B/op	       2 allocs/op
BenchmarkMicroCASContention_Latency/MainFastPathForced-16                   	  371294	      3059 ns/op	         0 p50_ns	         0 p95_ns	         0 p99_ns	     128 B/op	       2 allocs/op
BenchmarkMicroCASContention_Latency/MainFastPathDisabled-16                 	  430293	      3302 ns/op	         0 p50_ns	         0 p95_ns	         0 p99_ns	     128 B/op	       2 allocs/op
BenchmarkMicroCASContention_Latency/MainFastPathDisabled-16                 	  420301	      3238 ns/op	         0 p50_ns	         0 p95_ns	         0 p99_ns	     128 B/op	       2 allocs/op
BenchmarkMicroCASContention_Latency/MainFastPathDisabled-16                 	  362506	      3198 ns/op	         0 p50_ns	         0 p95_ns	         0 p99_ns	     128 B/op	       2 allocs/op
BenchmarkMicroCASContention_Latency/MainFastPathDisabled-16                 	  366352	      3423 ns/op	         0 p50_ns	         0 p95_ns	         0 p99_ns	     128 B/op	       2 allocs/op
BenchmarkMicroCASContention_Latency/MainFastPathDisabled-16                 	  344715	      3504 ns/op	         0 p50_ns	         0 p95_ns	         0 p99_ns	     128 B/op	       2 allocs/op
BenchmarkMicroCASContention_Latency/AlternateOne-16                         	   92535	     12380 ns/op	         0 p50_ns	         0 p95_ns	    503000 p99_ns	     128 B/op	       2 allocs/op
BenchmarkMicroCASContention_Latency/AlternateOne-16                         	   87754	     12353 ns/op	         0 p50_ns	         0 p95_ns	    503800 p99_ns	     128 B/op	       2 allocs/op
BenchmarkMicroCASContention_Latency/AlternateOne-16                         	   90546	     11995 ns/op	         0 p50_ns	         0 p95_ns	    503300 p99_ns	     128 B/op	       2 allocs/op
BenchmarkMicroCASContention_Latency/AlternateOne-16                         	   85602	     12672 ns/op	         0 p50_ns	         0 p95_ns	    502800 p99_ns	     128 B/op	       2 allocs/op
BenchmarkMicroCASContention_Latency/AlternateOne-16                         	   95859	     12623 ns/op	         0 p50_ns	         0 p95_ns	    503500 p99_ns	     128 B/op	       2 allocs/op
BenchmarkMicroCASContention_Latency/AlternateTwo-16                         	  100141	     13327 ns/op	         0 p50_ns	         0 p95_ns	    503600 p99_ns	     128 B/op	       2 allocs/op
BenchmarkMicroCASContention_Latency/AlternateTwo-16                         	   85860	     12659 ns/op	         0 p50_ns	         0 p95_ns	    503700 p99_ns	     128 B/op	       2 allocs/op
BenchmarkMicroCASContention_Latency/AlternateTwo-16                         	   86684	     13745 ns/op	         0 p50_ns	         0 p95_ns	    503500 p99_ns	     128 B/op	       2 allocs/op
BenchmarkMicroCASContention_Latency/AlternateTwo-16                         	   96698	     12957 ns/op	         0 p50_ns	         0 p95_ns	    503500 p99_ns	     128 B/op	       2 allocs/op
BenchmarkMicroCASContention_Latency/AlternateTwo-16                         	   89781	     12290 ns/op	         0 p50_ns	         0 p95_ns	    504000 p99_ns	     128 B/op	       2 allocs/op
BenchmarkMicroCASContention_Latency/AlternateThree-16                       	   96681	     13033 ns/op	         0 p50_ns	         0 p95_ns	    503500 p99_ns	     128 B/op	       2 allocs/op
BenchmarkMicroCASContention_Latency/AlternateThree-16                       	   96596	     11981 ns/op	         0 p50_ns	         0 p95_ns	    503600 p99_ns	     128 B/op	       2 allocs/op
BenchmarkMicroCASContention_Latency/AlternateThree-16                       	   97238	     12146 ns/op	         0 p50_ns	         0 p95_ns	    503200 p99_ns	     128 B/op	       2 allocs/op
BenchmarkMicroCASContention_Latency/AlternateThree-16                       	   98374	     12359 ns/op	         0 p50_ns	         0 p95_ns	    503500 p99_ns	     128 B/op	       2 allocs/op
BenchmarkMicroCASContention_Latency/AlternateThree-16                       	   98256	     12053 ns/op	         0 p50_ns	         0 p95_ns	    503400 p99_ns	     128 B/op	       2 allocs/op
BenchmarkMicroCASContention_Latency/Baseline-16                             	  937953	      1312 ns/op	         0 p50_ns	         0 p95_ns	         0 p99_ns	     168 B/op	       4 allocs/op
BenchmarkMicroCASContention_Latency/Baseline-16                             	  929007	      1275 ns/op	         0 p50_ns	         0 p95_ns	         0 p99_ns	     168 B/op	       4 allocs/op
BenchmarkMicroCASContention_Latency/Baseline-16                             	 1000000	      1314 ns/op	         0 p50_ns	         0 p95_ns	         0 p99_ns	     168 B/op	       4 allocs/op
BenchmarkMicroCASContention_Latency/Baseline-16                             	  884838	      1303 ns/op	         0 p50_ns	         0 p95_ns	         0 p99_ns	     168 B/op	       4 allocs/op
BenchmarkMicroCASContention_Latency/Baseline-16                             	  937573	      1285 ns/op	         0 p50_ns	         0 p95_ns	         0 p99_ns	     168 B/op	       4 allocs/op
BenchmarkMicroWakeupSyscall_Running/Main-16                                 	 6994747	       201.5 ns/op	     467 B/op	       1 allocs/op
BenchmarkMicroWakeupSyscall_Running/Main-16                                 	 7885170	       130.5 ns/op	     516 B/op	       1 allocs/op
BenchmarkMicroWakeupSyscall_Running/Main-16                                 	11008483	       109.8 ns/op	     463 B/op	       1 allocs/op
BenchmarkMicroWakeupSyscall_Running/Main-16                                 	 8985081	       142.2 ns/op	     564 B/op	       1 allocs/op
BenchmarkMicroWakeupSyscall_Running/Main-16                                 	10319770	       118.8 ns/op	     493 B/op	       1 allocs/op
BenchmarkMicroWakeupSyscall_Running/MainFastPathForced-16                   	10687765	       103.8 ns/op	     477 B/op	       1 allocs/op
BenchmarkMicroWakeupSyscall_Running/MainFastPathForced-16                   	10868042	       123.5 ns/op	     469 B/op	       1 allocs/op
BenchmarkMicroWakeupSyscall_Running/MainFastPathForced-16                   	10860754	       115.6 ns/op	     470 B/op	       1 allocs/op
BenchmarkMicroWakeupSyscall_Running/MainFastPathForced-16                   	10393808	       120.3 ns/op	     490 B/op	       1 allocs/op
BenchmarkMicroWakeupSyscall_Running/MainFastPathForced-16                   	10815072	       114.1 ns/op	     472 B/op	       1 allocs/op
BenchmarkMicroWakeupSyscall_Running/MainFastPathDisabled-16                 	10778673	       115.8 ns/op	     473 B/op	       1 allocs/op
BenchmarkMicroWakeupSyscall_Running/MainFastPathDisabled-16                 	11306881	       125.0 ns/op	     561 B/op	       1 allocs/op
BenchmarkMicroWakeupSyscall_Running/MainFastPathDisabled-16                 	10696597	       117.1 ns/op	     477 B/op	       1 allocs/op
BenchmarkMicroWakeupSyscall_Running/MainFastPathDisabled-16                 	10269390	       118.7 ns/op	     496 B/op	       1 allocs/op
BenchmarkMicroWakeupSyscall_Running/MainFastPathDisabled-16                 	10113206	       107.9 ns/op	     503 B/op	       1 allocs/op
BenchmarkMicroWakeupSyscall_Running/AlternateOne-16                         	19256629	        52.35 ns/op	      39 B/op	       1 allocs/op
BenchmarkMicroWakeupSyscall_Running/AlternateOne-16                         	21672267	        48.68 ns/op	      39 B/op	       1 allocs/op
BenchmarkMicroWakeupSyscall_Running/AlternateOne-16                         	23294095	        48.88 ns/op	      39 B/op	       1 allocs/op
BenchmarkMicroWakeupSyscall_Running/AlternateOne-16                         	22233297	        48.61 ns/op	      39 B/op	       1 allocs/op
BenchmarkMicroWakeupSyscall_Running/AlternateOne-16                         	23645458	        48.17 ns/op	      39 B/op	       1 allocs/op
BenchmarkMicroWakeupSyscall_Running/AlternateTwo-16                         	 5707767	       211.6 ns/op	      32 B/op	       2 allocs/op
BenchmarkMicroWakeupSyscall_Running/AlternateTwo-16                         	 5736496	       205.9 ns/op	      32 B/op	       2 allocs/op
BenchmarkMicroWakeupSyscall_Running/AlternateTwo-16                         	 5820990	       210.7 ns/op	      32 B/op	       2 allocs/op
BenchmarkMicroWakeupSyscall_Running/AlternateTwo-16                         	 5897170	       202.3 ns/op	      29 B/op	       1 allocs/op
BenchmarkMicroWakeupSyscall_Running/AlternateTwo-16                         	 5794052	       204.0 ns/op	      29 B/op	       1 allocs/op
BenchmarkMicroWakeupSyscall_Running/AlternateThree-16                       	28437770	        42.58 ns/op	      24 B/op	       1 allocs/op
BenchmarkMicroWakeupSyscall_Running/AlternateThree-16                       	28186812	        42.09 ns/op	      24 B/op	       1 allocs/op
BenchmarkMicroWakeupSyscall_Running/AlternateThree-16                       	28007150	        39.46 ns/op	      24 B/op	       1 allocs/op
BenchmarkMicroWakeupSyscall_Running/AlternateThree-16                       	28001269	        39.56 ns/op	      24 B/op	       1 allocs/op
BenchmarkMicroWakeupSyscall_Running/AlternateThree-16                       	28343666	        41.52 ns/op	      24 B/op	       1 allocs/op
BenchmarkMicroWakeupSyscall_Running/Baseline-16                             	12224066	        88.38 ns/op	      99 B/op	       3 allocs/op
BenchmarkMicroWakeupSyscall_Running/Baseline-16                             	13501471	        84.96 ns/op	     105 B/op	       3 allocs/op
BenchmarkMicroWakeupSyscall_Running/Baseline-16                             	14222997	        91.68 ns/op	     102 B/op	       3 allocs/op
BenchmarkMicroWakeupSyscall_Running/Baseline-16                             	14606287	        89.68 ns/op	     101 B/op	       3 allocs/op
BenchmarkMicroWakeupSyscall_Running/Baseline-16                             	14563230	        89.06 ns/op	     101 B/op	       3 allocs/op
BenchmarkMicroWakeupSyscall_Sleeping/Main-16                                	  356973	      2920 ns/op	     128 B/op	       2 allocs/op
BenchmarkMicroWakeupSyscall_Sleeping/Main-16                                	  445210	      2794 ns/op	     128 B/op	       2 allocs/op
BenchmarkMicroWakeupSyscall_Sleeping/Main-16                                	  471312	      2809 ns/op	     128 B/op	       2 allocs/op
BenchmarkMicroWakeupSyscall_Sleeping/Main-16                                	  385135	      2732 ns/op	     128 B/op	       2 allocs/op
BenchmarkMicroWakeupSyscall_Sleeping/Main-16                                	  451621	      2786 ns/op	     128 B/op	       2 allocs/op
BenchmarkMicroWakeupSyscall_Sleeping/MainFastPathForced-16                  	  421034	      2856 ns/op	     128 B/op	       2 allocs/op
BenchmarkMicroWakeupSyscall_Sleeping/MainFastPathForced-16                  	  455246	      2880 ns/op	     128 B/op	       2 allocs/op
BenchmarkMicroWakeupSyscall_Sleeping/MainFastPathForced-16                  	  422608	      2811 ns/op	     128 B/op	       2 allocs/op
BenchmarkMicroWakeupSyscall_Sleeping/MainFastPathForced-16                  	  437382	      2704 ns/op	     128 B/op	       2 allocs/op
BenchmarkMicroWakeupSyscall_Sleeping/MainFastPathForced-16                  	  360841	      2835 ns/op	     128 B/op	       2 allocs/op
BenchmarkMicroWakeupSyscall_Sleeping/MainFastPathDisabled-16                	  476607	      2786 ns/op	     128 B/op	       2 allocs/op
BenchmarkMicroWakeupSyscall_Sleeping/MainFastPathDisabled-16                	  393430	      2732 ns/op	     128 B/op	       2 allocs/op
BenchmarkMicroWakeupSyscall_Sleeping/MainFastPathDisabled-16                	  463287	      2909 ns/op	     128 B/op	       2 allocs/op
BenchmarkMicroWakeupSyscall_Sleeping/MainFastPathDisabled-16                	  469054	      3033 ns/op	     128 B/op	       2 allocs/op
BenchmarkMicroWakeupSyscall_Sleeping/MainFastPathDisabled-16                	  394532	      3369 ns/op	     128 B/op	       2 allocs/op
BenchmarkMicroWakeupSyscall_Sleeping/AlternateOne-16                        	   98318	     12532 ns/op	     128 B/op	       2 allocs/op
BenchmarkMicroWakeupSyscall_Sleeping/AlternateOne-16                        	   97158	     12434 ns/op	     128 B/op	       2 allocs/op
BenchmarkMicroWakeupSyscall_Sleeping/AlternateOne-16                        	   91095	     13372 ns/op	     128 B/op	       2 allocs/op
BenchmarkMicroWakeupSyscall_Sleeping/AlternateOne-16                        	   88234	     12707 ns/op	     128 B/op	       2 allocs/op
BenchmarkMicroWakeupSyscall_Sleeping/AlternateOne-16                        	   91441	     12486 ns/op	     128 B/op	       2 allocs/op
BenchmarkMicroWakeupSyscall_Sleeping/AlternateTwo-16                        	   95194	     12642 ns/op	     128 B/op	       2 allocs/op
BenchmarkMicroWakeupSyscall_Sleeping/AlternateTwo-16                        	   91728	     12794 ns/op	     128 B/op	       2 allocs/op
BenchmarkMicroWakeupSyscall_Sleeping/AlternateTwo-16                        	   88370	     12865 ns/op	     128 B/op	       2 allocs/op
BenchmarkMicroWakeupSyscall_Sleeping/AlternateTwo-16                        	   98038	     12646 ns/op	     128 B/op	       2 allocs/op
BenchmarkMicroWakeupSyscall_Sleeping/AlternateTwo-16                        	   92326	     12892 ns/op	     128 B/op	       2 allocs/op
BenchmarkMicroWakeupSyscall_Sleeping/AlternateThree-16                      	   95316	     11842 ns/op	     128 B/op	       2 allocs/op
BenchmarkMicroWakeupSyscall_Sleeping/AlternateThree-16                      	   99283	     11848 ns/op	     128 B/op	       2 allocs/op
BenchmarkMicroWakeupSyscall_Sleeping/AlternateThree-16                      	   99855	     11969 ns/op	     128 B/op	       2 allocs/op
BenchmarkMicroWakeupSyscall_Sleeping/AlternateThree-16                      	   97896	     12445 ns/op	     128 B/op	       2 allocs/op
BenchmarkMicroWakeupSyscall_Sleeping/AlternateThree-16                      	   97848	     12624 ns/op	     128 B/op	       2 allocs/op
BenchmarkMicroWakeupSyscall_Sleeping/Baseline-16                            	  912325	      1269 ns/op	     168 B/op	       4 allocs/op
BenchmarkMicroWakeupSyscall_Sleeping/Baseline-16                            	  890928	      1269 ns/op	     168 B/op	       4 allocs/op
BenchmarkMicroWakeupSyscall_Sleeping/Baseline-16                            	  987596	      1276 ns/op	     168 B/op	       4 allocs/op
BenchmarkMicroWakeupSyscall_Sleeping/Baseline-16                            	  932878	      1262 ns/op	     168 B/op	       4 allocs/op
BenchmarkMicroWakeupSyscall_Sleeping/Baseline-16                            	  985941	      1274 ns/op	     168 B/op	       4 allocs/op
BenchmarkMicroWakeupSyscall_Burst/Main-16                                   	 1766625	       672.6 ns/op	      17 B/op	       1 allocs/op
BenchmarkMicroWakeupSyscall_Burst/Main-16                                   	 1769114	       673.3 ns/op	      17 B/op	       1 allocs/op
BenchmarkMicroWakeupSyscall_Burst/Main-16                                   	 1791614	       677.4 ns/op	      17 B/op	       1 allocs/op
BenchmarkMicroWakeupSyscall_Burst/Main-16                                   	 1769646	       669.6 ns/op	      17 B/op	       1 allocs/op
BenchmarkMicroWakeupSyscall_Burst/Main-16                                   	 1786675	       673.3 ns/op	      17 B/op	       1 allocs/op
BenchmarkMicroWakeupSyscall_Burst/MainFastPathForced-16                     	 1784310	       673.2 ns/op	      17 B/op	       1 allocs/op
BenchmarkMicroWakeupSyscall_Burst/MainFastPathForced-16                     	 1769619	       678.1 ns/op	      17 B/op	       1 allocs/op
BenchmarkMicroWakeupSyscall_Burst/MainFastPathForced-16                     	 1768630	       676.1 ns/op	      17 B/op	       1 allocs/op
BenchmarkMicroWakeupSyscall_Burst/MainFastPathForced-16                     	 1772991	       680.9 ns/op	      17 B/op	       1 allocs/op
BenchmarkMicroWakeupSyscall_Burst/MainFastPathForced-16                     	 1758932	       672.9 ns/op	      17 B/op	       1 allocs/op
BenchmarkMicroWakeupSyscall_Burst/MainFastPathDisabled-16                   	 1766816	       680.4 ns/op	      17 B/op	       1 allocs/op
BenchmarkMicroWakeupSyscall_Burst/MainFastPathDisabled-16                   	 1763865	       677.2 ns/op	      17 B/op	       1 allocs/op
BenchmarkMicroWakeupSyscall_Burst/MainFastPathDisabled-16                   	 1781977	       678.3 ns/op	      17 B/op	       1 allocs/op
BenchmarkMicroWakeupSyscall_Burst/MainFastPathDisabled-16                   	 1725916	       682.6 ns/op	      17 B/op	       1 allocs/op
BenchmarkMicroWakeupSyscall_Burst/MainFastPathDisabled-16                   	 1754876	       678.7 ns/op	      17 B/op	       1 allocs/op
BenchmarkMicroWakeupSyscall_Burst/AlternateOne-16                           	 6127443	       198.8 ns/op	      17 B/op	       1 allocs/op
BenchmarkMicroWakeupSyscall_Burst/AlternateOne-16                           	 5923380	       204.4 ns/op	      17 B/op	       1 allocs/op
BenchmarkMicroWakeupSyscall_Burst/AlternateOne-16                           	 6069704	       193.9 ns/op	      17 B/op	       1 allocs/op
BenchmarkMicroWakeupSyscall_Burst/AlternateOne-16                           	 6001944	       201.9 ns/op	      17 B/op	       1 allocs/op
BenchmarkMicroWakeupSyscall_Burst/AlternateOne-16                           	 5691338	       200.4 ns/op	      17 B/op	       1 allocs/op
BenchmarkMicroWakeupSyscall_Burst/AlternateTwo-16                           	 3868040	       310.4 ns/op	      17 B/op	       1 allocs/op
BenchmarkMicroWakeupSyscall_Burst/AlternateTwo-16                           	 3690561	       311.1 ns/op	      17 B/op	       1 allocs/op
BenchmarkMicroWakeupSyscall_Burst/AlternateTwo-16                           	 3941413	       320.0 ns/op	      17 B/op	       1 allocs/op
BenchmarkMicroWakeupSyscall_Burst/AlternateTwo-16                           	 4001782	       331.6 ns/op	      17 B/op	       1 allocs/op
BenchmarkMicroWakeupSyscall_Burst/AlternateTwo-16                           	 3803353	       320.5 ns/op	      17 B/op	       1 allocs/op
BenchmarkMicroWakeupSyscall_Burst/AlternateThree-16                         	 6913911	       172.0 ns/op	      17 B/op	       1 allocs/op
BenchmarkMicroWakeupSyscall_Burst/AlternateThree-16                         	 6851665	       176.6 ns/op	      17 B/op	       1 allocs/op
BenchmarkMicroWakeupSyscall_Burst/AlternateThree-16                         	 6655256	       175.0 ns/op	      17 B/op	       1 allocs/op
BenchmarkMicroWakeupSyscall_Burst/AlternateThree-16                         	 6789933	       173.4 ns/op	      17 B/op	       1 allocs/op
BenchmarkMicroWakeupSyscall_Burst/AlternateThree-16                         	 6798958	       174.4 ns/op	      17 B/op	       1 allocs/op
BenchmarkMicroWakeupSyscall_Burst/Baseline-16                               	 8919360	       133.7 ns/op	      57 B/op	       3 allocs/op
BenchmarkMicroWakeupSyscall_Burst/Baseline-16                               	 8930292	       134.5 ns/op	      57 B/op	       3 allocs/op
BenchmarkMicroWakeupSyscall_Burst/Baseline-16                               	 8696678	       135.6 ns/op	      57 B/op	       3 allocs/op
BenchmarkMicroWakeupSyscall_Burst/Baseline-16                               	 9078693	       137.0 ns/op	      57 B/op	       3 allocs/op
BenchmarkMicroWakeupSyscall_Burst/Baseline-16                               	 8937009	       135.1 ns/op	      57 B/op	       3 allocs/op
BenchmarkMicroWakeupSyscall_RapidSubmit/Main-16                             	 7553787	       151.1 ns/op	     111 B/op	       1 allocs/op
BenchmarkMicroWakeupSyscall_RapidSubmit/Main-16                             	 7524416	       163.8 ns/op	     112 B/op	       1 allocs/op
BenchmarkMicroWakeupSyscall_RapidSubmit/Main-16                             	 7101225	       157.2 ns/op	     120 B/op	       1 allocs/op
BenchmarkMicroWakeupSyscall_RapidSubmit/Main-16                             	 6800361	       162.6 ns/op	     109 B/op	       1 allocs/op
BenchmarkMicroWakeupSyscall_RapidSubmit/Main-16                             	 7387302	       148.9 ns/op	     107 B/op	       1 allocs/op
BenchmarkMicroWakeupSyscall_RapidSubmit/MainFastPathForced-16               	 7938560	       159.9 ns/op	     119 B/op	       1 allocs/op
BenchmarkMicroWakeupSyscall_RapidSubmit/MainFastPathForced-16               	 7914783	       153.6 ns/op	     106 B/op	       1 allocs/op
BenchmarkMicroWakeupSyscall_RapidSubmit/MainFastPathForced-16               	 7533598	       161.7 ns/op	     106 B/op	       1 allocs/op
BenchmarkMicroWakeupSyscall_RapidSubmit/MainFastPathForced-16               	 7676211	       165.2 ns/op	     117 B/op	       1 allocs/op
BenchmarkMicroWakeupSyscall_RapidSubmit/MainFastPathForced-16               	 7719330	       149.8 ns/op	     105 B/op	       1 allocs/op
BenchmarkMicroWakeupSyscall_RapidSubmit/MainFastPathDisabled-16             	 8194072	       147.9 ns/op	     109 B/op	       1 allocs/op
BenchmarkMicroWakeupSyscall_RapidSubmit/MainFastPathDisabled-16             	 8642120	       156.5 ns/op	     111 B/op	       1 allocs/op
BenchmarkMicroWakeupSyscall_RapidSubmit/MainFastPathDisabled-16             	 7454268	       150.5 ns/op	     105 B/op	       1 allocs/op
BenchmarkMicroWakeupSyscall_RapidSubmit/MainFastPathDisabled-16             	 7781268	       148.9 ns/op	     104 B/op	       1 allocs/op
BenchmarkMicroWakeupSyscall_RapidSubmit/MainFastPathDisabled-16             	 8037232	       154.5 ns/op	     104 B/op	       1 allocs/op
BenchmarkMicroWakeupSyscall_RapidSubmit/AlternateOne-16                     	15070946	        76.22 ns/op	      26 B/op	       1 allocs/op
BenchmarkMicroWakeupSyscall_RapidSubmit/AlternateOne-16                     	14198394	        76.60 ns/op	      27 B/op	       1 allocs/op
BenchmarkMicroWakeupSyscall_RapidSubmit/AlternateOne-16                     	13347392	        75.48 ns/op	      26 B/op	       1 allocs/op
BenchmarkMicroWakeupSyscall_RapidSubmit/AlternateOne-16                     	14095839	        76.39 ns/op	      25 B/op	       1 allocs/op
BenchmarkMicroWakeupSyscall_RapidSubmit/AlternateOne-16                     	14744151	        77.82 ns/op	      24 B/op	       1 allocs/op
BenchmarkMicroWakeupSyscall_RapidSubmit/AlternateTwo-16                     	 5569162	       245.8 ns/op	      16 B/op	       1 allocs/op
BenchmarkMicroWakeupSyscall_RapidSubmit/AlternateTwo-16                     	 5159871	       250.2 ns/op	      16 B/op	       1 allocs/op
BenchmarkMicroWakeupSyscall_RapidSubmit/AlternateTwo-16                     	 5561278	       259.3 ns/op	      16 B/op	       1 allocs/op
BenchmarkMicroWakeupSyscall_RapidSubmit/AlternateTwo-16                     	 5877638	       253.4 ns/op	      16 B/op	       1 allocs/op
BenchmarkMicroWakeupSyscall_RapidSubmit/AlternateTwo-16                     	 4895047	       232.4 ns/op	      16 B/op	       1 allocs/op
BenchmarkMicroWakeupSyscall_RapidSubmit/AlternateThree-16                   	17086471	        70.30 ns/op	      16 B/op	       1 allocs/op
BenchmarkMicroWakeupSyscall_RapidSubmit/AlternateThree-16                   	16394316	        71.73 ns/op	      16 B/op	       1 allocs/op
BenchmarkMicroWakeupSyscall_RapidSubmit/AlternateThree-16                   	16366544	        72.21 ns/op	      16 B/op	       1 allocs/op
BenchmarkMicroWakeupSyscall_RapidSubmit/AlternateThree-16                   	16907241	        72.22 ns/op	      16 B/op	       1 allocs/op
BenchmarkMicroWakeupSyscall_RapidSubmit/AlternateThree-16                   	17624406	        70.85 ns/op	      16 B/op	       1 allocs/op
BenchmarkMicroWakeupSyscall_RapidSubmit/Baseline-16                         	10664314	       112.3 ns/op	      56 B/op	       3 allocs/op
BenchmarkMicroWakeupSyscall_RapidSubmit/Baseline-16                         	10111555	       113.5 ns/op	      56 B/op	       3 allocs/op
BenchmarkMicroWakeupSyscall_RapidSubmit/Baseline-16                         	10082186	       114.8 ns/op	      56 B/op	       3 allocs/op
BenchmarkMicroWakeupSyscall_RapidSubmit/Baseline-16                         	 9964756	       113.5 ns/op	      56 B/op	       3 allocs/op
BenchmarkMicroWakeupSyscall_RapidSubmit/Baseline-16                         	10220210	       115.4 ns/op	      56 B/op	       3 allocs/op
BenchmarkMicrotaskRoundTrip/Main-16                                         	  299344	      3923 ns/op	     288 B/op	       8 allocs/op
BenchmarkMicrotaskRoundTrip/Main-16                                         	  290799	      3822 ns/op	     289 B/op	       8 allocs/op
BenchmarkMicrotaskRoundTrip/Main-16                                         	  334328	      3848 ns/op	     288 B/op	       8 allocs/op
BenchmarkMicrotaskRoundTrip/Main-16                                         	  293694	      3860 ns/op	     304 B/op	       9 allocs/op
BenchmarkMicrotaskRoundTrip/Main-16                                         	  312852	      3891 ns/op	     300 B/op	       9 allocs/op
BenchmarkMicrotaskRoundTrip/MainFastPathForced-16                           	  304897	      3772 ns/op	     303 B/op	       9 allocs/op
BenchmarkMicrotaskRoundTrip/MainFastPathForced-16                           	  308368	      3848 ns/op	     299 B/op	       9 allocs/op
BenchmarkMicrotaskRoundTrip/MainFastPathForced-16                           	  284684	      3860 ns/op	     288 B/op	       8 allocs/op
BenchmarkMicrotaskRoundTrip/MainFastPathForced-16                           	  295131	      3799 ns/op	     302 B/op	       9 allocs/op
BenchmarkMicrotaskRoundTrip/MainFastPathForced-16                           	  280329	      3952 ns/op	     302 B/op	       9 allocs/op
BenchmarkMicrotaskRoundTrip/MainFastPathDisabled-16                         	  316352	      3694 ns/op	     284 B/op	       8 allocs/op
BenchmarkMicrotaskRoundTrip/MainFastPathDisabled-16                         	  302820	      3775 ns/op	     282 B/op	       8 allocs/op
BenchmarkMicrotaskRoundTrip/MainFastPathDisabled-16                         	  309921	      3830 ns/op	     289 B/op	       8 allocs/op
BenchmarkMicrotaskRoundTrip/MainFastPathDisabled-16                         	  323676	      3818 ns/op	     285 B/op	       8 allocs/op
BenchmarkMicrotaskRoundTrip/MainFastPathDisabled-16                         	  313942	      3765 ns/op	     284 B/op	       8 allocs/op
BenchmarkMicrotaskRoundTrip/AlternateOne-16                                 	       1	10005258000 ns/op	    4688 B/op	      29 allocs/op
BenchmarkMicrotaskRoundTrip/AlternateOne-16                                 	       1	10007788900 ns/op	    4688 B/op	      29 allocs/op
BenchmarkMicrotaskRoundTrip/AlternateOne-16                                 	       1	10009093200 ns/op	    4688 B/op	      29 allocs/op
BenchmarkMicrotaskRoundTrip/AlternateOne-16                                 	       1	10008329500 ns/op	    4688 B/op	      29 allocs/op
BenchmarkMicrotaskRoundTrip/AlternateOne-16                                 	       1	10001656500 ns/op	    4688 B/op	      29 allocs/op
BenchmarkMicrotaskRoundTrip/AlternateTwo-16                                 	      60	  20329542 ns/op	     157 B/op	       3 allocs/op
BenchmarkMicrotaskRoundTrip/AlternateTwo-16                                 	      73	  20433374 ns/op	     156 B/op	       3 allocs/op
BenchmarkMicrotaskRoundTrip/AlternateTwo-16                                 	      52	  19781827 ns/op	     159 B/op	       3 allocs/op
BenchmarkMicrotaskRoundTrip/AlternateTwo-16                                 	     100	  20531252 ns/op	     148 B/op	       3 allocs/op
BenchmarkMicrotaskRoundTrip/AlternateTwo-16                                 	      67	  19834860 ns/op	     154 B/op	       3 allocs/op
BenchmarkPromisesV2/ChainedPromise/ChainDepth100EndToEnd-16                 	   28140	     41950 ns/op	   14669 B/op	     334 allocs/op
BenchmarkPromisesV2/ChainedPromise/ChainDepth100EndToEnd-16                 	   28554	     42103 ns/op	   14669 B/op	     334 allocs/op
BenchmarkPromisesV2/ChainedPromise/ChainDepth100EndToEnd-16                 	   28513	     41848 ns/op	   14669 B/op	     334 allocs/op
BenchmarkPromisesV2/ChainedPromise/ChainDepth100EndToEnd-16                 	   28117	     42022 ns/op	   14670 B/op	     334 allocs/op
BenchmarkPromisesV2/ChainedPromise/ChainDepth100EndToEnd-16                 	   28036	     41849 ns/op	   14669 B/op	     334 allocs/op
BenchmarkPromisesV2/ChainedPromise/ResolvedHandlerEndToEnd-16               	  129139	      9164 ns/op	     737 B/op	      21 allocs/op
BenchmarkPromisesV2/ChainedPromise/ResolvedHandlerEndToEnd-16               	  133314	      9196 ns/op	     749 B/op	      22 allocs/op
BenchmarkPromisesV2/ChainedPromise/ResolvedHandlerEndToEnd-16               	  132146	      9294 ns/op	     770 B/op	      23 allocs/op
BenchmarkPromisesV2/ChainedPromise/ResolvedHandlerEndToEnd-16               	  132226	      8906 ns/op	     737 B/op	      21 allocs/op
BenchmarkPromisesV2/ChainedPromise/ResolvedHandlerEndToEnd-16               	  129822	      9110 ns/op	     746 B/op	      22 allocs/op
BenchmarkPromisesV2/ChainedPromise/FanOut100EndToEnd-16                     	   13746	     88673 ns/op	   38599 B/op	     549 allocs/op
BenchmarkPromisesV2/ChainedPromise/FanOut100EndToEnd-16                     	   13357	     89334 ns/op	   38453 B/op	     549 allocs/op
BenchmarkPromisesV2/ChainedPromise/FanOut100EndToEnd-16                     	   13485	     90006 ns/op	   38663 B/op	     549 allocs/op
BenchmarkPromisesV2/ChainedPromise/FanOut100EndToEnd-16                     	   13375	     87552 ns/op	   38504 B/op	     549 allocs/op
BenchmarkPromisesV2/ChainedPromise/FanOut100EndToEnd-16                     	   13446	     87778 ns/op	   38526 B/op	     549 allocs/op
BenchmarkPromisesV2/ChainedPromise/Race100EndToEnd-16                       	   14574	     83734 ns/op	   35213 B/op	     751 allocs/op
BenchmarkPromisesV2/ChainedPromise/Race100EndToEnd-16                       	   14365	     82540 ns/op	   34727 B/op	     751 allocs/op
BenchmarkPromisesV2/ChainedPromise/Race100EndToEnd-16                       	   14475	     84322 ns/op	   34808 B/op	     751 allocs/op
BenchmarkPromisesV2/ChainedPromise/Race100EndToEnd-16                       	   14305	     85078 ns/op	   35016 B/op	     751 allocs/op
BenchmarkPromisesV2/ChainedPromise/Race100EndToEnd-16                       	   13872	     83264 ns/op	   35033 B/op	     751 allocs/op
BenchmarkPromisesV2/PromiseAltOne/ChainDepth100EndToEnd-16                  	   37068	     30743 ns/op	   14667 B/op	     334 allocs/op
BenchmarkPromisesV2/PromiseAltOne/ChainDepth100EndToEnd-16                  	   39098	     31169 ns/op	   14667 B/op	     334 allocs/op
BenchmarkPromisesV2/PromiseAltOne/ChainDepth100EndToEnd-16                  	   38833	     30862 ns/op	   14667 B/op	     334 allocs/op
BenchmarkPromisesV2/PromiseAltOne/ChainDepth100EndToEnd-16                  	   38944	     30606 ns/op	   14666 B/op	     334 allocs/op
BenchmarkPromisesV2/PromiseAltOne/ChainDepth100EndToEnd-16                  	   38902	     31167 ns/op	   14667 B/op	     334 allocs/op
BenchmarkPromisesV2/PromiseAltOne/ResolvedHandlerEndToEnd-16                	  139171	      8481 ns/op	     719 B/op	      21 allocs/op
BenchmarkPromisesV2/PromiseAltOne/ResolvedHandlerEndToEnd-16                	  132438	      8787 ns/op	     731 B/op	      21 allocs/op
BenchmarkPromisesV2/PromiseAltOne/ResolvedHandlerEndToEnd-16                	  138469	      8598 ns/op	     724 B/op	      21 allocs/op
BenchmarkPromisesV2/PromiseAltOne/ResolvedHandlerEndToEnd-16                	  145252	      8356 ns/op	     730 B/op	      21 allocs/op
BenchmarkPromisesV2/PromiseAltOne/ResolvedHandlerEndToEnd-16                	  144393	      8574 ns/op	     732 B/op	      21 allocs/op
BenchmarkPromisesV2/PromiseAltOne/FanOut100EndToEnd-16                      	   17158	     68890 ns/op	   27808 B/op	     538 allocs/op
BenchmarkPromisesV2/PromiseAltOne/FanOut100EndToEnd-16                      	   17581	     68665 ns/op	   27808 B/op	     538 allocs/op
BenchmarkPromisesV2/PromiseAltOne/FanOut100EndToEnd-16                      	   17330	     68207 ns/op	   27808 B/op	     538 allocs/op
BenchmarkPromisesV2/PromiseAltOne/FanOut100EndToEnd-16                      	   17169	     69248 ns/op	   27808 B/op	     538 allocs/op
BenchmarkPromisesV2/PromiseAltOne/FanOut100EndToEnd-16                      	   17179	     68708 ns/op	   27809 B/op	     538 allocs/op
BenchmarkPromisesV2/PromiseAltOne/Race100EndToEnd-16                        	   28426	     43223 ns/op	   17451 B/op	     339 allocs/op
BenchmarkPromisesV2/PromiseAltOne/Race100EndToEnd-16                        	   27423	     42630 ns/op	   17459 B/op	     340 allocs/op
BenchmarkPromisesV2/PromiseAltOne/Race100EndToEnd-16                        	   28428	     42541 ns/op	   17457 B/op	     340 allocs/op
BenchmarkPromisesV2/PromiseAltOne/Race100EndToEnd-16                        	   28654	     42982 ns/op	   17458 B/op	     340 allocs/op
BenchmarkPromisesV2/PromiseAltOne/Race100EndToEnd-16                        	   28532	     43746 ns/op	   17458 B/op	     340 allocs/op
BenchmarkPromisesV2/PromiseAltTwo/ChainDepth100EndToEnd-16                  	   35925	     31735 ns/op	   14654 B/op	     435 allocs/op
BenchmarkPromisesV2/PromiseAltTwo/ChainDepth100EndToEnd-16                  	   38187	     31894 ns/op	   14653 B/op	     435 allocs/op
BenchmarkPromisesV2/PromiseAltTwo/ChainDepth100EndToEnd-16                  	   37320	     32160 ns/op	   14653 B/op	     435 allocs/op
BenchmarkPromisesV2/PromiseAltTwo/ChainDepth100EndToEnd-16                  	   37884	     32212 ns/op	   14654 B/op	     435 allocs/op
BenchmarkPromisesV2/PromiseAltTwo/ChainDepth100EndToEnd-16                  	   36836	     32111 ns/op	   14653 B/op	     435 allocs/op
BenchmarkPromisesV2/PromiseAltTwo/ResolvedHandlerEndToEnd-16                	  134263	      8877 ns/op	     722 B/op	      22 allocs/op
BenchmarkPromisesV2/PromiseAltTwo/ResolvedHandlerEndToEnd-16                	  143688	      8654 ns/op	     757 B/op	      23 allocs/op
BenchmarkPromisesV2/PromiseAltTwo/ResolvedHandlerEndToEnd-16                	  130555	      8641 ns/op	     753 B/op	      23 allocs/op
BenchmarkPromisesV2/PromiseAltTwo/ResolvedHandlerEndToEnd-16                	  147284	      8666 ns/op	     752 B/op	      23 allocs/op
BenchmarkPromisesV2/PromiseAltTwo/ResolvedHandlerEndToEnd-16                	  138188	      8564 ns/op	     740 B/op	      22 allocs/op
BenchmarkPromisesV2/PromiseAltTwo/FanOut100EndToEnd-16                      	   18790	     63943 ns/op	   17909 B/op	     532 allocs/op
BenchmarkPromisesV2/PromiseAltTwo/FanOut100EndToEnd-16                      	   18834	     64265 ns/op	   17911 B/op	     532 allocs/op
BenchmarkPromisesV2/PromiseAltTwo/FanOut100EndToEnd-16                      	   18777	     63557 ns/op	   17910 B/op	     532 allocs/op
BenchmarkPromisesV2/PromiseAltTwo/FanOut100EndToEnd-16                      	   18945	     63337 ns/op	   17910 B/op	     532 allocs/op
BenchmarkPromisesV2/PromiseAltTwo/FanOut100EndToEnd-16                      	   18958	     63380 ns/op	   17911 B/op	     532 allocs/op
BenchmarkPromisesV2/PromiseAltThree/ChainDepth100EndToEnd-16                	   32030	     37572 ns/op	   11529 B/op	     335 allocs/op
BenchmarkPromisesV2/PromiseAltThree/ChainDepth100EndToEnd-16                	   31701	     37926 ns/op	   11526 B/op	     335 allocs/op
BenchmarkPromisesV2/PromiseAltThree/ChainDepth100EndToEnd-16                	   31968	     38116 ns/op	   11530 B/op	     335 allocs/op
BenchmarkPromisesV2/PromiseAltThree/ChainDepth100EndToEnd-16                	   32036	     37781 ns/op	   11528 B/op	     335 allocs/op
BenchmarkPromisesV2/PromiseAltThree/ChainDepth100EndToEnd-16                	   30988	     37537 ns/op	   11528 B/op	     335 allocs/op
BenchmarkPromisesV2/PromiseAltThree/ResolvedHandlerEndToEnd-16              	  133323	      8925 ns/op	     724 B/op	      22 allocs/op
BenchmarkPromisesV2/PromiseAltThree/ResolvedHandlerEndToEnd-16              	  130744	      9062 ns/op	     714 B/op	      22 allocs/op
BenchmarkPromisesV2/PromiseAltThree/ResolvedHandlerEndToEnd-16              	  141493	      9093 ns/op	     739 B/op	      23 allocs/op
BenchmarkPromisesV2/PromiseAltThree/ResolvedHandlerEndToEnd-16              	  136420	      9048 ns/op	     726 B/op	      22 allocs/op
BenchmarkPromisesV2/PromiseAltThree/ResolvedHandlerEndToEnd-16              	  128191	      9180 ns/op	     718 B/op	      22 allocs/op
BenchmarkPromisesV2/PromiseAltThree/FanOut100EndToEnd-16                    	   17144	     68725 ns/op	   14853 B/op	     432 allocs/op
BenchmarkPromisesV2/PromiseAltThree/FanOut100EndToEnd-16                    	   17161	     70121 ns/op	   14853 B/op	     432 allocs/op
BenchmarkPromisesV2/PromiseAltThree/FanOut100EndToEnd-16                    	   17386	     69857 ns/op	   14852 B/op	     432 allocs/op
BenchmarkPromisesV2/PromiseAltThree/FanOut100EndToEnd-16                    	   17194	     69712 ns/op	   14854 B/op	     432 allocs/op
BenchmarkPromisesV2/PromiseAltThree/FanOut100EndToEnd-16                    	   17211	     68868 ns/op	   14852 B/op	     432 allocs/op
BenchmarkPromisesV2/PromiseAltFour/ChainDepth100EndToEnd-16                 	   26890	     43627 ns/op	   30958 B/op	     638 allocs/op
BenchmarkPromisesV2/PromiseAltFour/ChainDepth100EndToEnd-16                 	   27212	     42866 ns/op	   30958 B/op	     638 allocs/op
BenchmarkPromisesV2/PromiseAltFour/ChainDepth100EndToEnd-16                 	   28011	     43669 ns/op	   30958 B/op	     638 allocs/op
BenchmarkPromisesV2/PromiseAltFour/ChainDepth100EndToEnd-16                 	   28209	     43045 ns/op	   30958 B/op	     638 allocs/op
BenchmarkPromisesV2/PromiseAltFour/ChainDepth100EndToEnd-16                 	   28358	     43553 ns/op	   30958 B/op	     638 allocs/op
BenchmarkPromisesV2/PromiseAltFour/ResolvedHandlerEndToEnd-16               	  124447	      9506 ns/op	     886 B/op	      24 allocs/op
BenchmarkPromisesV2/PromiseAltFour/ResolvedHandlerEndToEnd-16               	  134300	      8869 ns/op	     873 B/op	      24 allocs/op
BenchmarkPromisesV2/PromiseAltFour/ResolvedHandlerEndToEnd-16               	  138469	      9186 ns/op	     880 B/op	      24 allocs/op
BenchmarkPromisesV2/PromiseAltFour/ResolvedHandlerEndToEnd-16               	  133498	      8856 ns/op	     876 B/op	      24 allocs/op
BenchmarkPromisesV2/PromiseAltFour/ResolvedHandlerEndToEnd-16               	  131287	      9019 ns/op	     894 B/op	      25 allocs/op
BenchmarkPromisesV2/PromiseAltFour/FanOut100EndToEnd-16                     	   15547	     81059 ns/op	   43269 B/op	     739 allocs/op
BenchmarkPromisesV2/PromiseAltFour/FanOut100EndToEnd-16                     	   15082	     79824 ns/op	   43270 B/op	     739 allocs/op
BenchmarkPromisesV2/PromiseAltFour/FanOut100EndToEnd-16                     	   14919	     78757 ns/op	   43269 B/op	     739 allocs/op
BenchmarkPromisesV2/PromiseAltFour/FanOut100EndToEnd-16                     	   15301	     79016 ns/op	   43271 B/op	     739 allocs/op
BenchmarkPromisesV2/PromiseAltFour/FanOut100EndToEnd-16                     	   15399	     78725 ns/op	   43269 B/op	     739 allocs/op
BenchmarkPromisesV2/PromiseAltFour/Race100EndToEnd-16                       	   17068	     71532 ns/op	   56977 B/op	    1046 allocs/op
BenchmarkPromisesV2/PromiseAltFour/Race100EndToEnd-16                       	   16965	     69766 ns/op	   56982 B/op	    1047 allocs/op
BenchmarkPromisesV2/PromiseAltFour/Race100EndToEnd-16                       	   16713	     70166 ns/op	   56982 B/op	    1047 allocs/op
BenchmarkPromisesV2/PromiseAltFour/Race100EndToEnd-16                       	   17564	     69485 ns/op	   56982 B/op	    1047 allocs/op
BenchmarkPromisesV2/PromiseAltFour/Race100EndToEnd-16                       	   16740	     69611 ns/op	   56984 B/op	    1047 allocs/op
BenchmarkPromisesV2/PromiseAltFive/ChainDepth100EndToEnd-16                 	   40147	     30088 ns/op	   13067 B/op	     334 allocs/op
BenchmarkPromisesV2/PromiseAltFive/ChainDepth100EndToEnd-16                 	   40078	     29852 ns/op	   13066 B/op	     334 allocs/op
BenchmarkPromisesV2/PromiseAltFive/ChainDepth100EndToEnd-16                 	   39811	     29934 ns/op	   13066 B/op	     334 allocs/op
BenchmarkPromisesV2/PromiseAltFive/ChainDepth100EndToEnd-16                 	   39765	     30415 ns/op	   13066 B/op	     334 allocs/op
BenchmarkPromisesV2/PromiseAltFive/ChainDepth100EndToEnd-16                 	   40070	     30428 ns/op	   13065 B/op	     334 allocs/op
BenchmarkPromisesV2/PromiseAltFive/ResolvedHandlerEndToEnd-16               	  136254	      8381 ns/op	     703 B/op	      21 allocs/op
BenchmarkPromisesV2/PromiseAltFive/ResolvedHandlerEndToEnd-16               	  139212	      8473 ns/op	     722 B/op	      21 allocs/op
BenchmarkPromisesV2/PromiseAltFive/ResolvedHandlerEndToEnd-16               	  145936	      8375 ns/op	     704 B/op	      21 allocs/op
BenchmarkPromisesV2/PromiseAltFive/ResolvedHandlerEndToEnd-16               	  137000	      8297 ns/op	     711 B/op	      21 allocs/op
BenchmarkPromisesV2/PromiseAltFive/ResolvedHandlerEndToEnd-16               	  141488	      8261 ns/op	     697 B/op	      20 allocs/op
BenchmarkPromisesV2/PromiseAltFive/FanOut100EndToEnd-16                     	   17524	     68686 ns/op	   26220 B/op	     538 allocs/op
BenchmarkPromisesV2/PromiseAltFive/FanOut100EndToEnd-16                     	   17646	     67392 ns/op	   26224 B/op	     538 allocs/op
BenchmarkPromisesV2/PromiseAltFive/FanOut100EndToEnd-16                     	   17517	     67415 ns/op	   26223 B/op	     538 allocs/op
BenchmarkPromisesV2/PromiseAltFive/FanOut100EndToEnd-16                     	   17624	     68313 ns/op	   26221 B/op	     538 allocs/op
BenchmarkPromisesV2/PromiseAltFive/FanOut100EndToEnd-16                     	   17236	     70248 ns/op	   26222 B/op	     538 allocs/op
BenchmarkSchedulerPriorityLatency/Main-16                                   	   19741	     61768 ns/op	         0 externals_before_internal/op	      6916 priority_latency_ns/op	    2096 B/op	      71 allocs/op
BenchmarkSchedulerPriorityLatency/Main-16                                   	   19521	     61259 ns/op	         0 externals_before_internal/op	      5991 priority_latency_ns/op	    2096 B/op	      71 allocs/op
BenchmarkSchedulerPriorityLatency/Main-16                                   	   19962	     61781 ns/op	         0 externals_before_internal/op	      4793 priority_latency_ns/op	    2096 B/op	      71 allocs/op
BenchmarkSchedulerPriorityLatency/Main-16                                   	   19656	     62119 ns/op	         0 externals_before_internal/op	      5672 priority_latency_ns/op	    2096 B/op	      71 allocs/op
BenchmarkSchedulerPriorityLatency/Main-16                                   	   19292	     60874 ns/op	         0 externals_before_internal/op	      3878 priority_latency_ns/op	    2096 B/op	      71 allocs/op
BenchmarkSchedulerPriorityLatency/MainFastPathForced-16                     	   19558	     61896 ns/op	         0 externals_before_internal/op	      5146 priority_latency_ns/op	    2096 B/op	      71 allocs/op
BenchmarkSchedulerPriorityLatency/MainFastPathForced-16                     	   19502	     62011 ns/op	         0 externals_before_internal/op	      6339 priority_latency_ns/op	    2096 B/op	      71 allocs/op
BenchmarkSchedulerPriorityLatency/MainFastPathForced-16                     	   19662	     60993 ns/op	         0 externals_before_internal/op	      6485 priority_latency_ns/op	    2096 B/op	      71 allocs/op
BenchmarkSchedulerPriorityLatency/MainFastPathForced-16                     	   19288	     61954 ns/op	         0 externals_before_internal/op	      4968 priority_latency_ns/op	    2096 B/op	      71 allocs/op
BenchmarkSchedulerPriorityLatency/MainFastPathForced-16                     	   19261	     61282 ns/op	         0 externals_before_internal/op	      2895 priority_latency_ns/op	    2096 B/op	      71 allocs/op
BenchmarkSchedulerPriorityLatency/MainFastPathDisabled-16                   	   19141	     62328 ns/op	         0 externals_before_internal/op	      4198 priority_latency_ns/op	    2096 B/op	      71 allocs/op
BenchmarkSchedulerPriorityLatency/MainFastPathDisabled-16                   	   19165	     62155 ns/op	         0 externals_before_internal/op	      5661 priority_latency_ns/op	    2096 B/op	      71 allocs/op
BenchmarkSchedulerPriorityLatency/MainFastPathDisabled-16                   	   19431	     62370 ns/op	         0 externals_before_internal/op	      6708 priority_latency_ns/op	    2096 B/op	      71 allocs/op
BenchmarkSchedulerPriorityLatency/MainFastPathDisabled-16                   	   19405	     62011 ns/op	         0 externals_before_internal/op	      4737 priority_latency_ns/op	    2096 B/op	      71 allocs/op
BenchmarkSchedulerPriorityLatency/MainFastPathDisabled-16                   	   19526	     61575 ns/op	         0 externals_before_internal/op	      4592 priority_latency_ns/op	    2096 B/op	      71 allocs/op
BenchmarkSchedulerPriorityLatency/AlternateOne-16                           	   26283	     44582 ns/op	        64.00 externals_before_internal/op	     13803 priority_latency_ns/op	    2096 B/op	      71 allocs/op
BenchmarkSchedulerPriorityLatency/AlternateOne-16                           	   26846	     44918 ns/op	        64.00 externals_before_internal/op	      8499 priority_latency_ns/op	    2096 B/op	      71 allocs/op
BenchmarkSchedulerPriorityLatency/AlternateOne-16                           	   26318	     44947 ns/op	        64.00 externals_before_internal/op	      8921 priority_latency_ns/op	    2096 B/op	      71 allocs/op
BenchmarkSchedulerPriorityLatency/AlternateOne-16                           	   26602	     44630 ns/op	        64.00 externals_before_internal/op	      9082 priority_latency_ns/op	    2096 B/op	      71 allocs/op
BenchmarkSchedulerPriorityLatency/AlternateOne-16                           	   26689	     44897 ns/op	        64.00 externals_before_internal/op	     11781 priority_latency_ns/op	    2096 B/op	      71 allocs/op
BenchmarkSchedulerPriorityLatency/AlternateTwo-16                           	   24516	     48442 ns/op	         0 externals_before_internal/op	      8342 priority_latency_ns/op	    2119 B/op	      71 allocs/op
BenchmarkSchedulerPriorityLatency/AlternateTwo-16                           	   24285	     48818 ns/op	         0 externals_before_internal/op	      5309 priority_latency_ns/op	    2112 B/op	      71 allocs/op
BenchmarkSchedulerPriorityLatency/AlternateTwo-16                           	   24813	     48080 ns/op	         0 externals_before_internal/op	      6600 priority_latency_ns/op	    2112 B/op	      71 allocs/op
BenchmarkSchedulerPriorityLatency/AlternateTwo-16                           	   25071	     47814 ns/op	         0 externals_before_internal/op	      6076 priority_latency_ns/op	    2112 B/op	      71 allocs/op
BenchmarkSchedulerPriorityLatency/AlternateTwo-16                           	   24052	     47656 ns/op	         0 externals_before_internal/op	      6611 priority_latency_ns/op	    2112 B/op	      71 allocs/op
BenchmarkSchedulerPriorityLatency/AlternateThree-16                         	   29158	     41364 ns/op	         0 externals_before_internal/op	      7152 priority_latency_ns/op	    2096 B/op	      71 allocs/op
BenchmarkSchedulerPriorityLatency/AlternateThree-16                         	   29259	     41092 ns/op	         0 externals_before_internal/op	      9831 priority_latency_ns/op	    2096 B/op	      71 allocs/op
BenchmarkSchedulerPriorityLatency/AlternateThree-16                         	   29181	     41760 ns/op	         0 externals_before_internal/op	      4553 priority_latency_ns/op	    2096 B/op	      71 allocs/op
BenchmarkSchedulerPriorityLatency/AlternateThree-16                         	   28754	     40552 ns/op	         0 externals_before_internal/op	      5153 priority_latency_ns/op	    2096 B/op	      71 allocs/op
BenchmarkSchedulerPriorityLatency/AlternateThree-16                         	   29360	     40862 ns/op	         0 externals_before_internal/op	      6177 priority_latency_ns/op	    2096 B/op	      71 allocs/op
BenchmarkSchedulerPriorityLatency/Baseline-16                               	   50121	     24120 ns/op	        64.00 externals_before_internal/op	      2273 priority_latency_ns/op	    4736 B/op	     203 allocs/op
BenchmarkSchedulerPriorityLatency/Baseline-16                               	   50059	     23967 ns/op	        64.00 externals_before_internal/op	      3239 priority_latency_ns/op	    4736 B/op	     203 allocs/op
BenchmarkSchedulerPriorityLatency/Baseline-16                               	   49778	     24067 ns/op	        64.00 externals_before_internal/op	      4870 priority_latency_ns/op	    4736 B/op	     203 allocs/op
BenchmarkSchedulerPriorityLatency/Baseline-16                               	   49821	     24064 ns/op	        64.00 externals_before_internal/op	      3761 priority_latency_ns/op	    4736 B/op	     203 allocs/op
BenchmarkSchedulerPriorityLatency/Baseline-16                               	   49526	     24213 ns/op	        64.00 externals_before_internal/op	      2965 priority_latency_ns/op	    4736 B/op	     203 allocs/op
BenchmarkSubmitInternalChainHandoff/Main-16                                 	   36180	     33294 ns/op	        32.00 handoffs/op	     784 B/op	      33 allocs/op
BenchmarkSubmitInternalChainHandoff/Main-16                                 	   37180	     33586 ns/op	        32.00 handoffs/op	     784 B/op	      33 allocs/op
BenchmarkSubmitInternalChainHandoff/Main-16                                 	   35922	     33241 ns/op	        32.00 handoffs/op	     784 B/op	      33 allocs/op
BenchmarkSubmitInternalChainHandoff/Main-16                                 	   36338	     32900 ns/op	        32.00 handoffs/op	     784 B/op	      33 allocs/op
BenchmarkSubmitInternalChainHandoff/Main-16                                 	   36483	     32713 ns/op	        32.00 handoffs/op	     784 B/op	      33 allocs/op
BenchmarkSubmitInternalChainHandoff/MainFastPathForced-16                   	   35703	     32790 ns/op	        32.00 handoffs/op	     784 B/op	      33 allocs/op
BenchmarkSubmitInternalChainHandoff/MainFastPathForced-16                   	   36014	     32959 ns/op	        32.00 handoffs/op	     784 B/op	      33 allocs/op
BenchmarkSubmitInternalChainHandoff/MainFastPathForced-16                   	   36394	     33817 ns/op	        32.00 handoffs/op	     784 B/op	      33 allocs/op
BenchmarkSubmitInternalChainHandoff/MainFastPathForced-16                   	   35757	     33850 ns/op	        32.00 handoffs/op	     784 B/op	      33 allocs/op
BenchmarkSubmitInternalChainHandoff/MainFastPathForced-16                   	   36465	     32913 ns/op	        32.00 handoffs/op	     784 B/op	      33 allocs/op
BenchmarkSubmitInternalChainHandoff/MainFastPathDisabled-16                 	   31080	     39106 ns/op	        32.00 handoffs/op	     784 B/op	      33 allocs/op
BenchmarkSubmitInternalChainHandoff/MainFastPathDisabled-16                 	   31039	     38994 ns/op	        32.00 handoffs/op	     784 B/op	      33 allocs/op
BenchmarkSubmitInternalChainHandoff/MainFastPathDisabled-16                 	   31753	     38745 ns/op	        32.00 handoffs/op	     784 B/op	      33 allocs/op
BenchmarkSubmitInternalChainHandoff/MainFastPathDisabled-16                 	   31364	     39661 ns/op	        32.00 handoffs/op	     784 B/op	      33 allocs/op
BenchmarkSubmitInternalChainHandoff/MainFastPathDisabled-16                 	   31366	     39226 ns/op	        32.00 handoffs/op	     784 B/op	      33 allocs/op
BenchmarkSubmitInternalChainHandoff/AlternateOne-16                         	   81902	     15489 ns/op	        32.00 handoffs/op	     784 B/op	      33 allocs/op
BenchmarkSubmitInternalChainHandoff/AlternateOne-16                         	   79690	     15089 ns/op	        32.00 handoffs/op	     784 B/op	      33 allocs/op
BenchmarkSubmitInternalChainHandoff/AlternateOne-16                         	   77497	     14862 ns/op	        32.00 handoffs/op	     784 B/op	      33 allocs/op
BenchmarkSubmitInternalChainHandoff/AlternateOne-16                         	   78116	     15242 ns/op	        32.00 handoffs/op	     784 B/op	      33 allocs/op
BenchmarkSubmitInternalChainHandoff/AlternateOne-16                         	   77899	     15208 ns/op	        32.00 handoffs/op	     784 B/op	      33 allocs/op
BenchmarkSubmitInternalChainHandoff/AlternateTwo-16                         	   74768	     16160 ns/op	        32.00 handoffs/op	     784 B/op	      33 allocs/op
BenchmarkSubmitInternalChainHandoff/AlternateTwo-16                         	   74299	     16325 ns/op	        32.00 handoffs/op	     784 B/op	      33 allocs/op
BenchmarkSubmitInternalChainHandoff/AlternateTwo-16                         	   76066	     16308 ns/op	        32.00 handoffs/op	     784 B/op	      33 allocs/op
BenchmarkSubmitInternalChainHandoff/AlternateTwo-16                         	   73918	     16382 ns/op	        32.00 handoffs/op	     784 B/op	      33 allocs/op
BenchmarkSubmitInternalChainHandoff/AlternateTwo-16                         	   75936	     15605 ns/op	        32.00 handoffs/op	     784 B/op	      33 allocs/op
BenchmarkSubmitInternalChainHandoff/AlternateThree-16                       	   74196	     15964 ns/op	        32.00 handoffs/op	     784 B/op	      33 allocs/op
BenchmarkSubmitInternalChainHandoff/AlternateThree-16                       	   72541	     16127 ns/op	        32.00 handoffs/op	     784 B/op	      33 allocs/op
BenchmarkSubmitInternalChainHandoff/AlternateThree-16                       	   72636	     16015 ns/op	        32.00 handoffs/op	     784 B/op	      33 allocs/op
BenchmarkSubmitInternalChainHandoff/AlternateThree-16                       	   74960	     16336 ns/op	        32.00 handoffs/op	     784 B/op	      33 allocs/op
BenchmarkSubmitInternalChainHandoff/AlternateThree-16                       	   75446	     15927 ns/op	        32.00 handoffs/op	     784 B/op	      33 allocs/op
BenchmarkSubmitInternalChainHandoff/Baseline-16                             	  174285	      6981 ns/op	        32.00 handoffs/op	    2104 B/op	      99 allocs/op
BenchmarkSubmitInternalChainHandoff/Baseline-16                             	  174595	      6981 ns/op	        32.00 handoffs/op	    2104 B/op	      99 allocs/op
BenchmarkSubmitInternalChainHandoff/Baseline-16                             	  178797	      6972 ns/op	        32.00 handoffs/op	    2104 B/op	      99 allocs/op
BenchmarkSubmitInternalChainHandoff/Baseline-16                             	  169578	      6943 ns/op	        32.00 handoffs/op	    2104 B/op	      99 allocs/op
BenchmarkSubmitInternalChainHandoff/Baseline-16                             	  168792	      6966 ns/op	        32.00 handoffs/op	    2104 B/op	      99 allocs/op
BenchmarkSchedulerInternalExternalBurst/Main-16                             	  913526	      1354 ns/op	     199 B/op	       2 allocs/op
BenchmarkSchedulerInternalExternalBurst/Main-16                             	  966322	      1350 ns/op	     188 B/op	       2 allocs/op
BenchmarkSchedulerInternalExternalBurst/Main-16                             	  966400	      1296 ns/op	     183 B/op	       2 allocs/op
BenchmarkSchedulerInternalExternalBurst/Main-16                             	  970339	      1338 ns/op	     192 B/op	       2 allocs/op
BenchmarkSchedulerInternalExternalBurst/Main-16                             	  949118	      1311 ns/op	     188 B/op	       2 allocs/op
BenchmarkSchedulerInternalExternalBurst/MainFastPathForced-16               	  938313	      1341 ns/op	     183 B/op	       2 allocs/op
BenchmarkSchedulerInternalExternalBurst/MainFastPathForced-16               	  961707	      1318 ns/op	     193 B/op	       2 allocs/op
BenchmarkSchedulerInternalExternalBurst/MainFastPathForced-16               	  959209	      1340 ns/op	     194 B/op	       2 allocs/op
BenchmarkSchedulerInternalExternalBurst/MainFastPathForced-16               	  867114	      1320 ns/op	     177 B/op	       2 allocs/op
BenchmarkSchedulerInternalExternalBurst/MainFastPathForced-16               	  973141	      1383 ns/op	     193 B/op	       2 allocs/op
BenchmarkSchedulerInternalExternalBurst/MainFastPathDisabled-16             	  849424	      1328 ns/op	     184 B/op	       2 allocs/op
BenchmarkSchedulerInternalExternalBurst/MainFastPathDisabled-16             	  857380	      1315 ns/op	     173 B/op	       2 allocs/op
BenchmarkSchedulerInternalExternalBurst/MainFastPathDisabled-16             	  965437	      1359 ns/op	     177 B/op	       2 allocs/op
BenchmarkSchedulerInternalExternalBurst/MainFastPathDisabled-16             	  981883	      1333 ns/op	     181 B/op	       2 allocs/op
BenchmarkSchedulerInternalExternalBurst/MainFastPathDisabled-16             	  858460	      1349 ns/op	     177 B/op	       2 allocs/op
BenchmarkSchedulerInternalExternalBurst/AlternateOne-16                     	 6750697	       178.9 ns/op	      38 B/op	       2 allocs/op
BenchmarkSchedulerInternalExternalBurst/AlternateOne-16                     	 6480100	       189.6 ns/op	      50 B/op	       2 allocs/op
BenchmarkSchedulerInternalExternalBurst/AlternateOne-16                     	 6565323	       183.4 ns/op	      53 B/op	       2 allocs/op
BenchmarkSchedulerInternalExternalBurst/AlternateOne-16                     	 6498418	       179.3 ns/op	      35 B/op	       2 allocs/op
BenchmarkSchedulerInternalExternalBurst/AlternateOne-16                     	 6583989	       183.7 ns/op	      50 B/op	       2 allocs/op
BenchmarkSchedulerInternalExternalBurst/AlternateTwo-16                     	 2268722	       521.1 ns/op	      33 B/op	       2 allocs/op
BenchmarkSchedulerInternalExternalBurst/AlternateTwo-16                     	 2556765	       523.8 ns/op	      32 B/op	       2 allocs/op
BenchmarkSchedulerInternalExternalBurst/AlternateTwo-16                     	 2430806	       518.4 ns/op	      32 B/op	       2 allocs/op
BenchmarkSchedulerInternalExternalBurst/AlternateTwo-16                     	 2352422	       512.9 ns/op	      32 B/op	       2 allocs/op
BenchmarkSchedulerInternalExternalBurst/AlternateTwo-16                     	 2462317	       531.7 ns/op	      33 B/op	       2 allocs/op
BenchmarkSchedulerInternalExternalBurst/AlternateThree-16                   	 8433397	       155.4 ns/op	      32 B/op	       2 allocs/op
BenchmarkSchedulerInternalExternalBurst/AlternateThree-16                   	 8570895	       152.3 ns/op	      32 B/op	       2 allocs/op
BenchmarkSchedulerInternalExternalBurst/AlternateThree-16                   	 8477048	       156.6 ns/op	      32 B/op	       2 allocs/op
BenchmarkSchedulerInternalExternalBurst/AlternateThree-16                   	 8021449	       152.1 ns/op	      32 B/op	       2 allocs/op
BenchmarkSchedulerInternalExternalBurst/AlternateThree-16                   	 8234936	       152.3 ns/op	      32 B/op	       2 allocs/op
BenchmarkSchedulerInternalExternalBurst/Baseline-16                         	 5021859	       228.8 ns/op	     112 B/op	       6 allocs/op
BenchmarkSchedulerInternalExternalBurst/Baseline-16                         	 5091787	       237.4 ns/op	     112 B/op	       6 allocs/op
BenchmarkSchedulerInternalExternalBurst/Baseline-16                         	 5133765	       232.2 ns/op	     112 B/op	       6 allocs/op
BenchmarkSchedulerInternalExternalBurst/Baseline-16                         	 5147152	       231.3 ns/op	     112 B/op	       6 allocs/op
BenchmarkSchedulerInternalExternalBurst/Baseline-16                         	 5117553	       236.8 ns/op	     112 B/op	       6 allocs/op
PASS
ok  	github.com/joeycumines/go-eventloop/internal/tournament	3428.848s
tournament: lane=promise
go -C C:/Users/under/AppData/Local/Temp/wsl-run-fac3e2b3-d910-4fd2-b06e-36ccdc581dac/eventloop test -bench='^Benchmark(Tournament|ChainDepth)$' -benchmem -count=5 -run='^$' -benchtime=1s -timeout=30m ./internal/promisetournament
goos: windows
goarch: amd64
pkg: github.com/joeycumines/go-eventloop/internal/promisetournament
cpu: Intel(R) Core(TM) i9-9900K CPU @ 3.60GHz
BenchmarkTournament/ChainedPromise-16         	  181770	      6202 ns/op	     803 B/op	      23 allocs/op
BenchmarkTournament/ChainedPromise-16         	  196533	      6105 ns/op	     803 B/op	      23 allocs/op
BenchmarkTournament/ChainedPromise-16         	  196465	      6121 ns/op	     802 B/op	      23 allocs/op
BenchmarkTournament/ChainedPromise-16         	  191479	      6289 ns/op	     801 B/op	      23 allocs/op
BenchmarkTournament/ChainedPromise-16         	  193719	      6208 ns/op	     802 B/op	      23 allocs/op
BenchmarkTournament/PromiseAltOne-16          	  212491	      5332 ns/op	     754 B/op	      21 allocs/op
BenchmarkTournament/PromiseAltOne-16          	  223810	      5355 ns/op	     755 B/op	      21 allocs/op
BenchmarkTournament/PromiseAltOne-16          	  225046	      5327 ns/op	     756 B/op	      21 allocs/op
BenchmarkTournament/PromiseAltOne-16          	  210354	      5297 ns/op	     752 B/op	      21 allocs/op
BenchmarkTournament/PromiseAltOne-16          	  219139	      5308 ns/op	     756 B/op	      21 allocs/op
BenchmarkTournament/PromiseAltTwo-16          	  225660	      5508 ns/op	     744 B/op	      23 allocs/op
BenchmarkTournament/PromiseAltTwo-16          	  214384	      5514 ns/op	     746 B/op	      23 allocs/op
BenchmarkTournament/PromiseAltTwo-16          	  218431	      5506 ns/op	     747 B/op	      23 allocs/op
BenchmarkTournament/PromiseAltTwo-16          	  216900	      5454 ns/op	     745 B/op	      23 allocs/op
BenchmarkTournament/PromiseAltTwo-16          	  215520	      5483 ns/op	     741 B/op	      23 allocs/op
BenchmarkTournament/PromiseAltThree-16        	  205597	      5929 ns/op	     695 B/op	      22 allocs/op
BenchmarkTournament/PromiseAltThree-16        	  204750	      5918 ns/op	     698 B/op	      22 allocs/op
BenchmarkTournament/PromiseAltThree-16        	  197474	      5882 ns/op	     700 B/op	      22 allocs/op
BenchmarkTournament/PromiseAltThree-16        	  200371	      5886 ns/op	     696 B/op	      22 allocs/op
BenchmarkTournament/PromiseAltThree-16        	  197973	      5919 ns/op	     699 B/op	      22 allocs/op
BenchmarkTournament/PromiseAltFour-16         	  190626	      6006 ns/op	    1219 B/op	      29 allocs/op
BenchmarkTournament/PromiseAltFour-16         	  201402	      5967 ns/op	    1217 B/op	      29 allocs/op
BenchmarkTournament/PromiseAltFour-16         	  199916	      5923 ns/op	    1215 B/op	      29 allocs/op
BenchmarkTournament/PromiseAltFour-16         	  201261	      5985 ns/op	    1215 B/op	      29 allocs/op
BenchmarkTournament/PromiseAltFour-16         	  198967	      5966 ns/op	    1218 B/op	      29 allocs/op
BenchmarkTournament/PromiseAltFive-16         	  222627	      5392 ns/op	     735 B/op	      21 allocs/op
BenchmarkTournament/PromiseAltFive-16         	  218538	      5315 ns/op	     730 B/op	      21 allocs/op
BenchmarkTournament/PromiseAltFive-16         	  216799	      5399 ns/op	     735 B/op	      21 allocs/op
BenchmarkTournament/PromiseAltFive-16         	  222831	      5330 ns/op	     732 B/op	      21 allocs/op
BenchmarkTournament/PromiseAltFive-16         	  224784	      5257 ns/op	     734 B/op	      21 allocs/op
BenchmarkChainDepth/ChainedPromise/Depth=10-16         	  125712	      9473 ns/op	    2118 B/op	      51 allocs/op
BenchmarkChainDepth/ChainedPromise/Depth=10-16         	  124946	      9580 ns/op	    2117 B/op	      51 allocs/op
BenchmarkChainDepth/ChainedPromise/Depth=10-16         	  124927	      9591 ns/op	    2117 B/op	      51 allocs/op
BenchmarkChainDepth/ChainedPromise/Depth=10-16         	  124389	      9608 ns/op	    2118 B/op	      51 allocs/op
BenchmarkChainDepth/ChainedPromise/Depth=10-16         	  126262	      9488 ns/op	    2117 B/op	      51 allocs/op
BenchmarkChainDepth/ChainedPromise/Depth=100-16        	   35802	     33791 ns/op	   15087 B/op	     321 allocs/op
BenchmarkChainDepth/ChainedPromise/Depth=100-16        	   35826	     34300 ns/op	   15087 B/op	     321 allocs/op
BenchmarkChainDepth/ChainedPromise/Depth=100-16        	   35469	     33672 ns/op	   15087 B/op	     321 allocs/op
BenchmarkChainDepth/ChainedPromise/Depth=100-16        	   35786	     33651 ns/op	   15087 B/op	     321 allocs/op
BenchmarkChainDepth/ChainedPromise/Depth=100-16        	   35818	     33699 ns/op	   15087 B/op	     321 allocs/op
BenchmarkChainDepth/PromiseAltOne/Depth=10-16          	  157378	      7963 ns/op	    2091 B/op	      50 allocs/op
BenchmarkChainDepth/PromiseAltOne/Depth=10-16          	  147397	      7947 ns/op	    2090 B/op	      50 allocs/op
BenchmarkChainDepth/PromiseAltOne/Depth=10-16          	  151581	      7930 ns/op	    2090 B/op	      50 allocs/op
BenchmarkChainDepth/PromiseAltOne/Depth=10-16          	  150765	      8046 ns/op	    2090 B/op	      50 allocs/op
BenchmarkChainDepth/PromiseAltOne/Depth=10-16          	  150724	      7918 ns/op	    2092 B/op	      50 allocs/op
BenchmarkChainDepth/PromiseAltOne/Depth=100-16         	   50524	     23921 ns/op	   15071 B/op	     320 allocs/op
BenchmarkChainDepth/PromiseAltOne/Depth=100-16         	   48752	     23757 ns/op	   15072 B/op	     320 allocs/op
BenchmarkChainDepth/PromiseAltOne/Depth=100-16         	   50605	     23703 ns/op	   15071 B/op	     320 allocs/op
BenchmarkChainDepth/PromiseAltOne/Depth=100-16         	   48322	     23885 ns/op	   15071 B/op	     320 allocs/op
BenchmarkChainDepth/PromiseAltOne/Depth=100-16         	   50320	     23964 ns/op	   15071 B/op	     320 allocs/op
BenchmarkChainDepth/PromiseAltTwo/Depth=10-16          	  148298	      8090 ns/op	    2072 B/op	      61 allocs/op
BenchmarkChainDepth/PromiseAltTwo/Depth=10-16          	  147206	      8264 ns/op	    2074 B/op	      61 allocs/op
BenchmarkChainDepth/PromiseAltTwo/Depth=10-16          	  148388	      8194 ns/op	    2074 B/op	      61 allocs/op
BenchmarkChainDepth/PromiseAltTwo/Depth=10-16          	  149230	      8183 ns/op	    2075 B/op	      61 allocs/op
BenchmarkChainDepth/PromiseAltTwo/Depth=10-16          	  150775	      8084 ns/op	    2073 B/op	      61 allocs/op
BenchmarkChainDepth/PromiseAltTwo/Depth=100-16         	   48781	     25001 ns/op	   15055 B/op	     421 allocs/op
BenchmarkChainDepth/PromiseAltTwo/Depth=100-16         	   48680	     24826 ns/op	   15056 B/op	     421 allocs/op
BenchmarkChainDepth/PromiseAltTwo/Depth=100-16         	   48735	     24945 ns/op	   15056 B/op	     421 allocs/op
BenchmarkChainDepth/PromiseAltTwo/Depth=100-16         	   49024	     25340 ns/op	   15056 B/op	     421 allocs/op
BenchmarkChainDepth/PromiseAltTwo/Depth=100-16         	   48682	     24859 ns/op	   15056 B/op	     421 allocs/op
BenchmarkChainDepth/PromiseAltThree/Depth=10-16        	  119412	      9902 ns/op	    1739 B/op	      50 allocs/op
BenchmarkChainDepth/PromiseAltThree/Depth=10-16        	  123290	      9768 ns/op	    1738 B/op	      50 allocs/op
BenchmarkChainDepth/PromiseAltThree/Depth=10-16        	  123464	      9706 ns/op	    1738 B/op	      50 allocs/op
BenchmarkChainDepth/PromiseAltThree/Depth=10-16        	  122911	      9726 ns/op	    1738 B/op	      50 allocs/op
BenchmarkChainDepth/PromiseAltThree/Depth=10-16        	  120595	      9809 ns/op	    1738 B/op	      50 allocs/op
BenchmarkChainDepth/PromiseAltThree/Depth=100-16       	   45861	     26126 ns/op	   11901 B/op	     321 allocs/op
BenchmarkChainDepth/PromiseAltThree/Depth=100-16       	   44613	     26587 ns/op	   11900 B/op	     321 allocs/op
BenchmarkChainDepth/PromiseAltThree/Depth=100-16       	   45886	     26185 ns/op	   11903 B/op	     321 allocs/op
BenchmarkChainDepth/PromiseAltThree/Depth=100-16       	   45560	     26041 ns/op	   11901 B/op	     321 allocs/op
BenchmarkChainDepth/PromiseAltThree/Depth=100-16       	   45603	     26151 ns/op	   11901 B/op	     321 allocs/op
BenchmarkChainDepth/PromiseAltFour/Depth=10-16         	  119583	     10116 ns/op	    3987 B/op	      84 allocs/op
BenchmarkChainDepth/PromiseAltFour/Depth=10-16         	  117981	     10034 ns/op	    3987 B/op	      84 allocs/op
BenchmarkChainDepth/PromiseAltFour/Depth=10-16         	  116430	     10057 ns/op	    3987 B/op	      84 allocs/op
BenchmarkChainDepth/PromiseAltFour/Depth=10-16         	  118050	     10107 ns/op	    3988 B/op	      84 allocs/op
BenchmarkChainDepth/PromiseAltFour/Depth=10-16         	  119301	     10184 ns/op	    3987 B/op	      84 allocs/op
BenchmarkChainDepth/PromiseAltFour/Depth=100-16        	   35628	     33484 ns/op	   31351 B/op	     624 allocs/op
BenchmarkChainDepth/PromiseAltFour/Depth=100-16        	   36033	     33588 ns/op	   31352 B/op	     624 allocs/op
BenchmarkChainDepth/PromiseAltFour/Depth=100-16        	   35973	     33897 ns/op	   31352 B/op	     624 allocs/op
BenchmarkChainDepth/PromiseAltFour/Depth=100-16        	   36056	     33632 ns/op	   31352 B/op	     624 allocs/op
BenchmarkChainDepth/PromiseAltFour/Depth=100-16        	   34888	     33754 ns/op	   31352 B/op	     624 allocs/op
BenchmarkChainDepth/PromiseAltFive/Depth=10-16         	  150442	      7883 ns/op	    1920 B/op	      50 allocs/op
BenchmarkChainDepth/PromiseAltFive/Depth=10-16         	  151327	      7874 ns/op	    1921 B/op	      50 allocs/op
BenchmarkChainDepth/PromiseAltFive/Depth=10-16         	  152910	      7894 ns/op	    1919 B/op	      50 allocs/op
BenchmarkChainDepth/PromiseAltFive/Depth=10-16         	  153296	      7810 ns/op	    1921 B/op	      50 allocs/op
BenchmarkChainDepth/PromiseAltFive/Depth=10-16         	  151404	      7790 ns/op	    1923 B/op	      50 allocs/op
BenchmarkChainDepth/PromiseAltFive/Depth=100-16        	   52136	     23675 ns/op	   13463 B/op	     320 allocs/op
BenchmarkChainDepth/PromiseAltFive/Depth=100-16        	   51856	     23476 ns/op	   13464 B/op	     320 allocs/op
BenchmarkChainDepth/PromiseAltFive/Depth=100-16        	   51771	     23305 ns/op	   13463 B/op	     320 allocs/op
BenchmarkChainDepth/PromiseAltFive/Depth=100-16        	   51926	     23142 ns/op	   13464 B/op	     320 allocs/op
BenchmarkChainDepth/PromiseAltFive/Depth=100-16        	   46816	     23035 ns/op	   13463 B/op	     320 allocs/op
PASS
ok  	github.com/joeycumines/go-eventloop/internal/promisetournament	120.871s
tournament: meta=libuv-version=1.52.0
go -C C:/Users/under/AppData/Local/Temp/wsl-run-fac3e2b3-d910-4fd2-b06e-36ccdc581dac/eventloop test -tags=libuv -count=1 -timeout=5m  ./internal/libuvbaseline
ok  	github.com/joeycumines/go-eventloop/internal/libuvbaseline	0.594s
tournament: lane=libuv
tournament: libuv-phase=v2
go -C C:/Users/under/AppData/Local/Temp/wsl-run-fac3e2b3-d910-4fd2-b06e-36ccdc581dac/eventloop test -tags=libuv -bench='^BenchmarkLibuv_(AsyncSendV2|TimerScheduleAndFireV2|TimerBatchOneShot100V2|TimerCrossThreadV2)$' -benchmem -count=5 -run='^$' -benchtime=1s -timeout=30m ./internal/libuvbaseline
goos: windows
goarch: amd64
pkg: github.com/joeycumines/go-eventloop/internal/libuvbaseline
cpu: Intel(R) Core(TM) i9-9900K CPU @ 3.60GHz
BenchmarkLibuv_AsyncSendV2-16               	  463912	      2252 ns/op	     128 B/op	       2 allocs/op
BenchmarkLibuv_AsyncSendV2-16               	  468244	      2642 ns/op	     128 B/op	       2 allocs/op
BenchmarkLibuv_AsyncSendV2-16               	  549060	      2561 ns/op	     128 B/op	       2 allocs/op
BenchmarkLibuv_AsyncSendV2-16               	  594789	      2224 ns/op	     128 B/op	       2 allocs/op
BenchmarkLibuv_AsyncSendV2-16               	  320026	      3127 ns/op	     128 B/op	       2 allocs/op
BenchmarkLibuv_TimerScheduleAndFireV2-16    	 3916040	       310.8 ns/op	       8 B/op	       1 allocs/op
BenchmarkLibuv_TimerScheduleAndFireV2-16    	 3770994	       311.7 ns/op	       8 B/op	       1 allocs/op
BenchmarkLibuv_TimerScheduleAndFireV2-16    	 3823692	       314.4 ns/op	       8 B/op	       1 allocs/op
BenchmarkLibuv_TimerScheduleAndFireV2-16    	 3883675	       308.2 ns/op	       8 B/op	       1 allocs/op
BenchmarkLibuv_TimerScheduleAndFireV2-16    	 3829256	       310.2 ns/op	       8 B/op	       1 allocs/op
BenchmarkLibuv_TimerBatchOneShot100V2-16    	  217941	      5464 ns/op	       8 B/op	       1 allocs/op
BenchmarkLibuv_TimerBatchOneShot100V2-16    	  219325	      5520 ns/op	       8 B/op	       1 allocs/op
BenchmarkLibuv_TimerBatchOneShot100V2-16    	  219591	      5463 ns/op	       8 B/op	       1 allocs/op
BenchmarkLibuv_TimerBatchOneShot100V2-16    	  215550	      5474 ns/op	       8 B/op	       1 allocs/op
BenchmarkLibuv_TimerBatchOneShot100V2-16    	  218926	      5480 ns/op	       8 B/op	       1 allocs/op
BenchmarkLibuv_TimerCrossThreadV2-16        	  384435	      3025 ns/op	     128 B/op	       2 allocs/op
BenchmarkLibuv_TimerCrossThreadV2-16        	  521542	      2396 ns/op	     128 B/op	       2 allocs/op
BenchmarkLibuv_TimerCrossThreadV2-16        	  369810	      4033 ns/op	     128 B/op	       2 allocs/op
BenchmarkLibuv_TimerCrossThreadV2-16        	  527014	      2497 ns/op	     128 B/op	       2 allocs/op
BenchmarkLibuv_TimerCrossThreadV2-16        	  376513	      4036 ns/op	     128 B/op	       2 allocs/op
PASS
ok  	github.com/joeycumines/go-eventloop/internal/libuvbaseline	31.780s
tournament: libuv-phase=legacy
go -C C:/Users/under/AppData/Local/Temp/wsl-run-fac3e2b3-d910-4fd2-b06e-36ccdc581dac/eventloop test -tags=libuv -bench='^BenchmarkLibuv_(AsyncSend|TimerScheduleAndFire|TimerRepeat|TimerCrossThread)$' -benchmem -count=5 -run='^$' -benchtime=1s -timeout=30m ./internal/libuvbaseline
goos: windows
goarch: amd64
pkg: github.com/joeycumines/go-eventloop/internal/libuvbaseline
cpu: Intel(R) Core(TM) i9-9900K CPU @ 3.60GHz
BenchmarkLibuv_AsyncSend-16               	   89034	     13032 ns/op	       0 B/op	       0 allocs/op
BenchmarkLibuv_AsyncSend-16               	   89115	     11289 ns/op	       0 B/op	       0 allocs/op
BenchmarkLibuv_AsyncSend-16               	  180194	      7361 ns/op	       0 B/op	       0 allocs/op
BenchmarkLibuv_AsyncSend-16               	   86510	     12635 ns/op	       0 B/op	       0 allocs/op
BenchmarkLibuv_AsyncSend-16               	   92641	     13180 ns/op	       0 B/op	       0 allocs/op
BenchmarkLibuv_TimerScheduleAndFire-16    	14677982	        80.98 ns/op	       0 B/op	       0 allocs/op
BenchmarkLibuv_TimerScheduleAndFire-16    	14277164	        82.51 ns/op	       0 B/op	       0 allocs/op
BenchmarkLibuv_TimerScheduleAndFire-16    	13672672	        83.75 ns/op	       0 B/op	       0 allocs/op
BenchmarkLibuv_TimerScheduleAndFire-16    	14694950	        82.77 ns/op	       0 B/op	       0 allocs/op
BenchmarkLibuv_TimerScheduleAndFire-16    	14393734	        81.10 ns/op	       0 B/op	       0 allocs/op
BenchmarkLibuv_TimerRepeat-16             	  219673	      5281 ns/op	       0 B/op	       0 allocs/op
BenchmarkLibuv_TimerRepeat-16             	  229052	      5214 ns/op	       0 B/op	       0 allocs/op
BenchmarkLibuv_TimerRepeat-16             	  222482	      5381 ns/op	       0 B/op	       0 allocs/op
BenchmarkLibuv_TimerRepeat-16             	  220256	      5266 ns/op	       0 B/op	       0 allocs/op
BenchmarkLibuv_TimerRepeat-16             	  229140	      5407 ns/op	       0 B/op	       0 allocs/op
BenchmarkLibuv_TimerCrossThread-16        	  162616	     10770 ns/op	       0 B/op	       0 allocs/op
BenchmarkLibuv_TimerCrossThread-16        	  156648	     10816 ns/op	       0 B/op	       0 allocs/op
BenchmarkLibuv_TimerCrossThread-16        	  179872	      7377 ns/op	       0 B/op	       0 allocs/op
BenchmarkLibuv_TimerCrossThread-16        	  162585	     10610 ns/op	       0 B/op	       0 allocs/op
BenchmarkLibuv_TimerCrossThread-16        	  117288	     10978 ns/op	       0 B/op	       0 allocs/op
PASS
ok  	github.com/joeycumines/go-eventloop/internal/libuvbaseline	31.718s
tournament: complete
